Institution Name,Location Classification,Program Type,Land Area (Acres),Number of Classrooms,Number of Tutorial Rooms,Number of PG Labs,Number of Workshops,Computer Center Area (sqm),Library Area (sqm),Seminar Hall Area (sqm),Total Student Intake,Approval Status
Institution_4947,Rural,UG,12.28,16,4,0,12,204,550,132,546,Approved
Institution_6101,Non-Rural,Diploma,0.58,12,3,0,9,257,400,132,322,Not Approved
Institution_5459,Non-Rural,Combined,2.57,12,3,30,6,152,450,132,366,Approved
Institution_7937,Non-Rural,Combined,3.42,12,3,30,9,263,400,132,203,Approved
Institution_3454,Rural,Diploma,3.52,8,2,0,2,190,600,132,127,Not Approved
Institution_7325,Rural,PG,14.4,20,5,50,5,241,400,132,349,Approved
Institution_2550,Rural,Diploma,2.2,4,1,0,1,236,650,132,271,Not Approved
Institution_7826,Rural,PG,9.53,16,4,40,8,150,550,132,136,Not Approved
Institution_1357,Non-Rural,UG,4.7,4,1,0,2,250,550,132,273,Approved
Institution_1770,Non-Rural,PG,2.85,12,3,30,6,279,400,132,514,Approved
Institution_1670,Non-Rural,UG,4.93,16,4,0,16,174,650,132,318,Approved
Institution_7667,Rural,PG,10.29,8,2,20,8,200,650,132,551,Approved
Institution_1617,Non-Rural,PG,3.53,4,1,10,1,267,450,132,450,Approved
Institution_2364,Rural,Diploma,5.71,16,4,0,4,175,450,132,338,Approved
Institution_9818,Non-Rural,Diploma,1.12,20,5,0,5,276,550,132,173,Not Approved
Institution_2988,Non-Rural,UG,3.56,4,1,0,4,140,400,132,208,Not Approved
Institution_3629,Rural,Diploma,5.85,8,2,0,2,168,450,132,476,Approved
Institution_5456,Rural,PG,13.11,12,3,30,12,230,400,132,234,Approved
Institution_5173,Non-Rural,UG,3.1,8,2,0,6,151,550,132,557,Approved
Institution_3600,Non-Rural,UG,2.6,4,1,0,4,232,500,132,230,Approved
Institution_7419,Rural,Combined,7.76,8,2,20,4,270,650,132,479,Approved
Institution_5235,Rural,UG,12.41,12,3,0,6,195,600,132,358,Approved
Institution_6357,Non-Rural,UG,4.88,20,5,0,20,288,450,132,241,Approved
Institution_9494,Rural,Combined,9.32,4,1,10,1,112,650,132,287,Not Approved
Institution_8620,Non-Rural,UG,2.24,4,1,0,4,205,500,132,501,Not Approved
Institution_5601,Rural,UG,6.17,8,2,0,2,228,450,132,163,Not Approved
Institution_5544,Non-Rural,Diploma,0.54,12,3,0,9,300,650,132,416,Not Approved
Institution_8297,Rural,PG,10.55,20,5,50,10,241,500,132,258,Approved
Institution_1210,Non-Rural,UG,1.09,12,3,0,12,185,400,132,432,Not Approved
Institution_5122,Rural,PG,9.14,16,4,40,16,60,400,132,582,Not Approved
Institution_2782,Non-Rural,PG,3.09,8,2,20,4,79,400,132,447,Not Approved
Institution_8669,Non-Rural,PG,3.01,4,1,10,4,66,500,132,297,Not Approved
Institution_1594,Rural,UG,14.72,8,2,0,4,137,550,132,264,Not Approved
Institution_3408,Rural,Diploma,9.35,20,5,0,5,181,400,132,254,Approved
Institution_4537,Non-Rural,PG,2.61,8,2,20,8,269,450,132,524,Approved
Institution_4703,Rural,Combined,9.6,12,3,30,3,209,600,132,245,Approved
Institution_6130,Non-Rural,UG,4.64,16,4,0,16,299,550,132,277,Approved
Institution_5631,Rural,UG,13.93,12,3,0,3,238,400,132,514,Approved
Institution_1640,Rural,Diploma,6.5,8,2,0,2,172,600,132,325,Approved
Institution_6483,Rural,Combined,12.78,16,4,40,8,237,400,132,104,Approved
Institution_1946,Rural,Diploma,6.6,8,2,0,8,226,650,132,279,Approved
Institution_3286,Non-Rural,UG,2.06,20,5,0,15,185,400,132,380,Not Approved
Institution_7057,Non-Rural,Diploma,0.73,8,2,0,6,282,450,132,589,Not Approved
Institution_8702,Rural,Combined,13.21,16,4,40,16,139,400,132,567,Not Approved
Institution_3613,Non-Rural,Diploma,1.07,20,5,0,20,72,400,132,449,Not Approved
Institution_2237,Rural,Combined,8.95,4,1,10,3,270,500,132,162,Approved
Institution_8690,Rural,Diploma,3.77,12,3,0,9,214,500,132,317,Not Approved
Institution_5088,Rural,Combined,5.34,8,2,20,6,182,400,132,340,Approved
Institution_8612,Non-Rural,Combined,4.08,4,1,10,1,121,600,132,548,Not Approved
Institution_2314,Non-Rural,Combined,1.91,8,2,20,4,102,500,132,449,Not Approved
Institution_1918,Rural,Diploma,6.58,12,3,0,9,213,600,132,353,Approved
Institution_2179,Rural,Diploma,9.68,4,1,0,3,74,650,132,429,Not Approved
Institution_5809,Rural,PG,9.54,4,1,10,4,286,450,132,275,Not Approved
Institution_3563,Non-Rural,Combined,2.12,12,3,30,3,153,600,132,180,Approved
Institution_4248,Rural,Diploma,4.33,12,3,0,9,144,600,132,501,Not Approved
Institution_8099,Rural,PG,8.47,8,2,20,6,252,600,132,306,Not Approved
Institution_8280,Non-Rural,UG,0.63,16,4,0,12,51,550,132,102,Not Approved
Institution_7965,Rural,Combined,10.4,20,5,50,10,155,400,132,586,Approved
Institution_8969,Rural,Combined,6.1,4,1,10,1,63,400,132,550,Not Approved
Institution_3042,Rural,Diploma,6.43,12,3,0,9,139,500,132,181,Not Approved
Institution_1865,Non-Rural,UG,4.59,16,4,0,4,293,450,132,512,Approved
Institution_3044,Non-Rural,Combined,4.86,20,5,50,5,259,650,132,222,Approved
Institution_5431,Non-Rural,PG,2.16,16,4,40,4,289,600,132,206,Not Approved
Institution_9710,Rural,PG,14.59,16,4,40,4,103,400,132,264,Not Approved
Institution_2952,Rural,Diploma,9.94,16,4,0,16,256,500,132,225,Approved
Institution_2404,Non-Rural,Diploma,1.17,8,2,0,8,91,550,132,401,Not Approved
Institution_8946,Rural,Combined,8.05,12,3,30,3,260,450,132,307,Approved
Institution_2694,Non-Rural,Combined,4.96,8,2,20,8,99,500,132,277,Not Approved
Institution_8720,Rural,UG,8.87,12,3,0,12,196,600,132,143,Not Approved
Institution_8874,Rural,PG,6.41,4,1,10,3,280,600,132,468,Not Approved
Institution_8500,Rural,PG,13.86,16,4,40,4,85,550,132,218,Not Approved
Institution_6672,Non-Rural,UG,4.15,8,2,0,2,232,600,132,534,Approved
Institution_5675,Rural,Combined,11.67,12,3,30,3,153,550,132,314,Approved
Institution_2109,Non-Rural,UG,4.82,8,2,0,2,251,500,132,425,Approved
Institution_6649,Non-Rural,PG,2.86,16,4,40,8,262,400,132,535,Approved
Institution_9474,Non-Rural,Combined,1.08,16,4,40,4,165,400,132,105,Approved
Institution_5425,Rural,PG,8.74,20,5,50,20,77,650,132,123,Not Approved
Institution_1107,Rural,Diploma,7.45,16,4,0,12,214,550,132,229,Approved
Institution_4642,Non-Rural,Diploma,1.77,8,2,0,8,83,650,132,360,Not Approved
Institution_1034,Non-Rural,UG,4.56,4,1,0,3,195,450,132,528,Approved
Institution_4761,Non-Rural,PG,2.62,16,4,40,12,181,650,132,336,Approved
Institution_7998,Rural,UG,12.6,20,5,0,15,110,650,132,458,Not Approved
Institution_5988,Rural,UG,7.1,4,1,0,3,207,450,132,572,Not Approved
Institution_6189,Non-Rural,PG,3.19,4,1,10,3,135,550,132,214,Not Approved
Institution_3739,Non-Rural,UG,4.8,8,2,0,6,168,400,132,491,Approved
Institution_7229,Rural,Combined,9.83,4,1,10,4,193,500,132,290,Approved
Institution_3241,Rural,Combined,13.5,16,4,40,16,124,600,132,306,Not Approved
Institution_8318,Rural,UG,11.29,8,2,0,2,163,600,132,547,Approved
Institution_1629,Non-Rural,UG,3.46,8,2,0,6,156,600,132,433,Approved
Institution_8140,Non-Rural,Diploma,1.96,8,2,0,8,151,550,132,318,Approved
Institution_1645,Rural,UG,6.5,4,1,0,4,151,600,132,360,Not Approved
Institution_3400,Rural,Diploma,6.9,16,4,0,12,190,550,132,330,Approved
Institution_5757,Non-Rural,Combined,3.35,16,4,40,12,168,550,132,422,Approved
Institution_3632,Non-Rural,PG,2.6,16,4,40,16,206,400,132,300,Approved
Institution_2864,Rural,UG,5.25,20,5,0,5,282,550,132,515,Not Approved
Institution_9889,Non-Rural,Diploma,1.49,20,5,0,10,190,400,132,129,Not Approved
Institution_1614,Rural,Combined,5.53,12,3,30,12,253,400,132,430,Approved
Institution_5449,Non-Rural,UG,2.35,20,5,0,20,223,550,132,508,Not Approved
Institution_7815,Rural,PG,8.66,12,3,30,3,269,450,132,178,Not Approved
Institution_6805,Non-Rural,UG,2.26,12,3,0,3,53,550,132,204,Not Approved
Institution_4448,Rural,Combined,11.02,8,2,20,2,108,550,132,202,Not Approved
Institution_9515,Non-Rural,Combined,1.76,8,2,20,6,116,400,132,543,Not Approved
Institution_2920,Non-Rural,Combined,2.25,8,2,20,8,156,550,132,373,Approved
Institution_3402,Rural,UG,12.16,12,3,0,12,294,500,132,348,Approved
Institution_2215,Rural,Combined,8.86,4,1,10,4,229,500,132,253,Approved
Institution_9802,Rural,Diploma,4.04,16,4,0,16,277,500,132,593,Not Approved
Institution_8545,Non-Rural,Combined,2.18,8,2,20,6,289,550,132,231,Approved
Institution_4222,Rural,PG,5.58,12,3,30,6,60,500,132,292,Not Approved
Institution_2930,Rural,Diploma,7.98,8,2,0,8,259,450,132,403,Approved
Institution_2543,Rural,UG,10.05,8,2,0,4,140,550,132,498,Not Approved
Institution_5690,Non-Rural,UG,3.15,4,1,0,1,155,450,132,342,Approved
Institution_6868,Rural,UG,8.34,16,4,0,4,55,450,132,100,Not Approved
Institution_4183,Non-Rural,UG,3.0,20,5,0,10,259,500,132,269,Approved
Institution_5086,Rural,Diploma,2.34,12,3,0,3,104,600,132,207,Not Approved
Institution_3594,Rural,PG,9.22,8,2,20,6,291,650,132,491,Not Approved
Institution_4264,Rural,Diploma,4.44,4,1,0,4,114,400,132,287,Not Approved
Institution_5398,Rural,Diploma,2.52,12,3,0,6,258,500,132,282,Not Approved
Institution_9571,Rural,UG,8.98,16,4,0,4,295,550,132,559,Not Approved
Institution_2828,Non-Rural,PG,4.76,8,2,20,8,256,500,132,166,Approved
Institution_8437,Non-Rural,PG,2.28,8,2,20,4,167,500,132,329,Not Approved
Institution_4424,Non-Rural,Combined,4.25,4,1,10,3,277,600,132,285,Approved
Institution_7894,Rural,UG,5.49,12,3,0,3,173,450,132,520,Not Approved
Institution_1433,Non-Rural,PG,3.45,4,1,10,2,294,400,132,574,Approved
Institution_5858,Non-Rural,Diploma,1.3,4,1,0,4,110,400,132,446,Not Approved
Institution_2503,Rural,Diploma,8.66,16,4,0,8,80,450,132,166,Not Approved
Institution_8976,Non-Rural,Diploma,0.82,4,1,0,4,186,600,132,479,Not Approved
Institution_3702,Non-Rural,Combined,1.12,4,1,10,2,71,600,132,215,Not Approved
Institution_7391,Non-Rural,Combined,3.43,12,3,30,12,259,450,132,471,Approved
Institution_6671,Non-Rural,PG,4.08,12,3,30,3,108,650,132,412,Not Approved
Institution_5784,Non-Rural,Diploma,1.77,8,2,0,8,275,500,132,473,Approved
Institution_8104,Rural,UG,9.23,20,5,0,5,214,650,132,406,Not Approved
Institution_2300,Non-Rural,PG,4.79,16,4,40,12,196,500,132,516,Approved
Institution_9547,Non-Rural,Combined,3.07,16,4,40,12,189,650,132,520,Approved
Institution_7766,Rural,PG,11.15,8,2,20,2,189,650,132,201,Approved
Institution_4732,Rural,UG,12.12,4,1,0,4,296,500,132,528,Approved
Institution_6831,Rural,UG,12.48,8,2,0,4,290,400,132,300,Approved
Institution_5929,Rural,Diploma,5.18,12,3,0,3,216,500,132,356,Approved
Institution_2793,Non-Rural,Combined,4.97,4,1,10,4,178,650,132,465,Approved
Institution_4138,Rural,PG,9.65,12,3,30,9,294,600,132,410,Not Approved
Institution_6795,Rural,UG,6.86,16,4,0,16,168,550,132,583,Not Approved
Institution_4366,Non-Rural,Combined,3.06,8,2,20,6,95,400,132,175,Not Approved
Institution_2497,Rural,Diploma,6.85,4,1,0,2,98,500,132,453,Not Approved
Institution_7548,Rural,UG,5.43,8,2,0,4,249,500,132,244,Not Approved
Institution_6527,Rural,UG,10.02,4,1,0,1,231,450,132,563,Approved
Institution_8007,Non-Rural,PG,4.52,12,3,30,12,293,400,132,592,Approved
Institution_6673,Non-Rural,Combined,0.89,8,2,20,4,214,400,132,210,Approved
Institution_3719,Non-Rural,Diploma,1.7,12,3,0,3,290,550,132,211,Approved
Institution_5662,Rural,UG,7.28,16,4,0,8,276,450,132,219,Not Approved
Institution_6043,Non-Rural,Combined,2.99,4,1,10,3,195,650,132,108,Approved
Institution_6907,Non-Rural,UG,4.66,8,2,0,4,245,500,132,490,Approved
Institution_9215,Rural,Diploma,6.53,8,2,0,8,202,600,132,536,Approved
Institution_2060,Rural,UG,13.44,4,1,0,3,292,450,132,452,Approved
Institution_8468,Rural,UG,8.86,8,2,0,4,264,500,132,165,Not Approved
Institution_3034,Non-Rural,PG,5.0,12,3,30,3,273,450,132,538,Approved
Institution_3081,Non-Rural,UG,0.88,16,4,0,4,236,550,132,413,Not Approved
Institution_2264,Rural,Diploma,3.73,12,3,0,9,80,400,132,321,Not Approved
Institution_9369,Non-Rural,Combined,2.63,20,5,50,15,268,650,132,380,Approved
Institution_6722,Rural,Combined,6.1,8,2,20,6,269,600,132,473,Approved
Institution_2353,Non-Rural,Combined,3.05,8,2,20,4,176,450,132,399,Approved
Institution_9984,Non-Rural,UG,3.21,8,2,0,6,221,600,132,316,Approved
Institution_6741,Non-Rural,PG,3.24,16,4,40,16,287,500,132,553,Approved
Institution_3790,Rural,Combined,5.52,4,1,10,1,280,450,132,279,Approved
Institution_7000,Rural,Diploma,8.15,8,2,0,8,188,500,132,136,Approved
Institution_8541,Rural,PG,11.22,12,3,30,6,139,600,132,287,Not Approved
Institution_2633,Non-Rural,PG,2.04,8,2,20,4,195,650,132,468,Not Approved
Institution_9646,Non-Rural,Combined,1.69,8,2,20,6,278,500,132,479,Approved
Institution_5302,Non-Rural,Combined,3.08,20,5,50,20,206,500,132,367,Approved
Institution_3871,Non-Rural,Diploma,0.7,4,1,0,3,282,650,132,212,Not Approved
Institution_9085,Non-Rural,Combined,0.67,4,1,10,2,104,500,132,131,Not Approved
Institution_7712,Rural,UG,9.37,12,3,0,6,216,600,132,270,Not Approved
Institution_5249,Rural,PG,6.92,20,5,50,5,128,450,132,151,Not Approved
Institution_1750,Rural,PG,9.17,4,1,10,2,230,600,132,391,Not Approved
Institution_3171,Non-Rural,UG,3.14,12,3,0,9,211,450,132,569,Approved
Institution_7066,Non-Rural,Diploma,1.88,4,1,0,1,277,600,132,168,Approved
Institution_3612,Non-Rural,Diploma,1.19,16,4,0,8,114,450,132,283,Not Approved
Institution_5808,Rural,Diploma,7.64,20,5,0,20,121,400,132,353,Not Approved
Institution_8293,Rural,Combined,10.38,20,5,50,20,253,600,132,251,Approved
Institution_4855,Non-Rural,Diploma,1.9,8,2,0,2,181,550,132,557,Approved
Institution_7143,Non-Rural,Diploma,0.69,16,4,0,16,211,400,132,542,Not Approved
Institution_2955,Non-Rural,UG,3.44,8,2,0,8,55,500,132,402,Not Approved
Institution_6884,Non-Rural,Combined,3.24,8,2,20,8,178,400,132,280,Approved
Institution_7676,Rural,Diploma,6.22,16,4,0,4,202,650,132,337,Approved
Institution_3082,Rural,Diploma,4.43,16,4,0,12,204,550,132,204,Not Approved
Institution_4811,Rural,UG,7.61,20,5,0,10,165,450,132,336,Not Approved
Institution_9043,Non-Rural,PG,0.96,20,5,50,5,77,550,132,251,Not Approved
Institution_2000,Rural,Diploma,8.79,16,4,0,4,268,600,132,212,Approved
Institution_7615,Rural,Combined,10.01,4,1,10,2,208,650,132,264,Approved
Institution_2003,Rural,Diploma,9.99,8,2,0,6,283,650,132,212,Approved
Institution_6471,Non-Rural,Diploma,1.76,12,3,0,9,74,600,132,516,Not Approved
Institution_5481,Rural,PG,8.38,4,1,10,4,178,650,132,215,Not Approved
Institution_8627,Non-Rural,PG,4.55,12,3,30,6,219,600,132,595,Approved
Institution_1355,Non-Rural,Combined,0.54,12,3,30,12,261,500,132,568,Approved
Institution_3007,Non-Rural,Combined,3.92,16,4,40,16,87,600,132,100,Not Approved
Institution_3553,Rural,PG,7.07,4,1,10,2,283,450,132,381,Not Approved
Institution_2241,Rural,PG,12.13,8,2,20,2,206,450,132,429,Approved
Institution_8495,Non-Rural,PG,2.68,8,2,20,6,156,550,132,199,Approved
Institution_1099,Rural,PG,12.1,4,1,10,3,98,450,132,407,Not Approved
Institution_6021,Non-Rural,Combined,4.4,16,4,40,4,238,550,132,294,Approved
Institution_8903,Non-Rural,Combined,4.81,8,2,20,4,126,550,132,239,Not Approved
Institution_4266,Non-Rural,UG,4.15,8,2,0,6,241,450,132,449,Approved
Institution_8642,Non-Rural,Combined,2.94,20,5,50,10,288,600,132,412,Approved
Institution_2096,Non-Rural,UG,2.05,16,4,0,12,214,550,132,289,Not Approved
Institution_1551,Rural,Combined,12.42,4,1,10,2,275,500,132,194,Approved
Institution_6914,Rural,UG,8.73,20,5,0,20,92,600,132,520,Not Approved
Institution_2099,Rural,Combined,12.54,16,4,40,8,291,650,132,144,Approved
Institution_7858,Non-Rural,Combined,1.62,8,2,20,8,273,650,132,181,Approved
Institution_1289,Non-Rural,Combined,2.68,20,5,50,15,159,650,132,127,Approved
Institution_8059,Non-Rural,PG,0.51,8,2,20,4,185,550,132,358,Not Approved
Institution_3703,Non-Rural,PG,4.32,12,3,30,12,74,450,132,265,Not Approved
Institution_6702,Rural,Combined,7.6,8,2,20,8,103,500,132,158,Not Approved
Institution_7874,Non-Rural,PG,4.84,12,3,30,3,104,600,132,401,Not Approved
Institution_5741,Rural,PG,8.0,12,3,30,6,251,450,132,156,Not Approved
Institution_6148,Rural,Diploma,6.16,12,3,0,3,257,650,132,198,Approved
Institution_8158,Non-Rural,UG,4.49,16,4,0,16,252,600,132,327,Approved
Institution_1025,Rural,UG,7.96,8,2,0,2,237,500,132,414,Not Approved
Institution_6293,Rural,Diploma,2.72,20,5,0,15,187,600,132,172,Not Approved
Institution_2415,Non-Rural,Diploma,1.76,4,1,0,3,294,600,132,126,Approved
Institution_5820,Rural,PG,6.13,20,5,50,20,204,550,132,466,Not Approved
Institution_6827,Non-Rural,Diploma,1.96,4,1,0,3,124,500,132,260,Not Approved
Institution_1676,Non-Rural,UG,4.37,16,4,0,8,219,650,132,187,Approved
Institution_2855,Rural,PG,6.14,8,2,20,6,62,500,132,441,Not Approved
Institution_3006,Rural,Diploma,7.99,20,5,0,15,107,500,132,527,Not Approved
Institution_1239,Non-Rural,PG,2.08,8,2,20,8,193,650,132,386,Not Approved
Institution_8830,Non-Rural,Diploma,0.53,20,5,0,15,285,600,132,174,Not Approved
Institution_4365,Rural,UG,14.43,12,3,0,9,225,500,132,199,Approved
Institution_8025,Rural,PG,9.41,4,1,10,3,189,550,132,328,Not Approved
Institution_1108,Non-Rural,UG,1.42,16,4,0,16,168,550,132,563,Not Approved
Institution_5557,Rural,Diploma,2.27,8,2,0,2,150,600,132,314,Not Approved
Institution_8486,Non-Rural,Combined,3.75,4,1,10,2,293,400,132,357,Approved
Institution_6475,Rural,Diploma,2.62,12,3,0,12,160,600,132,560,Not Approved
Institution_8767,Non-Rural,PG,1.34,8,2,20,4,191,650,132,215,Not Approved
Institution_6888,Non-Rural,UG,1.65,4,1,0,2,124,400,132,450,Not Approved
Institution_8337,Non-Rural,Diploma,1.12,4,1,0,4,276,450,132,116,Not Approved
Institution_3394,Non-Rural,PG,3.45,20,5,50,15,93,400,132,411,Not Approved
Institution_5925,Rural,PG,12.15,20,5,50,5,168,400,132,446,Approved
Institution_9393,Rural,Combined,7.29,8,2,20,4,259,600,132,288,Approved
Institution_6797,Rural,UG,8.57,12,3,0,3,131,550,132,312,Not Approved
Institution_4485,Non-Rural,Combined,3.03,12,3,30,3,129,450,132,221,Not Approved
Institution_5617,Rural,PG,14.47,20,5,50,10,285,600,132,265,Approved
Institution_2582,Non-Rural,UG,1.75,16,4,0,8,63,400,132,443,Not Approved
Institution_4573,Rural,Diploma,4.48,12,3,0,6,123,500,132,303,Not Approved
Institution_5585,Non-Rural,PG,4.03,20,5,50,20,163,600,132,161,Approved
Institution_8103,Rural,UG,6.03,8,2,0,6,176,650,132,557,Not Approved
Institution_3870,Non-Rural,PG,2.71,20,5,50,20,65,600,132,426,Not Approved
Institution_4212,Rural,PG,5.58,12,3,30,3,140,550,132,348,Not Approved
Institution_5682,Non-Rural,Combined,3.88,12,3,30,6,168,450,132,326,Approved
Institution_6447,Rural,Diploma,2.78,8,2,0,4,205,550,132,521,Not Approved
Institution_2786,Rural,Combined,5.75,20,5,50,15,54,550,132,464,Not Approved
Institution_7054,Non-Rural,Combined,4.78,4,1,10,1,267,400,132,510,Approved
Institution_5325,Rural,Combined,11.76,20,5,50,10,187,400,132,338,Approved
Institution_9000,Rural,Diploma,3.21,20,5,0,10,224,600,132,364,Not Approved
Institution_3198,Non-Rural,Diploma,0.7,8,2,0,8,154,400,132,546,Not Approved
Institution_2331,Non-Rural,Combined,3.47,12,3,30,6,230,550,132,344,Approved
Institution_1909,Rural,PG,13.25,4,1,10,2,197,550,132,229,Approved
Institution_5501,Non-Rural,Combined,3.45,12,3,30,12,89,450,132,164,Not Approved
Institution_8011,Non-Rural,PG,1.51,16,4,40,16,257,500,132,336,Not Approved
Institution_4947,Non-Rural,Combined,1.23,20,5,50,20,240,650,132,265,Approved
Institution_3530,Rural,Combined,8.51,12,3,30,6,296,500,132,582,Approved
Institution_2129,Non-Rural,UG,2.2,12,3,0,9,273,650,132,117,Not Approved
Institution_7649,Rural,Combined,10.42,16,4,40,8,114,400,132,459,Not Approved
Institution_9818,Non-Rural,PG,1.24,16,4,40,12,227,650,132,442,Not Approved
Institution_4623,Rural,Combined,9.91,8,2,20,4,82,650,132,246,Not Approved
Institution_4899,Rural,PG,5.85,20,5,50,10,278,650,132,101,Not Approved
Institution_7855,Non-Rural,Combined,3.53,4,1,10,3,231,550,132,401,Approved
Institution_1008,Rural,Combined,11.63,16,4,40,12,237,450,132,563,Approved
Institution_3751,Non-Rural,UG,0.76,8,2,0,6,133,550,132,139,Not Approved
Institution_9909,Rural,UG,10.41,16,4,0,12,132,600,132,244,Not Approved
Institution_9359,Rural,Combined,6.52,20,5,50,10,291,400,132,326,Approved
Institution_8917,Non-Rural,Diploma,1.17,12,3,0,6,255,600,132,270,Not Approved
Institution_1798,Non-Rural,Combined,1.54,20,5,50,5,166,500,132,361,Approved
Institution_5973,Non-Rural,PG,3.78,16,4,40,12,115,550,132,421,Not Approved
Institution_7154,Non-Rural,PG,1.76,12,3,30,3,117,550,132,159,Not Approved
Institution_2683,Rural,PG,12.49,16,4,40,16,262,450,132,207,Approved
Institution_6471,Non-Rural,PG,3.94,8,2,20,4,268,400,132,534,Approved
Institution_9937,Rural,PG,13.43,8,2,20,2,101,550,132,102,Not Approved
Institution_5618,Non-Rural,Combined,4.01,16,4,40,8,112,550,132,194,Not Approved
Institution_8658,Non-Rural,UG,3.96,8,2,0,4,286,650,132,244,Approved
Institution_5863,Rural,Diploma,5.05,20,5,0,15,148,400,132,178,Not Approved
Institution_1858,Rural,Combined,13.82,16,4,40,8,239,500,132,422,Approved
Institution_6129,Non-Rural,Diploma,0.93,20,5,0,15,274,550,132,206,Not Approved
Institution_8031,Rural,PG,6.9,8,2,20,8,236,550,132,533,Not Approved
Institution_4259,Non-Rural,UG,1.44,4,1,0,2,209,550,132,192,Not Approved
Institution_9763,Non-Rural,PG,0.94,8,2,20,6,256,600,132,280,Not Approved
Institution_7433,Rural,Diploma,9.62,8,2,0,6,267,600,132,579,Approved
Institution_7118,Rural,Diploma,9.02,8,2,0,8,284,500,132,374,Approved
Institution_3961,Rural,UG,11.64,4,1,0,4,121,550,132,151,Not Approved
Institution_3882,Non-Rural,Diploma,0.79,4,1,0,1,123,550,132,490,Not Approved
Institution_2541,Rural,PG,11.46,16,4,40,16,72,500,132,461,Not Approved
Institution_7305,Non-Rural,Diploma,1.36,8,2,0,2,161,450,132,203,Not Approved
Institution_8585,Non-Rural,Combined,0.64,16,4,40,4,54,600,132,191,Not Approved
Institution_7389,Rural,PG,14.44,8,2,20,2,150,400,132,568,Approved
Institution_7524,Non-Rural,PG,2.06,12,3,30,12,186,550,132,456,Not Approved
Institution_2266,Non-Rural,Diploma,1.3,8,2,0,2,68,550,132,278,Not Approved
Institution_3621,Rural,UG,10.62,16,4,0,8,181,500,132,442,Approved
Institution_6934,Non-Rural,Diploma,0.84,20,5,0,15,229,550,132,247,Not Approved
Institution_6491,Non-Rural,Diploma,1.37,20,5,0,15,179,450,132,316,Not Approved
Institution_7667,Non-Rural,PG,1.58,12,3,30,6,144,500,132,452,Not Approved
Institution_7113,Non-Rural,Combined,1.73,16,4,40,16,70,650,132,274,Not Approved
Institution_4408,Rural,Combined,10.27,20,5,50,20,287,400,132,297,Approved
Institution_9414,Non-Rural,PG,4.47,16,4,40,12,276,650,132,132,Approved
Institution_7557,Non-Rural,PG,3.5,8,2,20,4,284,650,132,173,Approved
Institution_9583,Non-Rural,UG,1.57,4,1,0,1,241,600,132,247,Not Approved
Institution_1370,Rural,UG,14.08,20,5,0,20,177,600,132,229,Approved
Institution_2961,Non-Rural,PG,3.07,16,4,40,4,125,650,132,164,Not Approved
Institution_3524,Non-Rural,Diploma,1.01,16,4,0,8,223,400,132,296,Not Approved
Institution_8166,Rural,UG,10.57,16,4,0,12,223,600,132,507,Approved
Institution_7793,Rural,Combined,11.07,16,4,40,12,60,650,132,280,Not Approved
Institution_8560,Rural,Combined,9.54,12,3,30,6,288,500,132,172,Approved
Institution_9389,Non-Rural,PG,3.15,4,1,10,3,106,400,132,593,Not Approved
Institution_8546,Non-Rural,Diploma,1.13,16,4,0,16,99,600,132,284,Not Approved
Institution_1045,Non-Rural,UG,3.52,16,4,0,8,137,650,132,202,Not Approved
Institution_2154,Rural,Diploma,3.74,8,2,0,6,259,450,132,488,Not Approved
Institution_6228,Rural,Diploma,6.32,12,3,0,9,140,650,132,128,Not Approved
Institution_1672,Non-Rural,Combined,2.51,12,3,30,12,173,450,132,450,Approved
Institution_5935,Non-Rural,Combined,3.43,16,4,40,16,232,400,132,234,Approved
Institution_2419,Rural,Diploma,3.11,4,1,0,4,195,650,132,193,Not Approved
Institution_1208,Non-Rural,PG,2.7,12,3,30,9,68,450,132,428,Not Approved
Institution_3336,Non-Rural,Combined,4.77,8,2,20,8,157,650,132,506,Approved
Institution_4619,Rural,Diploma,9.17,16,4,0,8,278,600,132,292,Approved
Institution_9739,Rural,UG,6.94,8,2,0,8,266,650,132,362,Not Approved
Institution_3613,Non-Rural,Diploma,1.04,20,5,0,10,215,650,132,272,Not Approved
Institution_6510,Non-Rural,Combined,4.92,8,2,20,6,222,600,132,496,Approved
Institution_7307,Non-Rural,Combined,3.25,20,5,50,20,148,650,132,221,Not Approved
Institution_7946,Rural,PG,12.95,20,5,50,20,153,500,132,350,Approved
Institution_5101,Rural,Diploma,10.0,16,4,0,4,99,600,132,454,Not Approved
Institution_4951,Rural,Combined,12.73,4,1,10,3,189,500,132,586,Approved
Institution_2784,Rural,Combined,13.41,4,1,10,2,163,400,132,252,Approved
Institution_3419,Rural,PG,10.8,4,1,10,4,138,500,132,364,Not Approved
Institution_6125,Rural,Combined,8.48,4,1,10,3,206,650,132,123,Approved
Institution_2833,Non-Rural,Combined,3.52,4,1,10,1,268,550,132,430,Approved
Institution_2989,Non-Rural,UG,2.73,4,1,0,3,166,450,132,120,Approved
Institution_8004,Rural,PG,10.37,8,2,20,6,240,600,132,549,Approved
Institution_9542,Rural,UG,7.23,12,3,0,6,121,450,132,389,Not Approved
Institution_2058,Rural,PG,9.85,12,3,30,6,270,600,132,310,Not Approved
Institution_2238,Rural,Diploma,5.68,20,5,0,5,256,550,132,239,Approved
Institution_2391,Rural,UG,12.58,12,3,0,3,285,600,132,284,Approved
Institution_6338,Rural,PG,7.82,16,4,40,16,212,400,132,591,Not Approved
Institution_9229,Non-Rural,Diploma,0.88,4,1,0,2,154,550,132,245,Not Approved
Institution_9945,Non-Rural,PG,2.99,12,3,30,6,217,650,132,400,Approved
Institution_7811,Non-Rural,PG,2.66,16,4,40,8,69,650,132,345,Not Approved
Institution_1670,Non-Rural,Diploma,1.47,4,1,0,2,209,500,132,160,Not Approved
Institution_4157,Rural,Combined,10.25,12,3,30,12,220,550,132,239,Approved
Institution_3703,Non-Rural,Combined,4.11,8,2,20,2,58,550,132,367,Not Approved
Institution_7109,Non-Rural,UG,3.49,4,1,0,1,155,600,132,468,Approved
Institution_4807,Non-Rural,Diploma,1.62,16,4,0,12,144,550,132,453,Not Approved
Institution_8828,Non-Rural,Combined,1.8,12,3,30,12,210,400,132,482,Approved
Institution_7677,Rural,PG,8.22,12,3,30,3,97,650,132,311,Not Approved
Institution_8698,Rural,UG,11.24,20,5,0,15,151,550,132,223,Approved
Institution_7730,Non-Rural,Diploma,0.89,20,5,0,15,300,450,132,288,Not Approved
Institution_5058,Rural,Combined,6.4,12,3,30,9,163,550,132,467,Approved
Institution_4552,Rural,Combined,14.63,4,1,10,2,128,450,132,186,Not Approved
Institution_7101,Non-Rural,UG,1.53,8,2,0,4,127,650,132,329,Not Approved
Institution_7745,Rural,Combined,14.78,8,2,20,4,287,650,132,401,Approved
Institution_4852,Rural,Diploma,8.68,8,2,0,2,72,650,132,199,Not Approved
Institution_3610,Non-Rural,Combined,3.2,12,3,30,9,86,600,132,450,Not Approved
Institution_1413,Non-Rural,Diploma,0.71,20,5,0,10,70,550,132,170,Not Approved
Institution_9264,Non-Rural,Diploma,1.31,20,5,0,5,153,500,132,143,Not Approved
Institution_9749,Non-Rural,Diploma,1.43,4,1,0,4,242,500,132,466,Not Approved
Institution_1992,Non-Rural,UG,4.62,16,4,0,12,82,500,132,519,Not Approved
Institution_9065,Non-Rural,Diploma,1.1,4,1,0,1,187,550,132,474,Not Approved
Institution_5245,Rural,Diploma,6.26,4,1,0,3,235,400,132,197,Approved
Institution_5290,Rural,Diploma,8.29,12,3,0,3,85,450,132,416,Not Approved
Institution_4088,Non-Rural,Combined,4.73,4,1,10,2,247,500,132,532,Approved
Institution_8229,Non-Rural,UG,2.45,12,3,0,3,94,600,132,382,Not Approved
Institution_2962,Rural,UG,14.4,4,1,0,1,293,500,132,452,Approved
Institution_1136,Non-Rural,PG,3.36,4,1,10,2,121,550,132,126,Not Approved
Institution_3218,Rural,PG,13.21,20,5,50,5,216,400,132,470,Approved
Institution_2867,Rural,UG,7.88,20,5,0,20,93,550,132,423,Not Approved
Institution_1280,Rural,PG,7.69,16,4,40,4,168,600,132,257,Not Approved
Institution_6722,Non-Rural,Diploma,1.48,8,2,0,2,248,500,132,130,Not Approved
Institution_3059,Non-Rural,UG,3.89,16,4,0,16,116,650,132,257,Not Approved
Institution_1461,Non-Rural,Diploma,1.0,8,2,0,2,79,650,132,433,Not Approved
Institution_2889,Rural,PG,9.6,4,1,10,1,193,450,132,416,Not Approved
Institution_2653,Rural,PG,6.33,12,3,30,6,212,400,132,148,Not Approved
Institution_8525,Rural,Combined,5.5,8,2,20,6,106,400,132,394,Not Approved
Institution_4978,Rural,Combined,10.41,16,4,40,16,206,500,132,321,Approved
Institution_5287,Rural,PG,6.5,4,1,10,4,229,450,132,427,Not Approved
Institution_9992,Non-Rural,UG,3.18,4,1,0,3,58,550,132,309,Not Approved
Institution_2208,Rural,UG,7.95,8,2,0,6,200,650,132,146,Not Approved
Institution_6921,Rural,Diploma,2.37,8,2,0,2,168,400,132,166,Not Approved
Institution_5495,Non-Rural,Combined,2.63,12,3,30,9,101,650,132,100,Not Approved
Institution_1772,Non-Rural,PG,3.17,4,1,10,1,142,550,132,497,Not Approved
Institution_7645,Rural,UG,9.43,20,5,0,15,74,600,132,425,Not Approved
Institution_3605,Non-Rural,Diploma,1.56,20,5,0,5,236,500,132,572,Approved
Institution_6218,Rural,UG,10.94,12,3,0,6,198,650,132,477,Approved
Institution_8349,Rural,PG,13.02,8,2,20,8,197,450,132,243,Approved
Institution_9353,Rural,PG,13.96,4,1,10,3,205,400,132,281,Approved
Institution_5275,Rural,Combined,13.25,20,5,50,15,211,500,132,271,Approved
Institution_1188,Non-Rural,UG,2.69,12,3,0,6,266,600,132,492,Approved
Institution_7239,Non-Rural,UG,2.73,16,4,0,4,273,450,132,342,Approved
Institution_6674,Rural,Diploma,9.53,12,3,0,12,200,400,132,271,Approved
Institution_2108,Rural,PG,7.83,20,5,50,20,241,550,132,499,Not Approved
Institution_2150,Non-Rural,PG,4.55,4,1,10,4,171,600,132,240,Approved
Institution_8357,Rural,Diploma,6.27,4,1,0,4,236,550,132,190,Approved
Institution_2357,Non-Rural,Diploma,1.54,16,4,0,12,77,600,132,299,Not Approved
Institution_2905,Rural,PG,6.27,8,2,20,4,276,550,132,161,Not Approved
Institution_3171,Non-Rural,Diploma,1.4,20,5,0,15,151,400,132,524,Not Approved
Institution_4565,Rural,UG,14.31,12,3,0,3,192,500,132,152,Approved
Institution_6753,Rural,PG,14.81,4,1,10,1,98,450,132,598,Not Approved
Institution_6686,Rural,UG,5.86,4,1,0,1,221,450,132,513,Not Approved
Institution_7919,Non-Rural,UG,3.64,8,2,0,8,169,650,132,123,Approved
Institution_8648,Rural,Combined,12.42,4,1,10,4,201,550,132,541,Approved
Institution_6197,Non-Rural,Combined,1.42,8,2,20,4,223,500,132,504,Approved
Institution_4582,Non-Rural,PG,3.43,16,4,40,4,182,650,132,512,Approved
Institution_9412,Non-Rural,UG,3.63,20,5,0,20,177,650,132,231,Approved
Institution_9772,Rural,Combined,6.91,12,3,30,6,106,500,132,319,Not Approved
Institution_9903,Rural,Combined,9.46,8,2,20,6,224,650,132,578,Approved
Institution_4942,Non-Rural,UG,4.89,20,5,0,20,212,450,132,198,Approved
Institution_7086,Rural,Diploma,6.64,16,4,0,8,210,500,132,359,Approved
Institution_3966,Non-Rural,Combined,3.31,4,1,10,1,209,400,132,346,Approved
Institution_1736,Rural,Combined,14.08,20,5,50,5,297,450,132,370,Approved
Institution_6098,Non-Rural,PG,1.42,16,4,40,4,142,400,132,129,Not Approved
Institution_6177,Non-Rural,Combined,2.13,16,4,40,12,276,650,132,427,Approved
Institution_9230,Non-Rural,UG,4.15,8,2,0,8,51,600,132,204,Not Approved
Institution_1368,Non-Rural,PG,3.02,12,3,30,3,238,450,132,129,Approved
Institution_5261,Rural,Combined,11.08,16,4,40,16,90,600,132,572,Not Approved
Institution_9515,Non-Rural,UG,4.35,8,2,0,2,132,500,132,566,Not Approved
Institution_4366,Rural,Diploma,3.13,8,2,0,6,193,450,132,208,Not Approved
Institution_1433,Rural,PG,7.93,12,3,30,3,248,450,132,395,Not Approved
Institution_4002,Non-Rural,PG,4.87,12,3,30,3,210,600,132,326,Approved
Institution_8553,Rural,PG,10.11,12,3,30,12,93,500,132,174,Not Approved
Institution_6223,Rural,Combined,6.56,20,5,50,20,243,550,132,134,Approved
Institution_1856,Non-Rural,Combined,1.81,20,5,50,15,143,450,132,252,Not Approved
Institution_2768,Rural,Combined,5.43,8,2,20,4,93,600,132,432,Not Approved
Institution_6921,Non-Rural,Combined,1.47,4,1,10,1,208,550,132,214,Approved
Institution_5086,Rural,PG,10.28,12,3,30,9,90,550,132,319,Not Approved
Institution_3800,Non-Rural,Combined,2.05,20,5,50,10,54,450,132,442,Not Approved
Institution_1783,Rural,PG,9.24,12,3,30,9,105,500,132,227,Not Approved
Institution_6809,Rural,Diploma,4.32,16,4,0,16,109,550,132,321,Not Approved
Institution_3221,Rural,Combined,11.76,16,4,40,12,109,550,132,301,Not Approved
Institution_6737,Rural,PG,13.4,16,4,40,8,99,400,132,269,Not Approved
Institution_2607,Non-Rural,Combined,1.61,16,4,40,8,276,650,132,190,Approved
Institution_9325,Rural,UG,13.43,20,5,0,5,71,500,132,195,Not Approved
Institution_7562,Rural,UG,10.11,20,5,0,15,63,450,132,351,Not Approved
Institution_5481,Rural,PG,10.78,12,3,30,9,286,600,132,557,Approved
Institution_1994,Rural,PG,8.26,12,3,30,3,194,650,132,446,Not Approved
Institution_5223,Rural,Combined,7.69,12,3,30,3,232,550,132,132,Approved
Institution_1734,Non-Rural,Combined,4.63,8,2,20,4,241,400,132,302,Approved
Institution_5710,Rural,Diploma,7.16,16,4,0,4,245,450,132,174,Approved
Institution_6295,Non-Rural,Diploma,0.76,20,5,0,10,110,500,132,125,Not Approved
Institution_4011,Non-Rural,PG,2.37,20,5,50,20,156,450,132,430,Not Approved
Institution_8835,Non-Rural,PG,1.58,12,3,30,12,237,500,132,310,Not Approved
Institution_6991,Non-Rural,Diploma,1.27,16,4,0,12,278,500,132,459,Not Approved
Institution_6987,Rural,PG,13.79,8,2,20,6,202,450,132,221,Approved
Institution_7665,Non-Rural,PG,1.64,20,5,50,20,272,400,132,246,Not Approved
Institution_9027,Rural,Diploma,4.33,4,1,0,1,278,400,132,419,Not Approved
Institution_4944,Rural,PG,14.94,20,5,50,15,243,400,132,519,Approved
Institution_9055,Rural,Diploma,2.52,20,5,0,20,196,450,132,416,Not Approved
Institution_1685,Non-Rural,PG,2.55,16,4,40,4,227,600,132,244,Approved
Institution_3084,Non-Rural,Combined,4.36,20,5,50,10,156,550,132,562,Approved
Institution_5014,Non-Rural,PG,3.28,8,2,20,6,194,400,132,343,Approved
Institution_8565,Non-Rural,UG,0.75,16,4,0,16,134,500,132,104,Not Approved
Institution_7092,Non-Rural,PG,1.77,8,2,20,2,285,500,132,200,Not Approved
Institution_4197,Non-Rural,Combined,2.05,8,2,20,8,116,450,132,265,Not Approved
Institution_1804,Non-Rural,Combined,0.94,8,2,20,8,166,550,132,108,Approved
Institution_8797,Non-Rural,Diploma,0.97,4,1,0,4,261,650,132,568,Not Approved
Institution_5576,Non-Rural,UG,2.95,20,5,0,20,276,550,132,450,Approved
Institution_1939,Non-Rural,PG,3.59,12,3,30,3,166,500,132,190,Approved
Institution_2181,Non-Rural,Diploma,0.9,16,4,0,8,209,550,132,134,Not Approved
Institution_1853,Non-Rural,PG,2.24,8,2,20,6,249,650,132,320,Not Approved
Institution_4860,Non-Rural,UG,3.86,20,5,0,15,277,450,132,213,Approved
Institution_7610,Non-Rural,Diploma,1.88,16,4,0,12,75,650,132,572,Not Approved
Institution_9670,Rural,UG,10.01,20,5,0,10,99,550,132,541,Not Approved
Institution_7660,Rural,PG,5.49,12,3,30,9,156,650,132,353,Not Approved
Institution_7856,Non-Rural,Combined,2.39,20,5,50,15,119,600,132,548,Not Approved
Institution_1859,Rural,Diploma,8.27,20,5,0,20,194,550,132,197,Approved
Institution_4181,Non-Rural,Combined,4.72,4,1,10,1,222,550,132,532,Approved
Institution_8554,Non-Rural,Combined,3.07,16,4,40,4,258,650,132,233,Approved
Institution_7236,Non-Rural,PG,2.07,4,1,10,2,239,500,132,541,Not Approved
Institution_4575,Non-Rural,Combined,3.07,20,5,50,10,288,450,132,409,Approved
Institution_5172,Non-Rural,PG,1.44,20,5,50,15,242,550,132,450,Not Approved
Institution_2636,Non-Rural,PG,2.03,12,3,30,3,56,650,132,539,Not Approved
Institution_7774,Non-Rural,Combined,4.22,4,1,10,1,299,500,132,294,Approved
Institution_7608,Non-Rural,UG,2.18,16,4,0,4,255,550,132,481,Not Approved
Institution_4766,Rural,UG,9.46,4,1,0,4,234,450,132,426,Not Approved
Institution_2717,Non-Rural,PG,1.13,20,5,50,10,200,650,132,395,Not Approved
Institution_9756,Non-Rural,Diploma,1.35,16,4,0,4,264,650,132,134,Not Approved
Institution_6719,Non-Rural,Combined,4.36,4,1,10,1,187,450,132,221,Approved
Institution_6963,Non-Rural,Diploma,0.54,8,2,0,6,211,500,132,557,Not Approved
Institution_8377,Rural,Combined,6.56,20,5,50,15,118,600,132,255,Not Approved
Institution_5625,Rural,UG,5.55,12,3,0,3,296,650,132,555,Not Approved
Institution_1044,Rural,PG,7.2,4,1,10,3,120,450,132,151,Not Approved
Institution_3136,Rural,Diploma,9.57,4,1,0,1,96,400,132,317,Not Approved
Institution_9783,Non-Rural,PG,1.06,4,1,10,2,264,650,132,285,Not Approved
Institution_1182,Non-Rural,UG,4.02,16,4,0,16,220,400,132,371,Approved
Institution_1272,Rural,PG,11.22,4,1,10,3,195,650,132,149,Approved
Institution_3558,Rural,Diploma,4.44,12,3,0,6,131,450,132,128,Not Approved
Institution_6368,Non-Rural,UG,1.78,4,1,0,4,221,550,132,335,Not Approved
Institution_1929,Non-Rural,Diploma,1.08,4,1,0,4,288,600,132,536,Not Approved
Institution_9431,Rural,UG,6.94,8,2,0,6,192,650,132,109,Not Approved
Institution_6933,Rural,PG,11.48,4,1,10,3,130,400,132,382,Not Approved
Institution_4415,Non-Rural,PG,1.18,4,1,10,4,152,450,132,256,Not Approved
Institution_4620,Non-Rural,PG,4.47,12,3,30,9,265,650,132,458,Approved
Institution_8328,Non-Rural,UG,2.73,4,1,0,4,133,600,132,340,Not Approved
Institution_9493,Rural,Diploma,4.69,4,1,0,4,123,550,132,294,Not Approved
Institution_5551,Non-Rural,PG,3.99,8,2,20,4,226,550,132,133,Approved
Institution_3381,Non-Rural,UG,3.7,4,1,0,2,265,650,132,217,Approved
Institution_3269,Non-Rural,PG,4.04,12,3,30,9,136,600,132,556,Not Approved
Institution_4679,Non-Rural,UG,1.62,20,5,0,5,264,400,132,258,Not Approved
Institution_1475,Rural,Diploma,9.24,12,3,0,6,215,400,132,158,Approved
Institution_9870,Non-Rural,PG,2.96,4,1,10,4,53,500,132,570,Not Approved
Institution_5024,Non-Rural,UG,2.89,12,3,0,12,257,650,132,258,Approved
Institution_5254,Rural,Diploma,9.7,20,5,0,5,150,400,132,220,Approved
Institution_4736,Non-Rural,PG,2.72,8,2,20,4,215,400,132,314,Approved
Institution_2441,Non-Rural,Combined,0.8,4,1,10,4,293,450,132,362,Approved
Institution_9670,Rural,Combined,10.74,12,3,30,12,151,450,132,249,Approved
Institution_5168,Rural,UG,14.84,4,1,0,1,239,500,132,366,Approved
Institution_9781,Non-Rural,Diploma,1.41,20,5,0,10,209,650,132,525,Not Approved
Institution_3910,Non-Rural,PG,2.23,12,3,30,9,253,450,132,252,Not Approved
Institution_2370,Non-Rural,Diploma,1.91,16,4,0,8,177,500,132,576,Approved
Institution_5845,Non-Rural,Diploma,1.27,4,1,0,2,298,400,132,491,Not Approved
Institution_9023,Non-Rural,Diploma,1.93,4,1,0,2,168,650,132,355,Approved
Institution_2620,Rural,UG,12.83,8,2,0,6,187,400,132,323,Approved
Institution_6074,Rural,Combined,10.55,20,5,50,15,169,550,132,178,Approved
Institution_3570,Rural,Combined,10.04,8,2,20,8,243,650,132,264,Approved
Institution_9649,Rural,UG,7.72,8,2,0,8,283,400,132,147,Not Approved
Institution_3023,Non-Rural,Diploma,0.75,12,3,0,6,276,500,132,142,Not Approved
Institution_3841,Rural,PG,11.59,20,5,50,10,156,450,132,135,Approved
Institution_6344,Rural,Combined,9.54,16,4,40,4,196,450,132,211,Approved
Institution_9240,Non-Rural,UG,4.72,20,5,0,20,243,650,132,551,Approved
Institution_3016,Non-Rural,Combined,3.32,20,5,50,5,299,450,132,295,Approved
Institution_3563,Non-Rural,UG,1.87,12,3,0,12,238,550,132,541,Not Approved
Institution_5785,Rural,Combined,14.61,4,1,10,2,83,400,132,476,Not Approved
Institution_9491,Rural,Diploma,8.29,12,3,0,6,241,400,132,405,Approved
Institution_4353,Rural,Combined,11.64,12,3,30,9,181,650,132,548,Approved
Institution_4292,Non-Rural,PG,4.15,8,2,20,4,241,550,132,225,Approved
Institution_8375,Non-Rural,Combined,4.52,8,2,20,2,139,500,132,423,Not Approved
Institution_4372,Non-Rural,PG,4.62,8,2,20,2,278,450,132,465,Approved
Institution_1232,Non-Rural,UG,4.14,8,2,0,8,96,550,132,372,Not Approved
Institution_6620,Non-Rural,PG,0.94,4,1,10,3,74,400,132,309,Not Approved
Institution_7899,Non-Rural,UG,1.26,8,2,0,2,198,550,132,190,Not Approved
Institution_9007,Non-Rural,UG,1.31,20,5,0,10,176,400,132,199,Not Approved
Institution_4762,Rural,PG,9.82,12,3,30,3,113,500,132,137,Not Approved
Institution_7878,Non-Rural,Diploma,1.6,20,5,0,20,187,450,132,486,Approved
Institution_9673,Non-Rural,Combined,0.96,12,3,30,12,83,650,132,545,Not Approved
Institution_8115,Non-Rural,Combined,4.4,12,3,30,9,112,400,132,279,Not Approved
Institution_9273,Rural,PG,6.59,16,4,40,16,272,650,132,145,Not Approved
Institution_3495,Non-Rural,UG,4.47,16,4,0,8,261,500,132,224,Approved
Institution_1664,Non-Rural,UG,1.89,4,1,0,2,112,600,132,380,Not Approved
Institution_4592,Rural,PG,10.02,12,3,30,12,177,500,132,593,Approved
Institution_4975,Non-Rural,UG,4.75,4,1,0,3,204,550,132,570,Approved
Institution_4769,Non-Rural,PG,1.24,20,5,50,20,294,500,132,528,Not Approved
Institution_2216,Rural,PG,14.7,4,1,10,2,261,450,132,530,Approved
Institution_4140,Rural,Diploma,9.46,4,1,0,3,87,600,132,220,Not Approved
Institution_7252,Non-Rural,UG,2.9,16,4,0,8,269,400,132,460,Approved
Institution_8412,Rural,Combined,14.71,16,4,40,12,275,600,132,208,Approved
Institution_1092,Rural,Diploma,5.8,16,4,0,8,283,650,132,544,Approved
Institution_8653,Non-Rural,PG,1.79,4,1,10,3,189,400,132,328,Not Approved
Institution_6693,Non-Rural,PG,4.24,8,2,20,4,107,400,132,364,Not Approved
Institution_7595,Non-Rural,PG,4.53,8,2,20,6,161,600,132,487,Approved
Institution_6207,Non-Rural,UG,3.86,12,3,0,3,195,650,132,294,Approved
Institution_4709,Rural,Combined,14.71,20,5,50,10,78,450,132,484,Not Approved
Institution_5072,Non-Rural,Combined,2.14,12,3,30,12,271,400,132,161,Approved
Institution_6474,Rural,Diploma,9.23,4,1,0,1,194,550,132,384,Approved
Institution_9848,Rural,PG,12.07,20,5,50,20,57,650,132,175,Not Approved
Institution_6419,Non-Rural,PG,1.31,12,3,30,3,289,550,132,111,Not Approved
Institution_1751,Non-Rural,UG,2.79,4,1,0,2,267,450,132,124,Approved
Institution_9818,Rural,UG,10.83,4,1,0,4,177,650,132,494,Approved
Institution_3704,Non-Rural,Combined,0.53,4,1,10,4,201,450,132,525,Approved
Institution_2305,Non-Rural,PG,1.81,8,2,20,6,263,550,132,437,Not Approved
Institution_1044,Non-Rural,Diploma,1.54,12,3,0,3,122,550,132,245,Not Approved
Institution_3184,Rural,Diploma,2.65,12,3,0,12,253,450,132,591,Not Approved
Institution_7624,Rural,UG,9.29,16,4,0,12,157,500,132,586,Not Approved
Institution_5208,Non-Rural,Diploma,0.53,20,5,0,5,169,600,132,377,Not Approved
Institution_7316,Non-Rural,UG,4.74,8,2,0,2,252,600,132,135,Approved
Institution_1660,Non-Rural,Diploma,1.96,4,1,0,3,257,650,132,571,Approved
Institution_6967,Non-Rural,Combined,2.07,4,1,10,2,296,400,132,287,Approved
Institution_4272,Rural,PG,8.08,8,2,20,6,172,400,132,398,Not Approved
Institution_9863,Rural,PG,9.1,12,3,30,9,233,400,132,469,Not Approved
Institution_7288,Non-Rural,UG,0.84,8,2,0,2,289,550,132,196,Not Approved
Institution_5319,Rural,Diploma,3.54,20,5,0,10,111,400,132,260,Not Approved
Institution_4291,Non-Rural,PG,2.09,12,3,30,12,82,650,132,386,Not Approved
Institution_1322,Rural,UG,14.94,12,3,0,12,184,600,132,331,Approved
Institution_2738,Non-Rural,Diploma,0.77,20,5,0,15,173,600,132,407,Not Approved
Institution_7079,Non-Rural,Diploma,0.77,8,2,0,2,202,650,132,520,Not Approved
Institution_8604,Rural,UG,8.14,4,1,0,4,293,400,132,214,Not Approved
Institution_1725,Non-Rural,Diploma,1.99,16,4,0,12,194,650,132,381,Approved
Institution_4147,Non-Rural,Combined,1.48,12,3,30,3,286,650,132,256,Approved
Institution_7895,Rural,Combined,9.5,4,1,10,4,113,600,132,307,Not Approved
Institution_7155,Rural,Diploma,3.22,20,5,0,5,237,550,132,261,Not Approved
Institution_7689,Rural,PG,14.45,4,1,10,3,271,650,132,198,Approved
Institution_8597,Non-Rural,Diploma,0.66,12,3,0,6,150,450,132,229,Not Approved
Institution_5060,Non-Rural,UG,3.46,4,1,0,3,83,650,132,513,Not Approved
Institution_3692,Rural,Combined,8.32,20,5,50,10,122,400,132,387,Not Approved
Institution_2025,Non-Rural,UG,2.26,20,5,0,10,285,550,132,449,Not Approved
Institution_3006,Non-Rural,UG,1.26,12,3,0,3,98,600,132,467,Not Approved
Institution_1506,Non-Rural,PG,3.92,20,5,50,15,298,500,132,216,Approved
Institution_4742,Non-Rural,UG,3.6,4,1,0,4,231,400,132,386,Approved
Institution_6469,Non-Rural,Combined,4.47,16,4,40,12,118,550,132,513,Not Approved
Institution_4951,Rural,UG,9.16,12,3,0,6,109,400,132,583,Not Approved
Institution_2477,Non-Rural,Diploma,0.73,4,1,0,3,95,400,132,384,Not Approved
Institution_9220,Non-Rural,PG,2.51,12,3,30,9,259,450,132,137,Approved
Institution_7918,Non-Rural,Diploma,0.66,8,2,0,6,233,400,132,397,Not Approved
Institution_1420,Non-Rural,Diploma,1.36,12,3,0,9,193,450,132,462,Not Approved
Institution_2541,Non-Rural,Combined,4.17,16,4,40,16,237,500,132,323,Approved
Institution_8363,Rural,UG,13.16,4,1,0,4,159,550,132,590,Approved
Institution_6154,Rural,Combined,10.66,8,2,20,2,132,450,132,155,Not Approved
Institution_2061,Non-Rural,Diploma,1.9,20,5,0,20,91,600,132,475,Not Approved
Institution_9775,Rural,Combined,14.88,12,3,30,9,166,550,132,596,Approved
Institution_4614,Non-Rural,Combined,3.84,16,4,40,8,267,600,132,238,Approved
Institution_9936,Rural,UG,12.1,8,2,0,4,214,600,132,354,Approved
Institution_5447,Non-Rural,Combined,4.93,20,5,50,10,80,600,132,154,Not Approved
Institution_6423,Rural,Diploma,5.79,4,1,0,3,267,400,132,123,Approved
Institution_6408,Non-Rural,Diploma,1.6,8,2,0,4,280,400,132,328,Approved
Institution_8212,Rural,PG,5.17,12,3,30,9,209,550,132,319,Not Approved
Institution_4223,Non-Rural,UG,3.37,8,2,0,8,105,450,132,182,Not Approved
Institution_9958,Rural,Diploma,2.62,12,3,0,9,168,500,132,234,Not Approved
Institution_7159,Rural,Diploma,7.06,12,3,0,3,124,650,132,162,Not Approved
Institution_2344,Rural,UG,7.88,4,1,0,2,161,650,132,435,Not Approved
Institution_7741,Rural,Diploma,9.42,4,1,0,1,235,450,132,179,Approved
Institution_5826,Rural,PG,9.9,12,3,30,6,91,550,132,225,Not Approved
Institution_4434,Non-Rural,Diploma,1.61,12,3,0,3,155,450,132,440,Approved
Institution_2111,Rural,Combined,13.75,12,3,30,3,176,650,132,212,Approved
Institution_8696,Rural,UG,8.01,20,5,0,10,170,650,132,296,Not Approved
Institution_5365,Non-Rural,PG,3.9,20,5,50,10,90,550,132,498,Not Approved
Institution_3196,Rural,Combined,6.05,16,4,40,16,187,650,132,468,Approved
Institution_8137,Non-Rural,Combined,1.74,20,5,50,15,293,450,132,210,Approved
Institution_6704,Rural,Diploma,4.09,20,5,0,5,74,400,132,170,Not Approved
Institution_7902,Rural,PG,12.59,20,5,50,5,92,600,132,324,Not Approved
Institution_9023,Rural,PG,12.9,8,2,20,8,118,600,132,589,Not Approved
Institution_4419,Non-Rural,Diploma,0.69,16,4,0,16,85,450,132,108,Not Approved
Institution_1012,Non-Rural,UG,2.68,16,4,0,16,148,550,132,202,Not Approved
Institution_2489,Non-Rural,Diploma,0.57,12,3,0,9,235,600,132,593,Not Approved
Institution_8943,Non-Rural,PG,1.36,20,5,50,5,263,550,132,433,Not Approved
Institution_7255,Non-Rural,PG,3.19,4,1,10,2,175,550,132,166,Approved
Institution_4117,Rural,Combined,10.06,20,5,50,15,198,600,132,557,Approved
Institution_3018,Non-Rural,UG,0.56,16,4,0,16,141,500,132,135,Not Approved
Institution_6588,Non-Rural,PG,2.23,20,5,50,10,208,550,132,493,Not Approved
Institution_3804,Rural,PG,5.13,16,4,40,16,102,450,132,436,Not Approved
Institution_4706,Rural,Diploma,8.86,20,5,0,15,141,650,132,466,Not Approved
Institution_8083,Non-Rural,PG,1.22,12,3,30,12,246,400,132,109,Not Approved
Institution_3323,Non-Rural,Diploma,1.47,12,3,0,6,69,650,132,437,Not Approved
Institution_3239,Rural,UG,13.42,16,4,0,4,227,400,132,481,Approved
Institution_6047,Non-Rural,PG,3.31,20,5,50,5,260,500,132,308,Approved
Institution_3481,Rural,Combined,7.07,12,3,30,6,208,500,132,304,Approved
Institution_4313,Rural,Combined,5.83,12,3,30,3,255,650,132,501,Approved
Institution_6238,Rural,Diploma,8.95,8,2,0,8,145,500,132,178,Not Approved
Institution_6382,Rural,Combined,10.38,12,3,30,12,238,550,132,416,Approved
Institution_2000,Non-Rural,Combined,3.89,8,2,20,2,299,500,132,551,Approved
Institution_7205,Non-Rural,Combined,2.19,16,4,40,4,237,500,132,438,Approved
Institution_8873,Non-Rural,UG,3.64,20,5,0,5,269,650,132,524,Approved
Institution_6453,Rural,UG,5.92,20,5,0,5,171,550,132,411,Not Approved
Institution_5311,Non-Rural,Diploma,1.89,4,1,0,3,237,600,132,232,Approved
Institution_7788,Non-Rural,Diploma,1.88,8,2,0,8,237,400,132,220,Approved
Institution_7473,Non-Rural,Combined,1.75,8,2,20,4,250,650,132,294,Approved
Institution_9203,Rural,Combined,13.85,4,1,10,1,249,500,132,564,Approved
Institution_5113,Rural,Diploma,8.83,16,4,0,8,181,550,132,123,Approved
Institution_9779,Non-Rural,UG,4.77,8,2,0,8,212,450,132,145,Approved
Institution_8176,Non-Rural,Diploma,1.51,4,1,0,1,269,600,132,470,Approved
Institution_9420,Non-Rural,Diploma,0.87,8,2,0,6,236,400,132,218,Not Approved
Institution_1091,Rural,UG,14.99,4,1,0,4,60,600,132,376,Not Approved
Institution_2096,Non-Rural,Combined,1.37,12,3,30,6,73,550,132,268,Not Approved
Institution_5254,Rural,Combined,12.2,12,3,30,6,204,450,132,561,Approved
Institution_4280,Non-Rural,Diploma,1.08,4,1,0,2,266,400,132,381,Not Approved
Institution_5506,Rural,Combined,12.89,16,4,40,8,102,500,132,326,Not Approved
Institution_2500,Non-Rural,Combined,3.94,16,4,40,12,193,600,132,155,Approved
Institution_2026,Non-Rural,UG,3.46,4,1,0,4,251,450,132,372,Approved
Institution_6090,Non-Rural,PG,1.27,20,5,50,5,294,600,132,600,Not Approved
Institution_9523,Rural,PG,9.86,8,2,20,4,264,600,132,574,Not Approved
Institution_6594,Non-Rural,Diploma,1.43,8,2,0,8,298,450,132,400,Not Approved
Institution_2875,Non-Rural,UG,0.95,8,2,0,2,188,500,132,260,Not Approved
Institution_2715,Non-Rural,Diploma,0.55,16,4,0,16,287,500,132,403,Not Approved
Institution_3366,Rural,UG,8.13,4,1,0,4,261,500,132,139,Not Approved
Institution_7102,Rural,Diploma,3.66,16,4,0,8,224,400,132,562,Not Approved
Institution_5911,Rural,Combined,14.41,16,4,40,8,200,600,132,105,Approved
Institution_2232,Rural,PG,12.89,8,2,20,4,182,600,132,221,Approved
Institution_1244,Rural,Diploma,8.96,8,2,0,6,266,400,132,177,Approved
Institution_8782,Rural,Diploma,3.13,4,1,0,3,242,600,132,524,Not Approved
Institution_1228,Non-Rural,PG,4.19,20,5,50,10,56,650,132,324,Not Approved
Institution_5307,Non-Rural,Combined,0.68,12,3,30,3,99,500,132,308,Not Approved
Institution_1156,Rural,Diploma,9.58,12,3,0,12,258,400,132,181,Approved
Institution_4978,Rural,UG,10.04,16,4,0,8,253,400,132,126,Approved
Institution_8202,Rural,UG,10.91,4,1,0,1,106,500,132,141,Not Approved
Institution_4914,Non-Rural,Diploma,1.04,12,3,0,12,297,450,132,259,Not Approved
Institution_2539,Non-Rural,Combined,0.82,16,4,40,8,55,500,132,550,Not Approved
Institution_3781,Non-Rural,Diploma,1.49,20,5,0,20,258,500,132,533,Not Approved
Institution_6442,Non-Rural,UG,2.38,4,1,0,3,298,600,132,104,Not Approved
Institution_7948,Rural,Combined,7.11,8,2,20,8,142,650,132,314,Not Approved
Institution_3820,Rural,PG,10.47,16,4,40,12,131,400,132,210,Not Approved
Institution_6708,Rural,Combined,8.36,12,3,30,9,96,500,132,369,Not Approved
Institution_1703,Non-Rural,PG,1.84,8,2,20,8,195,550,132,580,Not Approved
Institution_6137,Rural,Combined,13.57,4,1,10,1,161,400,132,189,Approved
Institution_9237,Non-Rural,Combined,3.71,16,4,40,12,117,650,132,455,Not Approved
Institution_4884,Rural,UG,11.02,12,3,0,9,231,450,132,144,Approved
Institution_8362,Non-Rural,UG,4.08,8,2,0,6,259,600,132,283,Approved
Institution_7123,Non-Rural,UG,4.63,4,1,0,4,240,500,132,347,Approved
Institution_6013,Non-Rural,Diploma,0.93,20,5,0,10,181,600,132,567,Not Approved
Institution_3141,Rural,UG,11.38,12,3,0,9,259,450,132,138,Approved
Institution_4638,Rural,Diploma,2.06,16,4,0,16,296,650,132,525,Not Approved
Institution_9458,Non-Rural,PG,3.52,8,2,20,2,300,550,132,259,Approved
Institution_2304,Non-Rural,PG,2.23,16,4,40,16,201,500,132,499,Not Approved
Institution_4552,Rural,PG,10.12,12,3,30,6,139,650,132,276,Not Approved
Institution_9500,Non-Rural,Diploma,1.31,12,3,0,12,169,650,132,287,Not Approved
Institution_9526,Rural,PG,5.59,12,3,30,6,112,550,132,337,Not Approved
Institution_6753,Rural,UG,6.49,12,3,0,12,131,400,132,320,Not Approved
Institution_6644,Rural,UG,7.54,16,4,0,4,260,600,132,208,Not Approved
Institution_8235,Non-Rural,UG,1.62,8,2,0,4,229,650,132,279,Not Approved
Institution_6438,Non-Rural,UG,1.2,4,1,0,1,175,400,132,572,Not Approved
Institution_9746,Non-Rural,UG,4.21,8,2,0,2,210,450,132,166,Approved
Institution_7966,Rural,UG,7.1,20,5,0,10,175,450,132,383,Not Approved
Institution_9900,Rural,PG,11.92,16,4,40,16,140,650,132,118,Not Approved
Institution_3354,Rural,Diploma,4.16,20,5,0,10,71,650,132,400,Not Approved
Institution_1374,Rural,UG,8.03,8,2,0,8,175,400,132,389,Not Approved
Institution_6763,Rural,PG,5.5,12,3,30,6,241,650,132,490,Not Approved
Institution_6934,Non-Rural,Diploma,1.31,20,5,0,10,66,500,132,217,Not Approved
Institution_7482,Rural,Combined,11.57,4,1,10,4,232,500,132,129,Approved
Institution_6361,Non-Rural,PG,2.7,4,1,10,3,128,450,132,519,Not Approved
Institution_4021,Non-Rural,UG,4.7,4,1,0,2,142,550,132,275,Not Approved
Institution_2190,Rural,UG,9.82,20,5,0,10,253,650,132,166,Not Approved
Institution_1541,Rural,PG,7.87,12,3,30,9,160,600,132,231,Not Approved
Institution_1084,Non-Rural,Combined,3.49,16,4,40,12,139,500,132,226,Not Approved
Institution_5945,Rural,Diploma,3.47,20,5,0,15,259,400,132,303,Not Approved
Institution_6923,Rural,Combined,6.0,16,4,40,4,72,500,132,244,Not Approved
Institution_1864,Rural,Combined,6.62,16,4,40,8,176,550,132,546,Approved
Institution_4567,Rural,Diploma,3.16,12,3,0,12,151,500,132,211,Not Approved
Institution_1896,Rural,UG,11.86,20,5,0,5,121,650,132,246,Not Approved
Institution_9818,Rural,Combined,8.56,16,4,40,8,248,550,132,550,Approved
Institution_1806,Non-Rural,Combined,2.56,12,3,30,9,220,600,132,549,Approved
Institution_7762,Rural,Diploma,4.33,16,4,0,16,109,500,132,190,Not Approved
Institution_8548,Rural,UG,7.43,20,5,0,10,272,600,132,492,Not Approved
Institution_2225,Rural,UG,11.35,20,5,0,10,269,450,132,582,Approved
Institution_8005,Rural,Diploma,3.14,16,4,0,4,239,650,132,479,Not Approved
Institution_7704,Rural,PG,10.77,12,3,30,6,208,500,132,384,Approved
Institution_1719,Non-Rural,Diploma,1.86,12,3,0,9,203,650,132,571,Approved
Institution_1405,Non-Rural,Combined,2.4,4,1,10,2,112,600,132,369,Not Approved
Institution_4215,Non-Rural,PG,3.47,20,5,50,5,165,400,132,509,Approved
Institution_1373,Non-Rural,PG,4.45,12,3,30,9,216,500,132,274,Approved
Institution_2996,Rural,PG,11.41,16,4,40,4,83,650,132,363,Not Approved
Institution_8653,Rural,PG,11.36,4,1,10,3,240,550,132,177,Approved
Institution_6018,Rural,UG,7.55,16,4,0,8,184,600,132,281,Not Approved
Institution_2575,Rural,PG,12.21,12,3,30,3,122,500,132,457,Not Approved
Institution_3196,Rural,PG,13.52,20,5,50,5,157,650,132,147,Approved
Institution_5904,Non-Rural,Combined,3.85,8,2,20,8,230,650,132,271,Approved
Institution_2269,Rural,Diploma,8.03,12,3,0,12,281,450,132,538,Approved
Institution_2737,Non-Rural,UG,0.57,16,4,0,12,155,600,132,154,Not Approved
Institution_1483,Rural,UG,9.59,4,1,0,2,242,450,132,487,Not Approved
Institution_4916,Non-Rural,PG,3.88,8,2,20,6,125,500,132,233,Not Approved
Institution_4135,Non-Rural,PG,1.65,4,1,10,3,276,500,132,199,Not Approved
Institution_1440,Non-Rural,PG,4.15,16,4,40,16,272,500,132,522,Approved
Institution_5087,Rural,Diploma,7.68,20,5,0,20,189,450,132,147,Approved
Institution_9665,Rural,UG,7.55,12,3,0,6,296,650,132,455,Not Approved
Institution_9177,Non-Rural,Diploma,0.56,8,2,0,6,94,450,132,427,Not Approved
Institution_6461,Non-Rural,Diploma,1.26,4,1,0,1,194,400,132,454,Not Approved
Institution_1079,Rural,Diploma,6.1,16,4,0,12,131,600,132,474,Not Approved
Institution_4007,Rural,UG,6.66,4,1,0,3,157,550,132,193,Not Approved
Institution_9384,Non-Rural,Diploma,0.94,8,2,0,6,125,550,132,262,Not Approved
Institution_6451,Non-Rural,PG,1.57,4,1,10,2,283,650,132,101,Not Approved
Institution_6531,Rural,Diploma,8.04,12,3,0,12,206,600,132,119,Approved
Institution_2880,Rural,Combined,7.09,8,2,20,4,190,600,132,108,Approved
Institution_4677,Non-Rural,Diploma,1.43,8,2,0,6,211,650,132,472,Not Approved
Institution_9755,Non-Rural,UG,4.7,4,1,0,4,184,550,132,341,Approved
Institution_4970,Non-Rural,PG,0.99,16,4,40,16,293,500,132,543,Not Approved
Institution_8589,Rural,Combined,14.91,12,3,30,12,293,600,132,230,Approved
Institution_9595,Rural,Combined,5.71,8,2,20,6,272,400,132,519,Approved
Institution_1523,Non-Rural,UG,1.62,12,3,0,6,102,450,132,229,Not Approved
Institution_2880,Rural,Combined,7.24,16,4,40,16,85,400,132,409,Not Approved
Institution_9027,Rural,Diploma,2.4,4,1,0,2,300,450,132,131,Not Approved
Institution_4179,Rural,PG,14.37,8,2,20,4,61,400,132,243,Not Approved
Institution_9368,Non-Rural,PG,4.81,16,4,40,16,176,650,132,340,Approved
Institution_7470,Rural,Diploma,6.86,4,1,0,4,166,600,132,411,Approved
Institution_7215,Non-Rural,Diploma,1.53,8,2,0,2,234,400,132,454,Approved
Institution_4339,Rural,UG,10.36,4,1,0,3,169,600,132,116,Approved
Institution_7755,Non-Rural,Combined,3.05,8,2,20,4,137,650,132,245,Not Approved
Institution_5828,Non-Rural,PG,1.57,20,5,50,15,207,550,132,313,Not Approved
Institution_9154,Non-Rural,Combined,2.11,8,2,20,6,94,500,132,103,Not Approved
Institution_1598,Non-Rural,Combined,0.72,4,1,10,1,145,550,132,570,Not Approved
Institution_9170,Rural,Diploma,3.1,20,5,0,5,202,550,132,252,Not Approved
Institution_4200,Rural,Diploma,7.59,16,4,0,12,154,650,132,579,Approved
Institution_4390,Rural,Combined,6.73,8,2,20,6,261,600,132,312,Approved
Institution_3908,Rural,Diploma,3.05,8,2,0,8,248,550,132,210,Not Approved
Institution_2496,Non-Rural,Diploma,1.49,16,4,0,4,210,400,132,358,Not Approved
Institution_1482,Rural,Combined,14.02,8,2,20,4,251,550,132,247,Approved
Institution_2810,Non-Rural,PG,4.76,16,4,40,12,198,400,132,525,Approved
Institution_1558,Rural,Diploma,4.5,12,3,0,12,231,500,132,537,Not Approved
Institution_2756,Rural,UG,5.22,8,2,0,8,281,650,132,500,Not Approved
Institution_7674,Non-Rural,UG,3.27,8,2,0,8,217,550,132,241,Approved
Institution_9720,Rural,Combined,6.52,16,4,40,8,191,400,132,571,Approved
Institution_1110,Rural,UG,6.97,8,2,0,8,239,600,132,320,Not Approved
Institution_8820,Non-Rural,UG,3.74,16,4,0,4,187,550,132,521,Approved
Institution_4039,Non-Rural,UG,1.8,4,1,0,3,285,400,132,177,Not Approved
Institution_7398,Non-Rural,Combined,2.6,16,4,40,16,115,400,132,395,Not Approved
Institution_7842,Non-Rural,UG,1.94,8,2,0,4,224,400,132,540,Not Approved
Institution_5776,Non-Rural,Diploma,0.68,20,5,0,5,58,500,132,101,Not Approved
Institution_6595,Non-Rural,Diploma,1.06,8,2,0,4,232,650,132,592,Not Approved
Institution_9295,Non-Rural,Combined,3.15,20,5,50,15,173,500,132,335,Approved
Institution_7025,Non-Rural,Combined,0.97,20,5,50,10,162,550,132,520,Approved
Institution_6006,Rural,UG,8.14,20,5,0,10,285,650,132,111,Not Approved
Institution_5119,Rural,Diploma,4.98,20,5,0,15,150,600,132,194,Not Approved
Institution_4736,Non-Rural,Diploma,1.38,12,3,0,9,176,400,132,220,Not Approved
Institution_6814,Non-Rural,PG,4.05,12,3,30,6,300,400,132,569,Approved
Institution_9433,Non-Rural,Combined,1.94,12,3,30,6,180,600,132,207,Approved
Institution_3609,Rural,PG,9.18,8,2,20,2,259,650,132,185,Not Approved
Institution_4688,Non-Rural,Combined,3.03,12,3,30,9,129,500,132,271,Not Approved
Institution_2385,Rural,UG,5.61,20,5,0,15,178,450,132,571,Not Approved
Institution_4950,Rural,PG,12.95,16,4,40,8,176,650,132,409,Approved
Institution_3476,Rural,UG,12.86,12,3,0,9,176,550,132,366,Approved
Institution_4585,Rural,PG,11.34,16,4,40,8,253,450,132,277,Approved
Institution_8634,Non-Rural,UG,2.84,8,2,0,2,176,400,132,389,Approved
Institution_1559,Rural,Combined,9.4,8,2,20,2,147,400,132,143,Not Approved
Institution_2245,Non-Rural,UG,0.83,4,1,0,3,141,550,132,473,Not Approved
Institution_5353,Non-Rural,PG,3.98,20,5,50,15,270,600,132,548,Approved
Institution_2312,Non-Rural,Combined,0.51,8,2,20,8,208,500,132,261,Approved
Institution_7620,Rural,Combined,13.95,12,3,30,9,256,500,132,509,Approved
Institution_5213,Non-Rural,UG,3.89,16,4,0,12,158,500,132,408,Approved
Institution_1553,Non-Rural,Diploma,0.57,20,5,0,5,265,400,132,449,Not Approved
Institution_6677,Non-Rural,Combined,2.24,16,4,40,4,298,500,132,378,Approved
Institution_1875,Non-Rural,UG,4.68,8,2,0,2,135,400,132,196,Not Approved
Institution_6216,Rural,Combined,11.36,20,5,50,10,77,500,132,240,Not Approved
Institution_9666,Non-Rural,UG,0.79,16,4,0,8,281,650,132,168,Not Approved
Institution_6835,Rural,PG,12.32,16,4,40,12,115,500,132,201,Not Approved
Institution_8478,Non-Rural,PG,3.23,8,2,20,4,275,550,132,490,Approved
Institution_2581,Rural,UG,10.51,20,5,0,15,131,600,132,211,Not Approved
Institution_2455,Rural,PG,5.34,12,3,30,12,294,600,132,391,Not Approved
Institution_8283,Non-Rural,PG,1.74,12,3,30,12,93,500,132,518,Not Approved
Institution_5085,Rural,PG,13.98,8,2,20,2,231,600,132,229,Approved
Institution_2885,Rural,Diploma,6.02,20,5,0,5,197,600,132,450,Approved
Institution_3780,Non-Rural,PG,0.85,12,3,30,12,66,500,132,430,Not Approved
Institution_7549,Rural,UG,8.18,16,4,0,12,66,400,132,463,Not Approved
Institution_5497,Non-Rural,Combined,0.98,8,2,20,6,84,450,132,460,Not Approved
Institution_5212,Non-Rural,UG,4.7,8,2,0,4,224,400,132,455,Approved
Institution_1971,Rural,PG,7.69,4,1,10,1,247,550,132,328,Not Approved
Institution_1485,Rural,PG,8.65,8,2,20,4,294,500,132,397,Not Approved
Institution_5892,Rural,Diploma,9.4,20,5,0,5,228,600,132,545,Approved
Institution_8070,Rural,UG,12.33,20,5,0,5,213,550,132,530,Approved
Institution_5848,Non-Rural,Diploma,1.88,8,2,0,4,126,650,132,472,Not Approved
Institution_4809,Rural,PG,10.05,12,3,30,3,205,650,132,435,Approved
Institution_2231,Rural,Diploma,2.18,8,2,0,4,236,500,132,124,Not Approved
Institution_8285,Rural,Diploma,4.28,8,2,0,4,205,400,132,468,Not Approved
Institution_3246,Non-Rural,Combined,2.46,12,3,30,6,221,450,132,245,Approved
Institution_1321,Rural,Diploma,3.92,12,3,0,6,195,400,132,404,Not Approved
Institution_8132,Non-Rural,PG,1.94,12,3,30,9,151,550,132,414,Not Approved
Institution_6152,Non-Rural,PG,0.99,8,2,20,2,192,650,132,481,Not Approved
Institution_3015,Non-Rural,Combined,3.96,12,3,30,9,198,400,132,211,Approved
Institution_4855,Rural,PG,12.32,4,1,10,1,249,500,132,394,Approved
Institution_2341,Rural,Diploma,3.37,12,3,0,9,255,650,132,577,Not Approved
Institution_1696,Rural,PG,13.23,20,5,50,10,186,600,132,413,Approved
Institution_2181,Non-Rural,UG,3.57,12,3,0,12,218,450,132,499,Approved
Institution_6139,Rural,Diploma,4.33,20,5,0,20,213,450,132,170,Not Approved
Institution_1181,Non-Rural,Diploma,1.21,12,3,0,3,140,400,132,109,Not Approved
Institution_2780,Rural,Combined,9.78,8,2,20,6,163,500,132,390,Approved
Institution_5047,Rural,PG,5.8,4,1,10,2,267,550,132,430,Not Approved
Institution_8830,Non-Rural,PG,4.56,4,1,10,1,106,500,132,407,Not Approved
Institution_1527,Non-Rural,PG,1.79,4,1,10,2,199,500,132,180,Not Approved
Institution_2235,Non-Rural,PG,3.43,12,3,30,3,138,500,132,455,Not Approved
Institution_3814,Rural,Diploma,7.96,20,5,0,5,295,400,132,114,Approved
Institution_9573,Non-Rural,Diploma,1.77,8,2,0,8,293,400,132,573,Approved
Institution_8255,Non-Rural,PG,2.84,8,2,20,8,197,500,132,310,Approved
Institution_8568,Non-Rural,Combined,2.54,12,3,30,9,240,600,132,396,Approved
Institution_6104,Rural,Combined,12.19,8,2,20,4,269,550,132,581,Approved
Institution_1968,Rural,Combined,8.89,4,1,10,1,166,600,132,424,Approved
Institution_5241,Rural,Combined,11.49,20,5,50,15,246,650,132,566,Approved
Institution_7810,Rural,PG,10.12,16,4,40,16,256,500,132,107,Approved
Institution_2733,Rural,Diploma,7.25,20,5,0,10,53,450,132,595,Not Approved
Institution_8459,Rural,Combined,5.69,8,2,20,2,218,550,132,196,Approved
Institution_3536,Rural,PG,7.59,4,1,10,2,298,400,132,145,Not Approved
Institution_2562,Non-Rural,UG,1.39,20,5,0,10,268,450,132,386,Not Approved
Institution_9738,Non-Rural,PG,1.2,16,4,40,16,242,500,132,317,Not Approved
Institution_3393,Non-Rural,PG,3.89,20,5,50,15,277,650,132,348,Approved
Institution_1140,Rural,PG,9.23,8,2,20,6,108,450,132,176,Not Approved
Institution_8470,Non-Rural,Combined,0.92,16,4,40,8,166,500,132,480,Approved
Institution_1575,Non-Rural,UG,5.0,8,2,0,2,240,500,132,586,Approved
Institution_1699,Rural,Combined,10.62,20,5,50,10,96,450,132,197,Not Approved
Institution_8952,Rural,PG,6.22,4,1,10,1,167,600,132,251,Not Approved
Institution_7715,Rural,Combined,13.59,4,1,10,2,277,600,132,451,Approved
Institution_1988,Non-Rural,Combined,4.53,8,2,20,6,137,400,132,246,Not Approved
Institution_8945,Non-Rural,PG,3.22,12,3,30,6,215,550,132,208,Approved
Institution_9766,Non-Rural,UG,2.97,4,1,0,1,281,600,132,368,Approved
Institution_7849,Rural,Diploma,7.34,16,4,0,12,124,650,132,199,Not Approved
Institution_7093,Rural,PG,8.27,16,4,40,4,172,400,132,317,Not Approved
Institution_8107,Non-Rural,UG,4.17,8,2,0,2,212,400,132,299,Approved
Institution_2198,Rural,UG,14.71,4,1,0,4,250,400,132,555,Approved
Institution_9390,Rural,Diploma,2.58,16,4,0,8,271,500,132,239,Not Approved
Institution_1432,Non-Rural,PG,2.51,4,1,10,4,261,650,132,389,Approved
Institution_2250,Non-Rural,Diploma,0.94,20,5,0,10,238,650,132,397,Not Approved
Institution_7755,Rural,Combined,9.68,4,1,10,2,99,550,132,239,Not Approved
Institution_6207,Non-Rural,Diploma,1.88,4,1,0,3,286,500,132,172,Approved
Institution_6163,Non-Rural,Combined,4.1,16,4,40,16,186,550,132,274,Approved
Institution_1581,Non-Rural,Combined,4.44,20,5,50,5,222,650,132,414,Approved
Institution_6860,Non-Rural,PG,2.52,16,4,40,12,244,550,132,307,Approved
Institution_6539,Non-Rural,UG,3.12,12,3,0,9,218,500,132,261,Approved
Institution_1464,Rural,Combined,11.41,16,4,40,8,168,500,132,586,Approved
Institution_5711,Rural,Combined,9.08,20,5,50,5,102,600,132,141,Not Approved
Institution_3908,Rural,Combined,12.56,12,3,30,6,245,500,132,546,Approved
Institution_2920,Non-Rural,PG,4.77,8,2,20,8,285,550,132,480,Approved
Institution_1759,Rural,Combined,11.55,16,4,40,4,165,600,132,114,Approved
Institution_9335,Rural,PG,12.12,16,4,40,16,155,500,132,313,Approved
Institution_5884,Rural,Combined,14.16,8,2,20,6,206,400,132,320,Approved
Institution_7040,Non-Rural,PG,2.81,12,3,30,9,103,500,132,144,Not Approved
Institution_4574,Rural,PG,7.63,20,5,50,20,115,600,132,336,Not Approved
Institution_6563,Rural,UG,12.33,12,3,0,3,152,650,132,151,Approved
Institution_9582,Non-Rural,UG,1.04,4,1,0,4,201,500,132,290,Not Approved
Institution_3776,Rural,Combined,7.74,16,4,40,12,187,450,132,377,Approved
Institution_8449,Rural,PG,6.68,12,3,30,6,91,550,132,279,Not Approved
Institution_9404,Rural,UG,5.33,20,5,0,20,292,450,132,468,Not Approved
Institution_3724,Rural,Diploma,9.73,20,5,0,10,203,550,132,217,Approved
Institution_5450,Rural,Diploma,9.25,8,2,0,8,297,450,132,555,Approved
Institution_9688,Non-Rural,Combined,3.82,8,2,20,4,168,650,132,528,Approved
Institution_1587,Rural,Combined,6.1,8,2,20,2,291,650,132,548,Approved
Institution_2708,Non-Rural,UG,3.34,12,3,0,12,182,450,132,381,Approved
Institution_6972,Non-Rural,Combined,3.76,20,5,50,20,54,650,132,548,Not Approved
Institution_9162,Rural,Diploma,3.93,20,5,0,15,196,650,132,319,Not Approved
Institution_4219,Rural,Diploma,5.09,4,1,0,4,63,600,132,145,Not Approved
Institution_2226,Rural,PG,14.47,12,3,30,6,282,500,132,227,Approved
Institution_9466,Non-Rural,Combined,2.01,4,1,10,4,184,550,132,372,Approved
Institution_6668,Non-Rural,PG,1.63,8,2,20,2,95,600,132,428,Not Approved
Institution_7644,Rural,Combined,13.36,12,3,30,6,152,650,132,530,Approved
Institution_7711,Rural,Diploma,4.88,8,2,0,2,210,550,132,395,Not Approved
Institution_4313,Non-Rural,PG,3.14,20,5,50,15,205,500,132,472,Approved
Institution_6198,Non-Rural,UG,0.63,4,1,0,3,105,400,132,375,Not Approved
Institution_7913,Rural,PG,5.63,20,5,50,20,122,550,132,541,Not Approved
Institution_2868,Rural,Diploma,9.48,20,5,0,20,259,550,132,572,Approved
Institution_8404,Rural,Diploma,2.74,8,2,0,4,220,550,132,174,Not Approved
Institution_3672,Non-Rural,UG,4.93,16,4,0,16,185,550,132,556,Approved
Institution_1062,Rural,PG,9.22,4,1,10,4,270,550,132,487,Not Approved
Institution_6871,Rural,Diploma,8.32,4,1,0,4,157,550,132,100,Approved
Institution_8364,Non-Rural,Diploma,0.85,20,5,0,15,197,650,132,441,Not Approved
Institution_2277,Non-Rural,Diploma,1.09,8,2,0,2,148,400,132,239,Not Approved
Institution_6206,Non-Rural,Diploma,1.33,12,3,0,12,66,500,132,168,Not Approved
Institution_6049,Rural,PG,13.03,8,2,20,4,258,450,132,326,Approved
Institution_4706,Non-Rural,UG,3.18,8,2,0,8,188,600,132,598,Approved
Institution_6754,Non-Rural,Combined,4.66,16,4,40,8,174,450,132,449,Approved
Institution_3667,Rural,UG,11.64,12,3,0,12,76,600,132,203,Not Approved
Institution_9935,Rural,PG,7.42,12,3,30,6,258,450,132,582,Not Approved
Institution_7454,Rural,Combined,9.52,8,2,20,8,71,450,132,216,Not Approved
Institution_1079,Rural,Diploma,5.58,8,2,0,6,145,550,132,350,Not Approved
Institution_4029,Non-Rural,PG,2.02,8,2,20,8,169,450,132,423,Not Approved
Institution_2079,Rural,Diploma,7.1,12,3,0,12,120,450,132,172,Not Approved
Institution_1862,Non-Rural,UG,1.22,4,1,0,1,257,550,132,586,Not Approved
Institution_6906,Rural,Diploma,7.26,8,2,0,6,151,600,132,255,Approved
Institution_1252,Non-Rural,Combined,1.65,8,2,20,4,160,400,132,392,Approved
Institution_3899,Non-Rural,Combined,2.1,4,1,10,2,53,400,132,102,Not Approved
Institution_7483,Rural,Combined,12.57,4,1,10,2,223,400,132,474,Approved
Institution_4073,Non-Rural,Combined,1.94,16,4,40,4,64,600,132,312,Not Approved
Institution_8036,Non-Rural,Combined,2.07,20,5,50,10,192,450,132,543,Approved
Institution_5174,Rural,Combined,14.3,8,2,20,6,181,600,132,453,Approved
Institution_9598,Rural,UG,12.17,20,5,0,10,221,500,132,533,Approved
Institution_6011,Non-Rural,Combined,4.55,8,2,20,4,89,500,132,172,Not Approved
Institution_3779,Non-Rural,Combined,2.19,20,5,50,5,272,400,132,106,Approved
Institution_7599,Rural,PG,12.5,16,4,40,8,260,450,132,390,Approved
Institution_9980,Rural,UG,13.33,12,3,0,9,139,550,132,115,Not Approved
Institution_5364,Non-Rural,Diploma,1.06,16,4,0,4,258,650,132,463,Not Approved
Institution_5496,Non-Rural,Diploma,0.71,8,2,0,6,114,450,132,479,Not Approved
Institution_7484,Rural,PG,14.27,12,3,30,6,298,600,132,462,Approved
Institution_3295,Rural,Combined,5.83,16,4,40,12,200,450,132,505,Approved
Institution_7741,Rural,Diploma,6.71,8,2,0,6,103,500,132,148,Not Approved
Institution_1941,Non-Rural,Diploma,1.69,16,4,0,8,191,650,132,289,Approved
Institution_1637,Non-Rural,Diploma,0.71,4,1,0,4,186,500,132,433,Not Approved
Institution_9232,Rural,UG,5.35,4,1,0,4,279,450,132,592,Not Approved
Institution_5262,Rural,UG,6.63,16,4,0,8,166,550,132,403,Not Approved
Institution_8880,Rural,UG,14.94,16,4,0,4,104,500,132,424,Not Approved
Institution_8794,Non-Rural,UG,1.01,4,1,0,1,130,400,132,269,Not Approved
Institution_7874,Rural,Diploma,5.96,12,3,0,6,167,650,132,271,Approved
Institution_2081,Non-Rural,Combined,3.5,8,2,20,4,163,450,132,400,Approved
Institution_6777,Non-Rural,PG,3.6,16,4,40,4,164,450,132,346,Approved
Institution_3291,Rural,Combined,14.05,4,1,10,1,187,550,132,104,Approved
Institution_4700,Rural,UG,6.36,16,4,0,12,170,500,132,360,Not Approved
Institution_7604,Rural,UG,11.65,16,4,0,16,202,600,132,234,Approved
Institution_3677,Non-Rural,Combined,1.2,4,1,10,1,284,650,132,153,Approved
Institution_4211,Non-Rural,Diploma,1.8,8,2,0,2,298,500,132,359,Approved
Institution_2455,Non-Rural,Diploma,1.06,20,5,0,20,240,450,132,304,Not Approved
Institution_9434,Rural,PG,5.49,16,4,40,12,293,400,132,144,Not Approved
Institution_4922,Rural,PG,13.89,8,2,20,8,191,500,132,238,Approved
Institution_5871,Non-Rural,Diploma,1.19,4,1,0,1,111,450,132,302,Not Approved
Institution_9282,Non-Rural,PG,3.2,16,4,40,16,225,550,132,371,Approved
Institution_3631,Non-Rural,Diploma,1.23,12,3,0,12,139,600,132,503,Not Approved
Institution_4715,Rural,Combined,13.38,8,2,20,2,83,500,132,415,Not Approved
Institution_2088,Non-Rural,Combined,3.25,12,3,30,12,50,650,132,123,Not Approved
Institution_3745,Non-Rural,Combined,4.74,8,2,20,8,69,550,132,576,Not Approved
Institution_1230,Non-Rural,UG,2.96,20,5,0,20,139,500,132,567,Not Approved
Institution_5266,Non-Rural,UG,2.12,8,2,0,8,252,450,132,276,Not Approved
Institution_7881,Non-Rural,Diploma,1.32,12,3,0,6,50,600,132,254,Not Approved
Institution_7129,Non-Rural,Diploma,0.7,8,2,0,6,150,400,132,334,Not Approved
Institution_6128,Non-Rural,Combined,1.7,16,4,40,16,206,400,132,385,Approved
Institution_5976,Rural,PG,5.26,20,5,50,5,216,400,132,129,Not Approved
Institution_4230,Rural,Diploma,9.44,4,1,0,3,59,600,132,202,Not Approved
Institution_9606,Non-Rural,Combined,1.47,4,1,10,4,162,400,132,176,Approved
Institution_4362,Rural,UG,7.38,12,3,0,9,122,400,132,335,Not Approved
Institution_5750,Non-Rural,PG,1.23,8,2,20,4,250,400,132,409,Not Approved
Institution_8933,Non-Rural,Diploma,1.51,8,2,0,4,125,500,132,593,Not Approved
Institution_3818,Non-Rural,UG,2.74,8,2,0,8,207,650,132,400,Approved
Institution_4591,Rural,UG,7.55,8,2,0,8,296,500,132,423,Not Approved
Institution_2659,Non-Rural,PG,4.06,4,1,10,2,161,650,132,225,Approved
Institution_8376,Non-Rural,Diploma,1.54,20,5,0,5,91,400,132,186,Not Approved
Institution_1708,Rural,UG,6.13,12,3,0,6,114,450,132,588,Not Approved
Institution_6221,Rural,UG,5.36,20,5,0,20,262,650,132,581,Not Approved
Institution_3084,Rural,Combined,11.84,20,5,50,20,61,450,132,354,Not Approved
Institution_2817,Rural,UG,14.8,4,1,0,1,65,400,132,480,Not Approved
Institution_1937,Non-Rural,PG,2.49,20,5,50,5,146,450,132,168,Not Approved
Institution_8541,Rural,UG,5.56,8,2,0,6,175,550,132,364,Not Approved
Institution_6063,Rural,UG,6.47,12,3,0,9,231,450,132,409,Not Approved
Institution_4653,Non-Rural,UG,2.54,8,2,0,2,69,550,132,409,Not Approved
Institution_2319,Non-Rural,PG,3.81,12,3,30,6,167,600,132,101,Approved
Institution_6763,Non-Rural,Diploma,0.97,12,3,0,12,178,650,132,578,Not Approved
Institution_4441,Rural,Combined,14.79,4,1,10,3,174,600,132,159,Approved
Institution_8269,Rural,PG,5.92,16,4,40,12,167,650,132,315,Not Approved
Institution_3209,Rural,Diploma,6.51,12,3,0,9,236,450,132,118,Approved
Institution_6063,Rural,UG,8.68,16,4,0,8,195,450,132,274,Not Approved
Institution_2038,Rural,Combined,12.11,8,2,20,6,69,650,132,460,Not Approved
Institution_6062,Rural,PG,11.62,4,1,10,4,108,550,132,381,Not Approved
Institution_6205,Non-Rural,Combined,2.4,16,4,40,8,63,400,132,164,Not Approved
Institution_9000,Rural,UG,6.97,8,2,0,8,96,600,132,320,Not Approved
Institution_9001,Non-Rural,UG,4.72,20,5,0,20,80,650,132,551,Not Approved
Institution_9002,Rural,UG,11.64,12,3,0,12,153,600,132,203,Approved
Institution_9003,Rural,PG,5.17,12,3,30,9,209,550,132,319,Not Approved
Institution_9004,Non-Rural,Combined,3.88,12,3,30,6,146,450,132,326,Not Approved
Institution_9005,Non-Rural,Diploma,1.3,8,2,0,2,142,550,132,278,Not Approved
Institution_9006,Non-Rural,Combined,1.74,20,5,50,15,293,450,132,210,Approved
Institution_9007,Non-Rural,UG,2.26,12,3,0,3,207,550,132,204,Not Approved
Institution_9008,Rural,UG,7.72,8,2,0,8,283,400,132,147,Not Approved
Institution_9009,Non-Rural,UG,2.45,12,3,0,3,173,600,132,382,Not Approved
Institution_9010,Non-Rural,UG,2.95,20,5,0,20,132,550,132,450,Not Approved
Institution_9011,Non-Rural,Diploma,1.0,8,2,0,2,180,650,132,433,Not Approved
Institution_9012,Non-Rural,Diploma,1.13,16,4,0,16,272,600,132,284,Not Approved
Institution_9013,Rural,UG,8.18,16,4,0,12,76,400,132,463,Not Approved
Institution_9014,Rural,Combined,5.69,8,2,20,2,218,550,132,196,Approved
Institution_9015,Non-Rural,UG,4.64,16,4,0,16,299,550,132,277,Approved
Institution_9016,Non-Rural,UG,4.75,4,1,0,3,204,550,132,570,Approved
Institution_9017,Non-Rural,UG,1.04,4,1,0,4,201,500,132,290,Not Approved
Institution_9018,Rural,PG,9.82,12,3,30,3,271,500,132,137,Not Approved
Institution_9019,Non-Rural,PG,2.72,8,2,20,4,215,400,132,314,Approved
Institution_9020,Rural,UG,7.1,4,1,0,3,207,450,132,572,Not Approved
Institution_9021,Non-Rural,Diploma,0.7,8,2,0,6,150,400,132,334,Not Approved
Institution_9022,Rural,PG,7.93,12,3,30,3,248,450,132,395,Not Approved
Institution_9023,Non-Rural,PG,3.53,4,1,10,1,267,450,132,450,Approved
Institution_9024,Non-Rural,Combined,2.99,4,1,10,3,195,650,132,108,Approved
Institution_9025,Non-Rural,Combined,4.77,8,2,20,8,157,650,132,506,Approved
Institution_9026,Non-Rural,UG,1.26,12,3,0,3,89,600,132,467,Not Approved
Institution_9027,Non-Rural,UG,3.86,20,5,0,15,141,450,132,213,Not Approved
Institution_9028,Rural,UG,9.82,20,5,0,10,253,650,132,166,Not Approved
Institution_9029,Rural,Combined,9.5,4,1,10,4,140,600,132,307,Not Approved
Institution_9030,Non-Rural,Combined,3.03,12,3,30,3,288,450,132,221,Approved
Institution_9031,Rural,PG,9.65,12,3,30,9,294,600,132,410,Not Approved
Institution_9032,Rural,PG,6.14,8,2,20,6,254,500,132,441,Not Approved
Institution_9033,Rural,Combined,13.57,4,1,10,1,161,400,132,189,Approved
Institution_9034,Non-Rural,PG,4.84,12,3,30,3,56,600,132,401,Not Approved
Institution_9035,Non-Rural,Combined,3.45,12,3,30,12,201,450,132,164,Approved
Institution_9036,Non-Rural,PG,2.72,8,2,20,4,215,400,132,314,Approved
Institution_9037,Non-Rural,Diploma,1.93,4,1,0,2,168,650,132,355,Approved
Institution_9038,Rural,Combined,10.27,20,5,50,20,287,400,132,297,Approved
Institution_9039,Non-Rural,PG,2.6,16,4,40,16,206,400,132,300,Approved
Institution_9040,Non-Rural,UG,4.62,16,4,0,12,126,500,132,519,Not Approved
Institution_9041,Non-Rural,PG,0.94,4,1,10,3,110,400,132,309,Not Approved
Institution_9042,Rural,Diploma,7.64,20,5,0,20,122,400,132,353,Not Approved
Institution_9043,Rural,Diploma,7.98,8,2,0,8,259,450,132,403,Approved
Institution_9044,Rural,Combined,11.36,20,5,50,10,223,500,132,240,Approved
Institution_9045,Rural,UG,8.68,16,4,0,8,195,450,132,274,Not Approved
Institution_9046,Rural,UG,12.6,20,5,0,15,86,650,132,458,Not Approved
Institution_9047,Rural,UG,9.23,20,5,0,5,214,650,132,406,Not Approved
Institution_9048,Non-Rural,PG,2.96,4,1,10,4,273,500,132,570,Approved
Institution_9049,Non-Rural,Diploma,1.93,4,1,0,2,168,650,132,355,Approved
Institution_9050,Rural,UG,8.14,4,1,0,4,68,400,132,214,Not Approved
Institution_9051,Non-Rural,Combined,2.46,12,3,30,6,221,450,132,245,Approved
Institution_9052,Non-Rural,PG,1.64,20,5,50,20,121,400,132,246,Not Approved
Institution_9053,Non-Rural,UG,2.69,12,3,0,6,266,600,132,492,Approved
Institution_9054,Rural,Diploma,4.28,8,2,0,4,205,400,132,468,Not Approved
Institution_9055,Rural,Combined,10.06,20,5,50,15,198,600,132,557,Approved
Institution_9056,Non-Rural,PG,1.74,12,3,30,12,249,500,132,518,Not Approved
Institution_9057,Rural,UG,6.13,12,3,0,6,145,450,132,588,Not Approved
Institution_9058,Non-Rural,UG,4.7,4,1,0,2,250,550,132,273,Approved
Institution_9059,Non-Rural,PG,4.47,16,4,40,12,276,650,132,132,Approved
Institution_9060,Non-Rural,Diploma,1.0,8,2,0,2,180,650,132,433,Not Approved
Institution_9061,Non-Rural,Diploma,0.54,12,3,0,9,300,650,132,416,Not Approved
Institution_9062,Non-Rural,PG,1.2,16,4,40,16,242,500,132,317,Not Approved
Institution_9063,Rural,UG,10.05,8,2,0,4,124,550,132,498,Not Approved
Institution_9064,Non-Rural,PG,4.76,16,4,40,12,198,400,132,525,Approved
Institution_9065,Non-Rural,Diploma,0.54,8,2,0,6,119,500,132,557,Not Approved
Institution_9066,Non-Rural,PG,1.23,8,2,20,4,82,400,132,409,Not Approved
Institution_9067,Non-Rural,Combined,1.91,8,2,20,4,60,500,132,449,Not Approved
Institution_9068,Rural,PG,7.2,4,1,10,3,205,450,132,151,Not Approved
Institution_9069,Rural,UG,13.93,12,3,0,3,238,400,132,514,Approved
Institution_9070,Rural,PG,7.87,12,3,30,9,160,600,132,231,Not Approved
Institution_9071,Rural,UG,12.33,12,3,0,3,152,650,132,151,Approved
Institution_9072,Non-Rural,PG,2.7,4,1,10,3,211,450,132,519,Approved
Institution_9073,Non-Rural,Diploma,1.17,8,2,0,8,78,550,132,401,Not Approved
Institution_9074,Non-Rural,Diploma,0.55,16,4,0,16,61,500,132,403,Not Approved
Institution_9075,Rural,Combined,13.21,16,4,40,16,213,400,132,567,Approved
Institution_9076,Rural,PG,12.5,16,4,40,8,260,450,132,390,Approved
Institution_9077,Non-Rural,Combined,4.47,16,4,40,12,267,550,132,513,Approved
Institution_9078,Rural,UG,10.36,4,1,0,3,103,600,132,116,Not Approved
Institution_9079,Rural,UG,7.55,12,3,0,6,296,650,132,455,Not Approved
Institution_9080,Non-Rural,Combined,4.63,8,2,20,4,87,400,132,302,Not Approved
Institution_9081,Rural,UG,7.96,8,2,0,2,237,500,132,414,Not Approved
Institution_9082,Non-Rural,Diploma,1.09,8,2,0,2,294,400,132,239,Not Approved
Institution_9083,Rural,UG,5.22,8,2,0,8,115,650,132,500,Not Approved
Institution_9084,Rural,Diploma,7.16,16,4,0,4,66,450,132,174,Not Approved
Institution_9085,Rural,Combined,10.38,20,5,50,20,56,600,132,251,Not Approved
Institution_9086,Non-Rural,Diploma,1.96,4,1,0,3,257,650,132,571,Approved
Institution_9087,Rural,Diploma,4.69,4,1,0,4,289,550,132,294,Not Approved
Institution_9088,Non-Rural,UG,1.62,8,2,0,4,94,650,132,279,Not Approved
Institution_9089,Rural,UG,14.94,12,3,0,12,184,600,132,331,Approved
Institution_9090,Rural,UG,10.83,4,1,0,4,177,650,132,494,Approved
Institution_9091,Rural,Diploma,2.78,8,2,0,4,205,550,132,521,Not Approved
Institution_9092,Non-Rural,PG,1.81,8,2,20,6,263,550,132,437,Not Approved
Institution_9093,Non-Rural,Combined,2.14,12,3,30,12,271,400,132,161,Approved
Institution_9094,Non-Rural,PG,2.84,8,2,20,8,118,500,132,310,Not Approved
Institution_9095,Non-Rural,UG,3.86,12,3,0,3,195,650,132,294,Approved
Institution_9096,Rural,UG,13.43,20,5,0,5,88,500,132,195,Not Approved
Institution_9097,Rural,PG,10.29,8,2,20,8,127,650,132,551,Not Approved
Institution_9098,Rural,Diploma,6.53,8,2,0,8,202,600,132,536,Approved
Institution_9099,Non-Rural,UG,4.68,8,2,0,2,62,400,132,196,Not Approved
Institution_9100,Non-Rural,Diploma,0.54,12,3,0,9,300,650,132,416,Not Approved
Institution_9101,Non-Rural,Diploma,1.04,20,5,0,10,99,650,132,272,Not Approved
Institution_9102,Non-Rural,Diploma,0.85,20,5,0,15,197,650,132,441,Not Approved
Institution_9103,Non-Rural,UG,2.9,16,4,0,8,269,400,132,460,Approved
Institution_9104,Non-Rural,Diploma,1.61,12,3,0,3,155,450,132,440,Approved
Institution_9105,Non-Rural,UG,2.95,20,5,0,20,108,550,132,450,Not Approved
Institution_9106,Non-Rural,Diploma,1.23,12,3,0,12,113,600,132,503,Not Approved
Institution_9107,Non-Rural,Diploma,1.37,20,5,0,15,179,450,132,316,Not Approved
Institution_9108,Non-Rural,Diploma,0.93,20,5,0,10,181,600,132,567,Not Approved
Institution_9109,Non-Rural,PG,2.23,20,5,50,10,208,550,132,493,Not Approved
Institution_9110,Non-Rural,Combined,2.25,8,2,20,8,156,550,132,373,Approved
Institution_9111,Rural,PG,13.4,16,4,40,8,52,400,132,269,Not Approved
Institution_9112,Rural,PG,10.47,16,4,40,12,132,400,132,210,Not Approved
Institution_9113,Rural,UG,10.83,4,1,0,4,177,650,132,494,Approved
Institution_9114,Rural,Diploma,4.33,16,4,0,16,142,500,132,190,Not Approved
Institution_9115,Rural,Diploma,4.33,12,3,0,9,205,600,132,501,Not Approved
Institution_9116,Non-Rural,PG,3.22,12,3,30,6,71,550,132,208,Not Approved
Institution_9117,Rural,Combined,10.27,20,5,50,20,287,400,132,297,Approved
Institution_9118,Rural,UG,5.61,20,5,0,15,178,450,132,571,Not Approved
Institution_9119,Rural,UG,10.91,4,1,0,1,193,500,132,141,Approved
Institution_9120,Rural,Combined,13.59,4,1,10,2,277,600,132,451,Approved
Institution_9121,Rural,Combined,5.75,20,5,50,15,251,550,132,464,Approved
Institution_9122,Non-Rural,PG,1.44,20,5,50,15,242,550,132,450,Not Approved
Institution_9123,Rural,UG,8.68,16,4,0,8,195,450,132,274,Not Approved
Institution_9124,Non-Rural,UG,3.86,12,3,0,3,195,650,132,294,Approved
Institution_9125,Rural,Combined,10.38,12,3,30,12,62,550,132,416,Not Approved
Institution_9126,Rural,Diploma,2.52,12,3,0,6,258,500,132,282,Not Approved
Institution_9127,Non-Rural,UG,1.78,4,1,0,4,221,550,132,335,Not Approved
Institution_9128,Non-Rural,Combined,4.52,8,2,20,2,74,500,132,423,Not Approved
Institution_9129,Rural,UG,14.4,4,1,0,1,293,500,132,452,Approved
Institution_9130,Non-Rural,Diploma,1.38,12,3,0,9,176,400,132,220,Not Approved
Institution_9131,Non-Rural,Combined,0.64,16,4,40,4,300,600,132,191,Approved
Institution_9132,Rural,PG,12.15,20,5,50,5,168,400,132,446,Approved
Institution_9133,Non-Rural,PG,3.45,4,1,10,2,127,400,132,574,Not Approved
Institution_9134,Non-Rural,Diploma,1.96,4,1,0,3,54,500,132,260,Not Approved
Institution_9135,Non-Rural,Diploma,1.51,4,1,0,1,269,600,132,470,Approved
Institution_9136,Non-Rural,Combined,3.08,20,5,50,20,206,500,132,367,Approved
Institution_9137,Non-Rural,Combined,3.06,8,2,20,6,193,400,132,175,Approved
Institution_9138,Rural,PG,11.41,16,4,40,4,179,650,132,363,Approved
Institution_9139,Non-Rural,Combined,4.74,8,2,20,8,186,550,132,576,Approved
Institution_9140,Rural,Combined,6.91,12,3,30,6,104,500,132,319,Not Approved
Institution_9141,Non-Rural,Combined,3.88,12,3,30,6,142,450,132,326,Not Approved
Institution_9142,Rural,Combined,8.86,4,1,10,4,229,500,132,253,Approved
Institution_9143,Non-Rural,Combined,3.31,4,1,10,1,209,400,132,346,Approved
Institution_9144,Rural,Diploma,8.32,4,1,0,4,114,550,132,100,Not Approved
Institution_9145,Non-Rural,UG,1.31,20,5,0,10,176,400,132,199,Not Approved
Institution_9146,Rural,Diploma,3.16,12,3,0,12,77,500,132,211,Not Approved
Institution_9147,Rural,PG,6.5,4,1,10,4,229,450,132,427,Not Approved
Institution_9148,Non-Rural,PG,1.34,8,2,20,4,191,650,132,215,Not Approved
Institution_9149,Rural,Diploma,8.32,4,1,0,4,157,550,132,100,Approved
Institution_9150,Rural,PG,13.89,8,2,20,8,59,500,132,238,Not Approved
Institution_9151,Rural,Diploma,3.37,12,3,0,9,78,650,132,577,Not Approved
Institution_9152,Non-Rural,PG,2.81,12,3,30,9,239,500,132,144,Approved
Institution_9153,Rural,Combined,14.91,12,3,30,12,293,600,132,230,Approved
Institution_9154,Rural,PG,10.12,16,4,40,16,256,500,132,107,Approved
Institution_9155,Rural,UG,7.55,8,2,0,8,296,500,132,423,Not Approved
Institution_9156,Rural,PG,7.69,16,4,40,4,93,600,132,257,Not Approved
Institution_9157,Non-Rural,UG,2.68,16,4,0,16,225,550,132,202,Approved
Institution_9158,Rural,Combined,13.82,16,4,40,8,239,500,132,422,Approved
Institution_9159,Rural,UG,10.51,20,5,0,15,269,600,132,211,Approved
Institution_9160,Rural,PG,12.95,20,5,50,20,153,500,132,350,Approved
Institution_9161,Non-Rural,PG,2.23,12,3,30,9,70,450,132,252,Not Approved
Institution_9162,Rural,Combined,11.76,20,5,50,10,187,400,132,338,Approved
Institution_9163,Rural,PG,8.22,12,3,30,3,135,650,132,311,Not Approved
Institution_9164,Rural,UG,7.43,20,5,0,10,272,600,132,492,Not Approved
Institution_9165,Non-Rural,Combined,1.23,20,5,50,20,147,650,132,265,Not Approved
Institution_9166,Rural,Diploma,6.16,12,3,0,3,257,650,132,198,Approved
Institution_9167,Rural,PG,14.7,4,1,10,2,261,450,132,530,Approved
Institution_9168,Non-Rural,Diploma,0.53,20,5,0,15,50,600,132,174,Not Approved
Institution_9169,Non-Rural,PG,1.94,12,3,30,9,71,550,132,414,Not Approved
Institution_9170,Rural,UG,13.44,4,1,0,3,119,450,132,452,Not Approved
Institution_9171,Rural,PG,9.22,8,2,20,6,291,650,132,491,Not Approved
Institution_9172,Non-Rural,Combined,3.88,12,3,30,6,118,450,132,326,Not Approved
Institution_9173,Non-Rural,Combined,4.11,8,2,20,2,103,550,132,367,Not Approved
Institution_9174,Rural,UG,8.03,8,2,0,8,175,400,132,389,Not Approved
Institution_9175,Rural,Diploma,6.9,16,4,0,12,190,550,132,330,Approved
Institution_9176,Rural,UG,8.57,12,3,0,3,60,550,132,312,Not Approved
Institution_9177,Rural,Diploma,5.18,12,3,0,3,97,500,132,356,Not Approved
Institution_9178,Rural,PG,5.34,12,3,30,12,74,600,132,391,Not Approved
Institution_9179,Non-Rural,UG,3.63,20,5,0,20,177,650,132,231,Approved
Institution_9180,Rural,UG,5.33,20,5,0,20,292,450,132,468,Not Approved
Institution_9181,Rural,UG,5.92,20,5,0,5,171,550,132,411,Not Approved
Institution_9182,Rural,Diploma,2.58,16,4,0,8,87,500,132,239,Not Approved
Institution_9183,Non-Rural,Combined,3.71,16,4,40,12,179,650,132,455,Approved
Institution_9184,Non-Rural,Diploma,0.73,8,2,0,6,282,450,132,589,Not Approved
Institution_9185,Non-Rural,UG,4.35,8,2,0,2,92,500,132,566,Not Approved
Institution_9186,Non-Rural,UG,4.93,16,4,0,16,185,550,132,556,Approved
Institution_9187,Rural,Diploma,7.64,20,5,0,20,52,400,132,353,Not Approved
Institution_9188,Non-Rural,Combined,2.99,4,1,10,3,58,650,132,108,Not Approved
Institution_9189,Non-Rural,Combined,0.96,12,3,30,12,212,650,132,545,Approved
Institution_9190,Rural,Combined,14.02,8,2,20,4,132,550,132,247,Not Approved
Institution_9191,Non-Rural,Diploma,0.66,8,2,0,6,147,400,132,397,Not Approved
Institution_9192,Non-Rural,UG,2.18,16,4,0,4,255,550,132,481,Not Approved
Institution_9193,Non-Rural,Diploma,1.89,4,1,0,3,237,600,132,232,Approved
Institution_9194,Rural,UG,10.01,20,5,0,10,192,550,132,541,Approved
Institution_9195,Non-Rural,PG,2.49,20,5,50,5,220,450,132,168,Not Approved
Institution_9196,Non-Rural,UG,4.08,8,2,0,6,123,600,132,283,Not Approved
Institution_9197,Rural,Combined,10.55,20,5,50,15,57,550,132,178,Not Approved
Institution_9198,Non-Rural,PG,1.63,8,2,20,2,144,600,132,428,Not Approved
Institution_9199,Rural,PG,12.21,12,3,30,3,68,500,132,457,Not Approved
Institution_9200,Non-Rural,Combined,3.84,16,4,40,8,267,600,132,238,Approved
Institution_9201,Non-Rural,Combined,3.76,20,5,50,20,217,650,132,548,Approved
Institution_9202,Non-Rural,PG,4.06,4,1,10,2,161,650,132,225,Approved
Institution_9203,Rural,Diploma,7.98,8,2,0,8,127,450,132,403,Not Approved
Institution_9204,Non-Rural,Combined,4.72,4,1,10,1,222,550,132,532,Approved
Institution_9205,Non-Rural,Combined,3.96,12,3,30,9,198,400,132,211,Approved
Institution_9206,Rural,Diploma,7.1,12,3,0,12,126,450,132,172,Not Approved
Institution_9207,Non-Rural,UG,2.26,20,5,0,10,285,550,132,449,Not Approved
Institution_9208,Rural,Diploma,9.42,4,1,0,1,235,450,132,179,Approved
Institution_9209,Rural,PG,10.55,20,5,50,10,50,500,132,258,Not Approved
Institution_9210,Non-Rural,UG,4.02,16,4,0,16,116,400,132,371,Not Approved
Institution_9211,Non-Rural,Combined,3.43,12,3,30,12,259,450,132,471,Approved
Institution_9212,Non-Rural,PG,3.43,16,4,40,4,182,650,132,512,Approved
Institution_9213,Rural,UG,14.31,12,3,0,3,192,500,132,152,Approved
Institution_9214,Non-Rural,Diploma,1.77,8,2,0,8,293,400,132,573,Approved
Institution_9215,Non-Rural,Combined,1.69,8,2,20,6,278,500,132,479,Approved
Institution_9216,Rural,Diploma,3.13,4,1,0,3,242,600,132,524,Not Approved
Institution_9217,Rural,PG,7.07,4,1,10,2,283,450,132,381,Not Approved
Institution_9218,Non-Rural,PG,2.23,20,5,50,10,208,550,132,493,Not Approved
Institution_9219,Rural,Combined,12.2,12,3,30,6,60,450,132,561,Not Approved
Institution_9220,Rural,UG,13.33,12,3,0,9,134,550,132,115,Not Approved
Institution_9221,Non-Rural,UG,4.8,8,2,0,6,168,400,132,491,Approved
Institution_9222,Non-Rural,UG,2.74,8,2,0,8,207,650,132,400,Approved
Institution_9223,Non-Rural,UG,2.73,4,1,0,3,166,450,132,120,Approved
Institution_9224,Rural,UG,11.02,12,3,0,9,231,450,132,144,Approved
Institution_9225,Rural,Diploma,7.25,20,5,0,10,110,450,132,595,Not Approved
Institution_9226,Rural,PG,5.92,16,4,40,12,167,650,132,315,Not Approved
Institution_9227,Rural,UG,12.1,8,2,0,4,214,600,132,354,Approved
Institution_9228,Rural,Combined,9.91,8,2,20,4,264,650,132,246,Approved
Institution_9229,Rural,Diploma,5.68,20,5,0,5,103,550,132,239,Not Approved
Institution_9230,Non-Rural,Combined,1.69,8,2,20,6,278,500,132,479,Approved
Institution_9231,Non-Rural,Combined,2.19,16,4,40,4,124,500,132,438,Not Approved
Institution_9232,Rural,Diploma,3.21,20,5,0,10,58,600,132,364,Not Approved
Institution_9233,Non-Rural,UG,4.68,8,2,0,2,79,400,132,196,Not Approved
Institution_9234,Non-Rural,Combined,2.54,12,3,30,9,54,600,132,396,Not Approved
Institution_9235,Non-Rural,Combined,0.96,12,3,30,12,51,650,132,545,Not Approved
Institution_9236,Rural,UG,8.01,20,5,0,10,120,650,132,296,Not Approved
Institution_9237,Non-Rural,Combined,1.69,8,2,20,6,278,500,132,479,Approved
Institution_9238,Non-Rural,Diploma,1.3,8,2,0,2,201,550,132,278,Not Approved
Institution_9239,Non-Rural,PG,2.06,12,3,30,12,186,550,132,456,Not Approved
Institution_9240,Non-Rural,Diploma,0.58,12,3,0,9,257,400,132,322,Not Approved
Institution_9241,Rural,PG,9.24,12,3,30,9,204,500,132,227,Not Approved
Institution_9242,Rural,UG,7.96,8,2,0,2,57,500,132,414,Not Approved
Institution_9243,Rural,UG,10.94,12,3,0,6,50,650,132,477,Not Approved
Institution_9244,Rural,PG,8.38,4,1,10,4,178,650,132,215,Not Approved
Institution_9245,Non-Rural,Combined,1.73,16,4,40,16,172,650,132,274,Approved
Institution_9246,Rural,UG,14.43,12,3,0,9,142,500,132,199,Not Approved
Institution_9247,Non-Rural,UG,3.63,20,5,0,20,131,650,132,231,Not Approved
Institution_9248,Rural,UG,6.5,4,1,0,4,151,600,132,360,Not Approved
Institution_9249,Non-Rural,PG,2.6,16,4,40,16,66,400,132,300,Not Approved
Institution_9250,Non-Rural,PG,3.78,16,4,40,12,199,550,132,421,Approved
Institution_9251,Rural,Diploma,8.32,4,1,0,4,157,550,132,100,Approved
Institution_9252,Non-Rural,UG,5.0,8,2,0,2,240,500,132,586,Approved
Institution_9253,Non-Rural,Combined,0.92,16,4,40,8,166,500,132,480,Approved
Institution_9254,Rural,PG,13.11,12,3,30,12,230,400,132,234,Approved
Institution_9255,Non-Rural,PG,3.94,8,2,20,4,268,400,132,534,Approved
Institution_9256,Non-Rural,Combined,4.1,16,4,40,16,186,550,132,274,Approved
Institution_9257,Rural,PG,6.5,4,1,10,4,229,450,132,427,Not Approved
Institution_9258,Rural,Combined,5.71,8,2,20,6,272,400,132,519,Approved
Institution_9259,Rural,Combined,11.63,16,4,40,12,148,450,132,563,Not Approved
Institution_9260,Rural,Diploma,9.46,4,1,0,3,169,600,132,220,Approved
Institution_9261,Rural,Combined,6.1,4,1,10,1,124,400,132,550,Not Approved
Institution_9262,Rural,Diploma,2.62,12,3,0,9,168,500,132,234,Not Approved
Institution_9263,Rural,Combined,8.95,4,1,10,3,270,500,132,162,Approved
Institution_9264,Rural,Combined,7.24,16,4,40,16,163,400,132,409,Approved
Institution_9265,Rural,UG,9.23,20,5,0,5,67,650,132,406,Not Approved
Institution_9266,Non-Rural,UG,1.44,4,1,0,2,209,550,132,192,Not Approved
Institution_9267,Rural,Combined,6.52,20,5,50,10,291,400,132,326,Approved
Institution_9268,Non-Rural,Combined,3.31,4,1,10,1,139,400,132,346,Not Approved
Institution_9269,Non-Rural,PG,4.32,12,3,30,12,219,450,132,265,Approved
Institution_9270,Non-Rural,Combined,4.63,8,2,20,4,241,400,132,302,Approved
Institution_9271,Rural,Combined,11.84,20,5,50,20,191,450,132,354,Approved
Institution_9272,Non-Rural,UG,3.89,16,4,0,12,112,500,132,408,Not Approved
Institution_9273,Rural,Combined,7.76,8,2,20,4,109,650,132,479,Not Approved
Institution_9274,Rural,Combined,11.07,16,4,40,12,271,650,132,280,Approved
Institution_9275,Non-Rural,PG,3.52,8,2,20,2,300,550,132,259,Approved
Institution_9276,Non-Rural,UG,4.62,16,4,0,12,109,500,132,519,Not Approved
Institution_9277,Rural,Diploma,2.52,12,3,0,6,258,500,132,282,Not Approved
Institution_9278,Rural,Diploma,2.72,20,5,0,15,187,600,132,172,Not Approved
Institution_9279,Rural,Diploma,9.62,8,2,0,6,267,600,132,579,Approved
Institution_9280,Non-Rural,UG,0.95,8,2,0,2,188,500,132,260,Not Approved
Institution_9281,Rural,PG,13.03,8,2,20,4,58,450,132,326,Not Approved
Institution_9282,Non-Rural,Combined,2.07,4,1,10,2,296,400,132,287,Approved
Institution_9283,Non-Rural,Combined,3.25,20,5,50,20,124,650,132,221,Not Approved
Institution_9284,Non-Rural,PG,4.15,16,4,40,16,69,500,132,522,Not Approved
Institution_9285,Non-Rural,Diploma,0.87,8,2,0,6,236,400,132,218,Not Approved
Institution_9286,Rural,UG,6.94,8,2,0,6,192,650,132,109,Not Approved
Institution_9287,Rural,UG,8.86,8,2,0,4,264,500,132,165,Not Approved
Institution_9288,Rural,PG,8.26,12,3,30,3,95,650,132,446,Not Approved
Institution_9289,Non-Rural,UG,3.86,20,5,0,15,277,450,132,213,Approved
Institution_9290,Rural,PG,14.44,8,2,20,2,150,400,132,568,Approved
Institution_9291,Non-Rural,PG,4.52,12,3,30,12,293,400,132,592,Approved
Institution_9292,Non-Rural,Combined,3.52,4,1,10,1,268,550,132,430,Approved
Institution_9293,Non-Rural,PG,4.53,8,2,20,6,136,600,132,487,Not Approved
Institution_9294,Non-Rural,UG,3.57,12,3,0,12,218,450,132,499,Approved
Institution_9295,Rural,Diploma,4.44,4,1,0,4,272,400,132,287,Not Approved
Institution_9296,Non-Rural,UG,2.69,12,3,0,6,63,600,132,492,Not Approved
Institution_9297,Rural,Combined,14.16,8,2,20,6,206,400,132,320,Approved
Institution_9298,Non-Rural,PG,1.42,16,4,40,4,155,400,132,129,Not Approved
Institution_9299,Rural,Combined,8.56,16,4,40,8,248,550,132,550,Approved
Institution_9300,Rural,Combined,7.11,8,2,20,8,258,650,132,314,Approved
Institution_9301,Rural,Diploma,6.51,12,3,0,9,236,450,132,118,Approved
Institution_9302,Non-Rural,UG,4.63,4,1,0,4,240,500,132,347,Approved
Institution_9303,Non-Rural,UG,2.97,4,1,0,1,281,600,132,368,Approved
Institution_9304,Non-Rural,PG,2.66,16,4,40,8,70,650,132,345,Not Approved
Institution_9305,Non-Rural,Diploma,1.88,4,1,0,3,80,500,132,172,Not Approved
Institution_9306,Non-Rural,PG,1.24,20,5,50,20,294,500,132,528,Not Approved
Institution_9307,Non-Rural,PG,4.81,16,4,40,16,176,650,132,340,Approved
Institution_9308,Rural,Combined,6.52,16,4,40,8,191,400,132,571,Approved
Institution_9309,Non-Rural,UG,2.26,20,5,0,10,285,550,132,449,Not Approved
Institution_9310,Rural,Diploma,7.06,12,3,0,3,200,650,132,162,Approved
Institution_9311,Non-Rural,PG,1.74,12,3,30,12,249,500,132,518,Not Approved
Institution_9312,Rural,Diploma,3.73,12,3,0,9,67,400,132,321,Not Approved
Institution_9313,Non-Rural,Diploma,1.62,16,4,0,12,169,550,132,453,Approved
Institution_9314,Non-Rural,Combined,3.03,12,3,30,3,288,450,132,221,Approved
Institution_9315,Non-Rural,PG,4.06,4,1,10,2,161,650,132,225,Approved
Institution_9316,Rural,Combined,8.95,4,1,10,3,270,500,132,162,Approved
Institution_9317,Rural,Diploma,9.7,20,5,0,5,150,400,132,220,Approved
Institution_9318,Rural,Diploma,2.18,8,2,0,4,236,500,132,124,Not Approved
Institution_9319,Rural,Diploma,9.02,8,2,0,8,51,500,132,374,Not Approved
Institution_9320,Rural,UG,6.94,8,2,0,6,192,650,132,109,Not Approved
Institution_9321,Rural,UG,12.12,4,1,0,4,296,500,132,528,Approved
Institution_9322,Rural,Diploma,6.22,16,4,0,4,202,650,132,337,Approved
Institution_9323,Non-Rural,UG,1.62,12,3,0,6,165,450,132,229,Not Approved
Institution_9324,Non-Rural,Diploma,1.37,20,5,0,15,143,450,132,316,Not Approved
Institution_9325,Rural,Combined,14.79,4,1,10,3,81,600,132,159,Not Approved
Institution_9326,Non-Rural,PG,3.43,16,4,40,4,86,650,132,512,Not Approved
Institution_9327,Rural,PG,5.17,12,3,30,9,209,550,132,319,Not Approved
Institution_9328,Non-Rural,Combined,3.07,20,5,50,10,288,450,132,409,Approved
Institution_9329,Non-Rural,Combined,4.17,16,4,40,16,64,500,132,323,Not Approved
Institution_9330,Non-Rural,Combined,3.07,16,4,40,12,189,650,132,520,Approved
Institution_9331,Rural,Diploma,2.65,12,3,0,12,253,450,132,591,Not Approved
Institution_9332,Rural,UG,10.62,16,4,0,8,181,500,132,442,Approved
Institution_9333,Non-Rural,Diploma,1.51,4,1,0,1,269,600,132,470,Approved
Institution_9334,Non-Rural,Combined,0.96,12,3,30,12,99,650,132,545,Not Approved
Institution_9335,Rural,Diploma,9.02,8,2,0,8,284,500,132,374,Approved
Institution_9336,Non-Rural,PG,1.57,20,5,50,15,68,550,132,313,Not Approved
Institution_9337,Non-Rural,PG,0.96,20,5,50,5,150,550,132,251,Not Approved
Institution_9338,Rural,UG,13.93,12,3,0,3,144,400,132,514,Not Approved
Institution_9339,Non-Rural,Diploma,1.12,4,1,0,4,276,450,132,116,Not Approved
Institution_9340,Non-Rural,Combined,0.97,20,5,50,10,162,550,132,520,Approved
Institution_9341,Non-Rural,PG,4.84,12,3,30,3,77,600,132,401,Not Approved
Institution_9342,Non-Rural,Combined,1.7,16,4,40,16,206,400,132,385,Approved
Institution_9343,Rural,UG,6.63,16,4,0,8,166,550,132,403,Not Approved
Institution_9344,Rural,Combined,5.34,8,2,20,6,182,400,132,340,Approved
Institution_9345,Non-Rural,UG,1.31,20,5,0,10,67,400,132,199,Not Approved
Institution_9346,Rural,PG,10.47,16,4,40,12,68,400,132,210,Not Approved
Institution_9347,Non-Rural,UG,1.8,4,1,0,3,285,400,132,177,Not Approved
Institution_9348,Rural,Combined,5.43,8,2,20,4,64,600,132,432,Not Approved
Institution_9349,Non-Rural,PG,2.66,16,4,40,8,258,650,132,345,Approved
Institution_9350,Non-Rural,UG,3.37,8,2,0,8,194,450,132,182,Approved
Institution_9351,Rural,UG,6.97,8,2,0,8,239,600,132,320,Not Approved
Institution_9352,Non-Rural,Combined,1.47,4,1,10,4,162,400,132,176,Approved
Institution_9353,Non-Rural,Diploma,1.88,16,4,0,12,208,650,132,572,Approved
Institution_9354,Non-Rural,Combined,2.4,4,1,10,2,163,600,132,369,Approved
Institution_9355,Rural,Combined,11.02,8,2,20,2,80,550,132,202,Not Approved
Institution_9356,Non-Rural,PG,2.51,12,3,30,9,259,450,132,137,Approved
Institution_9357,Rural,Combined,10.55,20,5,50,15,72,550,132,178,Not Approved
Institution_9358,Rural,UG,8.57,12,3,0,3,146,550,132,312,Not Approved
Institution_9359,Rural,PG,7.83,20,5,50,20,241,550,132,499,Not Approved
Institution_9360,Rural,UG,8.34,16,4,0,4,291,450,132,100,Not Approved
Institution_9361,Rural,Combined,11.41,16,4,40,8,168,500,132,586,Approved
Institution_9362,Rural,Diploma,4.33,4,1,0,1,278,400,132,419,Not Approved
Institution_9363,Rural,Combined,7.74,16,4,40,12,187,450,132,377,Approved
Institution_9364,Rural,Combined,6.52,16,4,40,8,191,400,132,571,Approved
Institution_9365,Rural,Diploma,5.8,16,4,0,8,283,650,132,544,Approved
Institution_9366,Non-Rural,Diploma,1.47,12,3,0,6,258,650,132,437,Not Approved
Institution_9367,Non-Rural,Diploma,1.9,20,5,0,20,227,600,132,475,Approved
Institution_9368,Non-Rural,UG,4.15,8,2,0,2,100,600,132,534,Not Approved
Institution_9369,Rural,Combined,11.84,20,5,50,20,191,450,132,354,Approved
Institution_9370,Rural,Diploma,6.9,16,4,0,12,190,550,132,330,Approved
Institution_9371,Non-Rural,Diploma,1.77,8,2,0,8,275,500,132,473,Approved
Institution_9372,Rural,Combined,5.83,12,3,30,3,255,650,132,501,Approved
Institution_9373,Rural,UG,7.55,12,3,0,6,296,650,132,455,Not Approved
Institution_9374,Rural,UG,9.16,12,3,0,6,125,400,132,583,Not Approved
Institution_9375,Rural,Combined,12.2,12,3,30,6,68,450,132,561,Not Approved
Institution_9376,Non-Rural,Combined,3.45,12,3,30,12,201,450,132,164,Approved
Institution_9377,Non-Rural,Diploma,1.89,4,1,0,3,237,600,132,232,Approved
Institution_9378,Rural,PG,7.2,4,1,10,3,205,450,132,151,Not Approved
Institution_9379,Rural,Diploma,6.22,16,4,0,4,202,650,132,337,Approved
Institution_9380,Non-Rural,Combined,4.72,4,1,10,1,222,550,132,532,Approved
Institution_9381,Rural,Combined,13.5,16,4,40,16,170,600,132,306,Approved
Institution_9382,Rural,UG,11.29,8,2,0,2,139,600,132,547,Not Approved
Institution_9383,Non-Rural,Diploma,1.9,8,2,0,2,181,550,132,557,Approved
Institution_9384,Rural,Combined,14.02,8,2,20,4,251,550,132,247,Approved
Institution_9385,Non-Rural,Diploma,1.51,8,2,0,4,78,500,132,593,Not Approved
Institution_9386,Non-Rural,PG,1.74,12,3,30,12,249,500,132,518,Not Approved
Institution_9387,Non-Rural,UG,4.7,4,1,0,4,184,550,132,341,Approved
Institution_9388,Non-Rural,Combined,2.4,4,1,10,2,163,600,132,369,Approved
Institution_9389,Non-Rural,Combined,0.53,4,1,10,4,201,450,132,525,Approved
Institution_9390,Non-Rural,PG,3.2,16,4,40,16,225,550,132,371,Approved
Institution_9391,Non-Rural,UG,3.18,8,2,0,8,82,600,132,598,Not Approved
Institution_9392,Rural,Diploma,6.22,16,4,0,4,202,650,132,337,Approved
Institution_9393,Rural,PG,9.22,8,2,20,6,291,650,132,491,Not Approved
Institution_9394,Non-Rural,Combined,0.72,4,1,10,1,288,550,132,570,Approved
Institution_9395,Rural,Combined,7.69,12,3,30,3,106,550,132,132,Not Approved
Institution_9396,Non-Rural,Combined,2.01,4,1,10,4,184,550,132,372,Approved
Institution_9397,Non-Rural,Combined,3.89,8,2,20,2,90,500,132,551,Not Approved
Institution_9398,Non-Rural,PG,2.24,8,2,20,6,249,650,132,320,Not Approved
Institution_9399,Rural,Combined,5.83,12,3,30,3,255,650,132,501,Approved
Institution_9400,Rural,PG,9.6,4,1,10,1,193,450,132,416,Not Approved
Institution_9401,Rural,Combined,14.71,20,5,50,10,52,450,132,484,Not Approved
Institution_9402,Rural,Diploma,4.33,16,4,0,16,77,500,132,190,Not Approved
Institution_9403,Non-Rural,PG,0.51,8,2,20,4,185,550,132,358,Not Approved
Institution_9404,Non-Rural,Combined,2.05,20,5,50,10,69,450,132,442,Not Approved
Institution_9405,Rural,UG,7.55,16,4,0,8,184,600,132,281,Not Approved
Institution_9406,Non-Rural,UG,1.39,20,5,0,10,268,450,132,386,Not Approved
Institution_9407,Rural,Diploma,8.32,4,1,0,4,157,550,132,100,Approved
Institution_9408,Rural,Combined,11.02,8,2,20,2,299,550,132,202,Approved
Institution_9409,Rural,PG,12.07,20,5,50,20,192,650,132,175,Approved
Institution_9410,Rural,PG,5.5,12,3,30,6,241,650,132,490,Not Approved
Institution_9411,Non-Rural,PG,3.99,8,2,20,4,226,550,132,133,Approved
Institution_9412,Non-Rural,PG,1.65,4,1,10,3,276,500,132,199,Not Approved
Institution_9413,Non-Rural,UG,3.44,8,2,0,8,222,500,132,402,Approved
Institution_9414,Rural,Diploma,7.06,12,3,0,3,200,650,132,162,Approved
Institution_9415,Rural,Diploma,3.13,4,1,0,3,242,600,132,524,Not Approved
Institution_9416,Non-Rural,Diploma,1.31,20,5,0,10,206,500,132,217,Not Approved
Institution_9417,Non-Rural,Diploma,0.56,8,2,0,6,236,450,132,427,Not Approved
Institution_9418,Non-Rural,Combined,4.92,8,2,20,6,222,600,132,496,Approved
Institution_9419,Rural,Combined,11.55,16,4,40,4,116,600,132,114,Not Approved
Institution_9420,Rural,PG,14.27,12,3,30,6,71,600,132,462,Not Approved
Institution_9421,Non-Rural,Diploma,1.36,12,3,0,9,71,450,132,462,Not Approved
Institution_9422,Rural,Combined,13.21,16,4,40,16,213,400,132,567,Approved
Institution_9423,Non-Rural,PG,0.94,8,2,20,6,256,600,132,280,Not Approved
Institution_9424,Non-Rural,Diploma,1.96,4,1,0,3,124,650,132,571,Not Approved
Institution_9425,Non-Rural,PG,4.06,4,1,10,2,101,650,132,225,Not Approved
Institution_9426,Rural,Diploma,3.47,20,5,0,15,259,400,132,303,Not Approved
Institution_9427,Non-Rural,Combined,2.11,8,2,20,6,283,500,132,103,Approved
Institution_9428,Rural,Diploma,6.58,12,3,0,9,213,600,132,353,Approved
Institution_9429,Rural,Combined,12.19,8,2,20,4,269,550,132,581,Approved
Institution_9430,Non-Rural,PG,3.24,16,4,40,16,73,500,132,553,Not Approved
Institution_9431,Non-Rural,UG,3.57,12,3,0,12,218,450,132,499,Approved
Institution_9432,Non-Rural,Diploma,0.57,12,3,0,9,81,600,132,593,Not Approved
Institution_9433,Non-Rural,Combined,1.73,16,4,40,16,172,650,132,274,Approved
Institution_9434,Rural,UG,10.41,16,4,0,12,276,600,132,244,Approved
Institution_9435,Non-Rural,Diploma,1.89,4,1,0,3,237,600,132,232,Approved
Institution_9436,Rural,PG,5.34,12,3,30,12,130,600,132,391,Not Approved
Institution_9437,Non-Rural,Combined,0.54,12,3,30,12,261,500,132,568,Approved
Institution_9438,Non-Rural,UG,4.74,8,2,0,2,93,600,132,135,Not Approved
Institution_9439,Rural,PG,8.27,16,4,40,4,172,400,132,317,Not Approved
Institution_9440,Non-Rural,Diploma,0.73,4,1,0,3,143,400,132,384,Not Approved
Institution_9441,Non-Rural,Combined,4.81,8,2,20,4,288,550,132,239,Approved
Institution_9442,Rural,Diploma,9.24,12,3,0,6,215,400,132,158,Approved
Institution_9443,Rural,Combined,12.11,8,2,20,6,244,650,132,460,Approved
Institution_9444,Rural,Combined,8.32,20,5,50,10,290,400,132,387,Approved
Institution_9445,Non-Rural,UG,4.08,8,2,0,6,71,600,132,283,Not Approved
Institution_9446,Rural,UG,5.33,20,5,0,20,292,450,132,468,Not Approved
Institution_9447,Non-Rural,PG,3.52,8,2,20,2,147,550,132,259,Not Approved
Institution_9448,Rural,Diploma,6.27,4,1,0,4,102,550,132,190,Not Approved
Institution_9449,Rural,PG,9.65,12,3,30,9,294,600,132,410,Not Approved
Institution_9450,Non-Rural,Diploma,0.97,4,1,0,4,261,650,132,568,Not Approved
Institution_9451,Rural,Combined,14.79,4,1,10,3,66,600,132,159,Not Approved
Institution_9452,Rural,PG,7.63,20,5,50,20,58,600,132,336,Not Approved
Institution_9453,Rural,Combined,10.01,4,1,10,2,208,650,132,264,Approved
Institution_9454,Non-Rural,Combined,2.63,20,5,50,15,268,650,132,380,Approved
Institution_9455,Rural,Diploma,8.29,12,3,0,6,241,400,132,405,Approved
Institution_9456,Non-Rural,PG,2.28,8,2,20,4,78,500,132,329,Not Approved
Institution_9457,Rural,Combined,7.09,8,2,20,4,190,600,132,108,Approved
Institution_9458,Rural,UG,7.23,12,3,0,6,242,450,132,389,Not Approved
Institution_9459,Rural,Diploma,9.25,8,2,0,8,297,450,132,555,Approved
Institution_9460,Rural,PG,9.18,8,2,20,2,259,650,132,185,Not Approved
Institution_9461,Rural,Diploma,7.59,16,4,0,12,154,650,132,579,Approved
Institution_9462,Rural,Diploma,9.42,4,1,0,1,235,450,132,179,Approved
Institution_9463,Non-Rural,Diploma,1.31,12,3,0,12,169,650,132,287,Not Approved
Institution_9464,Non-Rural,UG,1.62,20,5,0,5,264,400,132,258,Not Approved
Institution_9465,Non-Rural,UG,4.93,16,4,0,16,174,650,132,318,Approved
Institution_9466,Non-Rural,UG,2.35,20,5,0,20,87,550,132,508,Not Approved
Institution_9467,Non-Rural,PG,4.55,4,1,10,4,171,600,132,240,Approved
Institution_9468,Non-Rural,UG,3.89,16,4,0,12,158,500,132,408,Approved
Institution_9469,Rural,Diploma,5.79,4,1,0,3,267,400,132,123,Approved
Institution_9470,Rural,Diploma,7.1,12,3,0,12,98,450,132,172,Not Approved
Institution_9471,Non-Rural,Diploma,1.38,12,3,0,9,176,400,132,220,Not Approved
Institution_9472,Rural,Combined,12.11,8,2,20,6,244,650,132,460,Approved
Institution_9473,Non-Rural,UG,0.76,8,2,0,6,80,550,132,139,Not Approved
Institution_9474,Non-Rural,Combined,4.36,20,5,50,10,156,550,132,562,Approved
Institution_9475,Non-Rural,PG,3.78,16,4,40,12,199,550,132,421,Approved
Institution_9476,Rural,PG,9.82,12,3,30,3,271,500,132,137,Not Approved
Institution_9477,Rural,Combined,8.05,12,3,30,3,260,450,132,307,Approved
Institution_9478,Non-Rural,Diploma,0.66,8,2,0,6,233,400,132,397,Not Approved
Institution_9479,Rural,UG,11.64,12,3,0,12,153,600,132,203,Approved
Institution_9480,Non-Rural,UG,3.7,4,1,0,2,142,650,132,217,Not Approved
Institution_9481,Non-Rural,Combined,2.6,16,4,40,16,267,400,132,395,Approved
Institution_9482,Non-Rural,Diploma,1.88,16,4,0,12,208,650,132,572,Approved
Institution_9483,Non-Rural,UG,3.74,16,4,0,4,138,550,132,521,Not Approved
Institution_9484,Rural,PG,7.07,4,1,10,2,283,450,132,381,Not Approved
Institution_9485,Non-Rural,Combined,2.24,16,4,40,4,298,500,132,378,Approved
Institution_9486,Non-Rural,UG,2.73,16,4,0,4,273,450,132,342,Approved
Institution_9487,Non-Rural,PG,3.02,12,3,30,3,107,450,132,129,Not Approved
Institution_9488,Rural,Diploma,2.4,4,1,0,2,300,450,132,131,Not Approved
Institution_9489,Rural,PG,14.47,20,5,50,10,61,600,132,265,Not Approved
Institution_9490,Rural,Combined,13.85,4,1,10,1,81,500,132,564,Not Approved
Institution_9491,Non-Rural,Diploma,1.17,8,2,0,8,121,550,132,401,Not Approved
Institution_9492,Rural,PG,9.86,8,2,20,4,264,600,132,574,Not Approved
Institution_9493,Rural,UG,6.5,4,1,0,4,97,600,132,360,Not Approved
Institution_9494,Non-Rural,UG,1.94,8,2,0,4,224,400,132,540,Not Approved
Institution_9495,Rural,PG,11.41,16,4,40,4,58,650,132,363,Not Approved
Institution_9496,Non-Rural,Combined,4.4,12,3,30,9,175,400,132,279,Approved
Institution_9497,Rural,Combined,11.49,20,5,50,15,246,650,132,566,Approved
Institution_9498,Non-Rural,PG,1.22,12,3,30,12,147,400,132,109,Not Approved
Institution_9499,Non-Rural,UG,1.09,12,3,0,12,185,400,132,432,Not Approved
Institution_4947,Rural,UG,12.28,16,4,0,12,204,550,132,546,Approved
Institution_6101,Non-Rural,Diploma,0.58,12,3,0,9,257,400,132,322,Not Approved
Institution_5459,Non-Rural,Combined,2.57,12,3,30,6,152,450,132,366,Approved
Institution_7937,Non-Rural,Combined,3.42,12,3,30,9,263,400,132,203,Approved
Institution_3454,Rural,Diploma,3.52,8,2,0,2,190,600,132,127,Not Approved
Institution_7325,Rural,PG,14.4,20,5,50,5,241,400,132,349,Approved
Institution_2550,Rural,Diploma,2.2,4,1,0,1,236,650,132,271,Not Approved
Institution_7826,Rural,PG,9.53,16,4,40,8,150,550,132,136,Not Approved
Institution_1357,Non-Rural,UG,4.7,4,1,0,2,250,550,132,273,Approved
Institution_1770,Non-Rural,PG,2.85,12,3,30,6,279,400,132,514,Approved
Institution_1670,Non-Rural,UG,4.93,16,4,0,16,174,650,132,318,Approved
Institution_7667,Rural,PG,10.29,8,2,20,8,200,650,132,551,Approved
Institution_1617,Non-Rural,PG,3.53,4,1,10,1,267,450,132,450,Approved
Institution_2364,Rural,Diploma,5.71,16,4,0,4,175,450,132,338,Approved
Institution_9818,Non-Rural,Diploma,1.12,20,5,0,5,276,550,132,173,Not Approved
Institution_2988,Non-Rural,UG,3.56,4,1,0,4,140,400,132,208,Not Approved
Institution_3629,Rural,Diploma,5.85,8,2,0,2,168,450,132,476,Approved
Institution_5456,Rural,PG,13.11,12,3,30,12,230,400,132,234,Approved
Institution_5173,Non-Rural,UG,3.1,8,2,0,6,151,550,132,557,Approved
Institution_3600,Non-Rural,UG,2.6,4,1,0,4,232,500,132,230,Approved
Institution_7419,Rural,Combined,7.76,8,2,20,4,270,650,132,479,Approved
Institution_5235,Rural,UG,12.41,12,3,0,6,195,600,132,358,Approved
Institution_6357,Non-Rural,UG,4.88,20,5,0,20,288,450,132,241,Approved
Institution_9494,Rural,Combined,9.32,4,1,10,1,112,650,132,287,Not Approved
Institution_8620,Non-Rural,UG,2.24,4,1,0,4,205,500,132,501,Not Approved
Institution_5601,Rural,UG,6.17,8,2,0,2,228,450,132,163,Not Approved
Institution_5544,Non-Rural,Diploma,0.54,12,3,0,9,300,650,132,416,Not Approved
Institution_8297,Rural,PG,10.55,20,5,50,10,241,500,132,258,Approved
Institution_1210,Non-Rural,UG,1.09,12,3,0,12,185,400,132,432,Not Approved
Institution_5122,Rural,PG,9.14,16,4,40,16,60,400,132,582,Not Approved
Institution_2782,Non-Rural,PG,3.09,8,2,20,4,79,400,132,447,Not Approved
Institution_8669,Non-Rural,PG,3.01,4,1,10,4,66,500,132,297,Not Approved
Institution_1594,Rural,UG,14.72,8,2,0,4,137,550,132,264,Not Approved
Institution_3408,Rural,Diploma,9.35,20,5,0,5,181,400,132,254,Approved
Institution_4537,Non-Rural,PG,2.61,8,2,20,8,269,450,132,524,Approved
Institution_4703,Rural,Combined,9.6,12,3,30,3,209,600,132,245,Approved
Institution_6130,Non-Rural,UG,4.64,16,4,0,16,299,550,132,277,Approved
Institution_5631,Rural,UG,13.93,12,3,0,3,238,400,132,514,Approved
Institution_1640,Rural,Diploma,6.5,8,2,0,2,172,600,132,325,Approved
Institution_6483,Rural,Combined,12.78,16,4,40,8,237,400,132,104,Approved
Institution_1946,Rural,Diploma,6.6,8,2,0,8,226,650,132,279,Approved
Institution_3286,Non-Rural,UG,2.06,20,5,0,15,185,400,132,380,Not Approved
Institution_7057,Non-Rural,Diploma,0.73,8,2,0,6,282,450,132,589,Not Approved
Institution_8702,Rural,Combined,13.21,16,4,40,16,139,400,132,567,Not Approved
Institution_3613,Non-Rural,Diploma,1.07,20,5,0,20,72,400,132,449,Not Approved
Institution_2237,Rural,Combined,8.95,4,1,10,3,270,500,132,162,Approved
Institution_8690,Rural,Diploma,3.77,12,3,0,9,214,500,132,317,Not Approved
Institution_5088,Rural,Combined,5.34,8,2,20,6,182,400,132,340,Approved
Institution_8612,Non-Rural,Combined,4.08,4,1,10,1,121,600,132,548,Not Approved
Institution_2314,Non-Rural,Combined,1.91,8,2,20,4,102,500,132,449,Not Approved
Institution_1918,Rural,Diploma,6.58,12,3,0,9,213,600,132,353,Approved
Institution_2179,Rural,Diploma,9.68,4,1,0,3,74,650,132,429,Not Approved
Institution_5809,Rural,PG,9.54,4,1,10,4,286,450,132,275,Not Approved
Institution_3563,Non-Rural,Combined,2.12,12,3,30,3,153,600,132,180,Approved
Institution_4248,Rural,Diploma,4.33,12,3,0,9,144,600,132,501,Not Approved
Institution_8099,Rural,PG,8.47,8,2,20,6,252,600,132,306,Not Approved
Institution_8280,Non-Rural,UG,0.63,16,4,0,12,51,550,132,102,Not Approved
Institution_7965,Rural,Combined,10.4,20,5,50,10,155,400,132,586,Approved
Institution_8969,Rural,Combined,6.1,4,1,10,1,63,400,132,550,Not Approved
Institution_3042,Rural,Diploma,6.43,12,3,0,9,139,500,132,181,Not Approved
Institution_1865,Non-Rural,UG,4.59,16,4,0,4,293,450,132,512,Approved
Institution_3044,Non-Rural,Combined,4.86,20,5,50,5,259,650,132,222,Approved
Institution_5431,Non-Rural,PG,2.16,16,4,40,4,289,600,132,206,Not Approved
Institution_9710,Rural,PG,14.59,16,4,40,4,103,400,132,264,Not Approved
Institution_2952,Rural,Diploma,9.94,16,4,0,16,256,500,132,225,Approved
Institution_2404,Non-Rural,Diploma,1.17,8,2,0,8,91,550,132,401,Not Approved
Institution_8946,Rural,Combined,8.05,12,3,30,3,260,450,132,307,Approved
Institution_2694,Non-Rural,Combined,4.96,8,2,20,8,99,500,132,277,Not Approved
Institution_8720,Rural,UG,8.87,12,3,0,12,196,600,132,143,Not Approved
Institution_8874,Rural,PG,6.41,4,1,10,3,280,600,132,468,Not Approved
Institution_8500,Rural,PG,13.86,16,4,40,4,85,550,132,218,Not Approved
Institution_6672,Non-Rural,UG,4.15,8,2,0,2,232,600,132,534,Approved
Institution_5675,Rural,Combined,11.67,12,3,30,3,153,550,132,314,Approved
Institution_2109,Non-Rural,UG,4.82,8,2,0,2,251,500,132,425,Approved
Institution_6649,Non-Rural,PG,2.86,16,4,40,8,262,400,132,535,Approved
Institution_9474,Non-Rural,Combined,1.08,16,4,40,4,165,400,132,105,Approved
Institution_5425,Rural,PG,8.74,20,5,50,20,77,650,132,123,Not Approved
Institution_1107,Rural,Diploma,7.45,16,4,0,12,214,550,132,229,Approved
Institution_4642,Non-Rural,Diploma,1.77,8,2,0,8,83,650,132,360,Not Approved
Institution_1034,Non-Rural,UG,4.56,4,1,0,3,195,450,132,528,Approved
Institution_4761,Non-Rural,PG,2.62,16,4,40,12,181,650,132,336,Approved
Institution_7998,Rural,UG,12.6,20,5,0,15,110,650,132,458,Not Approved
Institution_5988,Rural,UG,7.1,4,1,0,3,207,450,132,572,Not Approved
Institution_6189,Non-Rural,PG,3.19,4,1,10,3,135,550,132,214,Not Approved
Institution_3739,Non-Rural,UG,4.8,8,2,0,6,168,400,132,491,Approved
Institution_7229,Rural,Combined,9.83,4,1,10,4,193,500,132,290,Approved
Institution_3241,Rural,Combined,13.5,16,4,40,16,124,600,132,306,Not Approved
Institution_8318,Rural,UG,11.29,8,2,0,2,163,600,132,547,Approved
Institution_1629,Non-Rural,UG,3.46,8,2,0,6,156,600,132,433,Approved
Institution_8140,Non-Rural,Diploma,1.96,8,2,0,8,151,550,132,318,Approved
Institution_1645,Rural,UG,6.5,4,1,0,4,151,600,132,360,Not Approved
Institution_3400,Rural,Diploma,6.9,16,4,0,12,190,550,132,330,Approved
Institution_5757,Non-Rural,Combined,3.35,16,4,40,12,168,550,132,422,Approved
Institution_3632,Non-Rural,PG,2.6,16,4,40,16,206,400,132,300,Approved
Institution_2864,Rural,UG,5.25,20,5,0,5,282,550,132,515,Not Approved
Institution_9889,Non-Rural,Diploma,1.49,20,5,0,10,190,400,132,129,Not Approved
Institution_1614,Rural,Combined,5.53,12,3,30,12,253,400,132,430,Approved
Institution_5449,Non-Rural,UG,2.35,20,5,0,20,223,550,132,508,Not Approved
Institution_7815,Rural,PG,8.66,12,3,30,3,269,450,132,178,Not Approved
Institution_6805,Non-Rural,UG,2.26,12,3,0,3,53,550,132,204,Not Approved
Institution_4448,Rural,Combined,11.02,8,2,20,2,108,550,132,202,Not Approved
Institution_9515,Non-Rural,Combined,1.76,8,2,20,6,116,400,132,543,Not Approved
Institution_2920,Non-Rural,Combined,2.25,8,2,20,8,156,550,132,373,Approved
Institution_3402,Rural,UG,12.16,12,3,0,12,294,500,132,348,Approved
Institution_2215,Rural,Combined,8.86,4,1,10,4,229,500,132,253,Approved
Institution_9802,Rural,Diploma,4.04,16,4,0,16,277,500,132,593,Not Approved
Institution_8545,Non-Rural,Combined,2.18,8,2,20,6,289,550,132,231,Approved
Institution_4222,Rural,PG,5.58,12,3,30,6,60,500,132,292,Not Approved
Institution_2930,Rural,Diploma,7.98,8,2,0,8,259,450,132,403,Approved
Institution_2543,Rural,UG,10.05,8,2,0,4,140,550,132,498,Not Approved
Institution_5690,Non-Rural,UG,3.15,4,1,0,1,155,450,132,342,Approved
Institution_6868,Rural,UG,8.34,16,4,0,4,55,450,132,100,Not Approved
Institution_4183,Non-Rural,UG,3.0,20,5,0,10,259,500,132,269,Approved
Institution_5086,Rural,Diploma,2.34,12,3,0,3,104,600,132,207,Not Approved
Institution_3594,Rural,PG,9.22,8,2,20,6,291,650,132,491,Not Approved
Institution_4264,Rural,Diploma,4.44,4,1,0,4,114,400,132,287,Not Approved
Institution_5398,Rural,Diploma,2.52,12,3,0,6,258,500,132,282,Not Approved
Institution_9571,Rural,UG,8.98,16,4,0,4,295,550,132,559,Not Approved
Institution_2828,Non-Rural,PG,4.76,8,2,20,8,256,500,132,166,Approved
Institution_8437,Non-Rural,PG,2.28,8,2,20,4,167,500,132,329,Not Approved
Institution_4424,Non-Rural,Combined,4.25,4,1,10,3,277,600,132,285,Approved
Institution_7894,Rural,UG,5.49,12,3,0,3,173,450,132,520,Not Approved
Institution_1433,Non-Rural,PG,3.45,4,1,10,2,294,400,132,574,Approved
Institution_5858,Non-Rural,Diploma,1.3,4,1,0,4,110,400,132,446,Not Approved
Institution_2503,Rural,Diploma,8.66,16,4,0,8,80,450,132,166,Not Approved
Institution_8976,Non-Rural,Diploma,0.82,4,1,0,4,186,600,132,479,Not Approved
Institution_3702,Non-Rural,Combined,1.12,4,1,10,2,71,600,132,215,Not Approved
Institution_7391,Non-Rural,Combined,3.43,12,3,30,12,259,450,132,471,Approved
Institution_6671,Non-Rural,PG,4.08,12,3,30,3,108,650,132,412,Not Approved
Institution_5784,Non-Rural,Diploma,1.77,8,2,0,8,275,500,132,473,Approved
Institution_8104,Rural,UG,9.23,20,5,0,5,214,650,132,406,Not Approved
Institution_2300,Non-Rural,PG,4.79,16,4,40,12,196,500,132,516,Approved
Institution_9547,Non-Rural,Combined,3.07,16,4,40,12,189,650,132,520,Approved
Institution_7766,Rural,PG,11.15,8,2,20,2,189,650,132,201,Approved
Institution_4732,Rural,UG,12.12,4,1,0,4,296,500,132,528,Approved
Institution_6831,Rural,UG,12.48,8,2,0,4,290,400,132,300,Approved
Institution_5929,Rural,Diploma,5.18,12,3,0,3,216,500,132,356,Approved
Institution_2793,Non-Rural,Combined,4.97,4,1,10,4,178,650,132,465,Approved
Institution_4138,Rural,PG,9.65,12,3,30,9,294,600,132,410,Not Approved
Institution_6795,Rural,UG,6.86,16,4,0,16,168,550,132,583,Not Approved
Institution_4366,Non-Rural,Combined,3.06,8,2,20,6,95,400,132,175,Not Approved
Institution_2497,Rural,Diploma,6.85,4,1,0,2,98,500,132,453,Not Approved
Institution_7548,Rural,UG,5.43,8,2,0,4,249,500,132,244,Not Approved
Institution_6527,Rural,UG,10.02,4,1,0,1,231,450,132,563,Approved
Institution_8007,Non-Rural,PG,4.52,12,3,30,12,293,400,132,592,Approved
Institution_6673,Non-Rural,Combined,0.89,8,2,20,4,214,400,132,210,Approved
Institution_3719,Non-Rural,Diploma,1.7,12,3,0,3,290,550,132,211,Approved
Institution_5662,Rural,UG,7.28,16,4,0,8,276,450,132,219,Not Approved
Institution_6043,Non-Rural,Combined,2.99,4,1,10,3,195,650,132,108,Approved
Institution_6907,Non-Rural,UG,4.66,8,2,0,4,245,500,132,490,Approved
Institution_9215,Rural,Diploma,6.53,8,2,0,8,202,600,132,536,Approved
Institution_2060,Rural,UG,13.44,4,1,0,3,292,450,132,452,Approved
Institution_8468,Rural,UG,8.86,8,2,0,4,264,500,132,165,Not Approved
Institution_3034,Non-Rural,PG,5.0,12,3,30,3,273,450,132,538,Approved
Institution_3081,Non-Rural,UG,0.88,16,4,0,4,236,550,132,413,Not Approved
Institution_2264,Rural,Diploma,3.73,12,3,0,9,80,400,132,321,Not Approved
Institution_9369,Non-Rural,Combined,2.63,20,5,50,15,268,650,132,380,Approved
Institution_6722,Rural,Combined,6.1,8,2,20,6,269,600,132,473,Approved
Institution_2353,Non-Rural,Combined,3.05,8,2,20,4,176,450,132,399,Approved
Institution_9984,Non-Rural,UG,3.21,8,2,0,6,221,600,132,316,Approved
Institution_6741,Non-Rural,PG,3.24,16,4,40,16,287,500,132,553,Approved
Institution_3790,Rural,Combined,5.52,4,1,10,1,280,450,132,279,Approved
Institution_7000,Rural,Diploma,8.15,8,2,0,8,188,500,132,136,Approved
Institution_8541,Rural,PG,11.22,12,3,30,6,139,600,132,287,Not Approved
Institution_2633,Non-Rural,PG,2.04,8,2,20,4,195,650,132,468,Not Approved
Institution_9646,Non-Rural,Combined,1.69,8,2,20,6,278,500,132,479,Approved
Institution_5302,Non-Rural,Combined,3.08,20,5,50,20,206,500,132,367,Approved
Institution_3871,Non-Rural,Diploma,0.7,4,1,0,3,282,650,132,212,Not Approved
Institution_9085,Non-Rural,Combined,0.67,4,1,10,2,104,500,132,131,Not Approved
Institution_7712,Rural,UG,9.37,12,3,0,6,216,600,132,270,Not Approved
Institution_5249,Rural,PG,6.92,20,5,50,5,128,450,132,151,Not Approved
Institution_1750,Rural,PG,9.17,4,1,10,2,230,600,132,391,Not Approved
Institution_3171,Non-Rural,UG,3.14,12,3,0,9,211,450,132,569,Approved
Institution_7066,Non-Rural,Diploma,1.88,4,1,0,1,277,600,132,168,Approved
Institution_3612,Non-Rural,Diploma,1.19,16,4,0,8,114,450,132,283,Not Approved
Institution_5808,Rural,Diploma,7.64,20,5,0,20,121,400,132,353,Not Approved
Institution_8293,Rural,Combined,10.38,20,5,50,20,253,600,132,251,Approved
Institution_4855,Non-Rural,Diploma,1.9,8,2,0,2,181,550,132,557,Approved
Institution_7143,Non-Rural,Diploma,0.69,16,4,0,16,211,400,132,542,Not Approved
Institution_2955,Non-Rural,UG,3.44,8,2,0,8,55,500,132,402,Not Approved
Institution_6884,Non-Rural,Combined,3.24,8,2,20,8,178,400,132,280,Approved
Institution_7676,Rural,Diploma,6.22,16,4,0,4,202,650,132,337,Approved
Institution_3082,Rural,Diploma,4.43,16,4,0,12,204,550,132,204,Not Approved
Institution_4811,Rural,UG,7.61,20,5,0,10,165,450,132,336,Not Approved
Institution_9043,Non-Rural,PG,0.96,20,5,50,5,77,550,132,251,Not Approved
Institution_2000,Rural,Diploma,8.79,16,4,0,4,268,600,132,212,Approved
Institution_7615,Rural,Combined,10.01,4,1,10,2,208,650,132,264,Approved
Institution_2003,Rural,Diploma,9.99,8,2,0,6,283,650,132,212,Approved
Institution_6471,Non-Rural,Diploma,1.76,12,3,0,9,74,600,132,516,Not Approved
Institution_5481,Rural,PG,8.38,4,1,10,4,178,650,132,215,Not Approved
Institution_8627,Non-Rural,PG,4.55,12,3,30,6,219,600,132,595,Approved
Institution_1355,Non-Rural,Combined,0.54,12,3,30,12,261,500,132,568,Approved
Institution_3007,Non-Rural,Combined,3.92,16,4,40,16,87,600,132,100,Not Approved
Institution_3553,Rural,PG,7.07,4,1,10,2,283,450,132,381,Not Approved
Institution_2241,Rural,PG,12.13,8,2,20,2,206,450,132,429,Approved
Institution_8495,Non-Rural,PG,2.68,8,2,20,6,156,550,132,199,Approved
Institution_1099,Rural,PG,12.1,4,1,10,3,98,450,132,407,Not Approved
Institution_6021,Non-Rural,Combined,4.4,16,4,40,4,238,550,132,294,Approved
Institution_8903,Non-Rural,Combined,4.81,8,2,20,4,126,550,132,239,Not Approved
Institution_4266,Non-Rural,UG,4.15,8,2,0,6,241,450,132,449,Approved
Institution_8642,Non-Rural,Combined,2.94,20,5,50,10,288,600,132,412,Approved
Institution_2096,Non-Rural,UG,2.05,16,4,0,12,214,550,132,289,Not Approved
Institution_1551,Rural,Combined,12.42,4,1,10,2,275,500,132,194,Approved
Institution_6914,Rural,UG,8.73,20,5,0,20,92,600,132,520,Not Approved
Institution_2099,Rural,Combined,12.54,16,4,40,8,291,650,132,144,Approved
Institution_7858,Non-Rural,Combined,1.62,8,2,20,8,273,650,132,181,Approved
Institution_1289,Non-Rural,Combined,2.68,20,5,50,15,159,650,132,127,Approved
Institution_8059,Non-Rural,PG,0.51,8,2,20,4,185,550,132,358,Not Approved
Institution_3703,Non-Rural,PG,4.32,12,3,30,12,74,450,132,265,Not Approved
Institution_6702,Rural,Combined,7.6,8,2,20,8,103,500,132,158,Not Approved
Institution_7874,Non-Rural,PG,4.84,12,3,30,3,104,600,132,401,Not Approved
Institution_5741,Rural,PG,8.0,12,3,30,6,251,450,132,156,Not Approved
Institution_6148,Rural,Diploma,6.16,12,3,0,3,257,650,132,198,Approved
Institution_8158,Non-Rural,UG,4.49,16,4,0,16,252,600,132,327,Approved
Institution_1025,Rural,UG,7.96,8,2,0,2,237,500,132,414,Not Approved
Institution_6293,Rural,Diploma,2.72,20,5,0,15,187,600,132,172,Not Approved
Institution_2415,Non-Rural,Diploma,1.76,4,1,0,3,294,600,132,126,Approved
Institution_5820,Rural,PG,6.13,20,5,50,20,204,550,132,466,Not Approved
Institution_6827,Non-Rural,Diploma,1.96,4,1,0,3,124,500,132,260,Not Approved
Institution_1676,Non-Rural,UG,4.37,16,4,0,8,219,650,132,187,Approved
Institution_2855,Rural,PG,6.14,8,2,20,6,62,500,132,441,Not Approved
Institution_3006,Rural,Diploma,7.99,20,5,0,15,107,500,132,527,Not Approved
Institution_1239,Non-Rural,PG,2.08,8,2,20,8,193,650,132,386,Not Approved
Institution_8830,Non-Rural,Diploma,0.53,20,5,0,15,285,600,132,174,Not Approved
Institution_4365,Rural,UG,14.43,12,3,0,9,225,500,132,199,Approved
Institution_8025,Rural,PG,9.41,4,1,10,3,189,550,132,328,Not Approved
Institution_1108,Non-Rural,UG,1.42,16,4,0,16,168,550,132,563,Not Approved
Institution_5557,Rural,Diploma,2.27,8,2,0,2,150,600,132,314,Not Approved
Institution_8486,Non-Rural,Combined,3.75,4,1,10,2,293,400,132,357,Approved
Institution_6475,Rural,Diploma,2.62,12,3,0,12,160,600,132,560,Not Approved
Institution_8767,Non-Rural,PG,1.34,8,2,20,4,191,650,132,215,Not Approved
Institution_6888,Non-Rural,UG,1.65,4,1,0,2,124,400,132,450,Not Approved
Institution_8337,Non-Rural,Diploma,1.12,4,1,0,4,276,450,132,116,Not Approved
Institution_3394,Non-Rural,PG,3.45,20,5,50,15,93,400,132,411,Not Approved
Institution_5925,Rural,PG,12.15,20,5,50,5,168,400,132,446,Approved
Institution_9393,Rural,Combined,7.29,8,2,20,4,259,600,132,288,Approved
Institution_6797,Rural,UG,8.57,12,3,0,3,131,550,132,312,Not Approved
Institution_4485,Non-Rural,Combined,3.03,12,3,30,3,129,450,132,221,Not Approved
Institution_5617,Rural,PG,14.47,20,5,50,10,285,600,132,265,Approved
Institution_2582,Non-Rural,UG,1.75,16,4,0,8,63,400,132,443,Not Approved
Institution_4573,Rural,Diploma,4.48,12,3,0,6,123,500,132,303,Not Approved
Institution_5585,Non-Rural,PG,4.03,20,5,50,20,163,600,132,161,Approved
Institution_8103,Rural,UG,6.03,8,2,0,6,176,650,132,557,Not Approved
Institution_3870,Non-Rural,PG,2.71,20,5,50,20,65,600,132,426,Not Approved
Institution_4212,Rural,PG,5.58,12,3,30,3,140,550,132,348,Not Approved
Institution_5682,Non-Rural,Combined,3.88,12,3,30,6,168,450,132,326,Approved
Institution_6447,Rural,Diploma,2.78,8,2,0,4,205,550,132,521,Not Approved
Institution_2786,Rural,Combined,5.75,20,5,50,15,54,550,132,464,Not Approved
Institution_7054,Non-Rural,Combined,4.78,4,1,10,1,267,400,132,510,Approved
Institution_5325,Rural,Combined,11.76,20,5,50,10,187,400,132,338,Approved
Institution_9000,Rural,Diploma,3.21,20,5,0,10,224,600,132,364,Not Approved
Institution_3198,Non-Rural,Diploma,0.7,8,2,0,8,154,400,132,546,Not Approved
Institution_2331,Non-Rural,Combined,3.47,12,3,30,6,230,550,132,344,Approved
Institution_1909,Rural,PG,13.25,4,1,10,2,197,550,132,229,Approved
Institution_5501,Non-Rural,Combined,3.45,12,3,30,12,89,450,132,164,Not Approved
Institution_8011,Non-Rural,PG,1.51,16,4,40,16,257,500,132,336,Not Approved
Institution_4947,Non-Rural,Combined,1.23,20,5,50,20,240,650,132,265,Approved
Institution_3530,Rural,Combined,8.51,12,3,30,6,296,500,132,582,Approved
Institution_2129,Non-Rural,UG,2.2,12,3,0,9,273,650,132,117,Not Approved
Institution_7649,Rural,Combined,10.42,16,4,40,8,114,400,132,459,Not Approved
Institution_9818,Non-Rural,PG,1.24,16,4,40,12,227,650,132,442,Not Approved
Institution_4623,Rural,Combined,9.91,8,2,20,4,82,650,132,246,Not Approved
Institution_4899,Rural,PG,5.85,20,5,50,10,278,650,132,101,Not Approved
Institution_7855,Non-Rural,Combined,3.53,4,1,10,3,231,550,132,401,Approved
Institution_1008,Rural,Combined,11.63,16,4,40,12,237,450,132,563,Approved
Institution_3751,Non-Rural,UG,0.76,8,2,0,6,133,550,132,139,Not Approved
Institution_9909,Rural,UG,10.41,16,4,0,12,132,600,132,244,Not Approved
Institution_9359,Rural,Combined,6.52,20,5,50,10,291,400,132,326,Approved
Institution_8917,Non-Rural,Diploma,1.17,12,3,0,6,255,600,132,270,Not Approved
Institution_1798,Non-Rural,Combined,1.54,20,5,50,5,166,500,132,361,Approved
Institution_5973,Non-Rural,PG,3.78,16,4,40,12,115,550,132,421,Not Approved
Institution_7154,Non-Rural,PG,1.76,12,3,30,3,117,550,132,159,Not Approved
Institution_2683,Rural,PG,12.49,16,4,40,16,262,450,132,207,Approved
Institution_6471,Non-Rural,PG,3.94,8,2,20,4,268,400,132,534,Approved
Institution_9937,Rural,PG,13.43,8,2,20,2,101,550,132,102,Not Approved
Institution_5618,Non-Rural,Combined,4.01,16,4,40,8,112,550,132,194,Not Approved
Institution_8658,Non-Rural,UG,3.96,8,2,0,4,286,650,132,244,Approved
Institution_5863,Rural,Diploma,5.05,20,5,0,15,148,400,132,178,Not Approved
Institution_1858,Rural,Combined,13.82,16,4,40,8,239,500,132,422,Approved
Institution_6129,Non-Rural,Diploma,0.93,20,5,0,15,274,550,132,206,Not Approved
Institution_8031,Rural,PG,6.9,8,2,20,8,236,550,132,533,Not Approved
Institution_4259,Non-Rural,UG,1.44,4,1,0,2,209,550,132,192,Not Approved
Institution_9763,Non-Rural,PG,0.94,8,2,20,6,256,600,132,280,Not Approved
Institution_7433,Rural,Diploma,9.62,8,2,0,6,267,600,132,579,Approved
Institution_7118,Rural,Diploma,9.02,8,2,0,8,284,500,132,374,Approved
Institution_3961,Rural,UG,11.64,4,1,0,4,121,550,132,151,Not Approved
Institution_3882,Non-Rural,Diploma,0.79,4,1,0,1,123,550,132,490,Not Approved
Institution_2541,Rural,PG,11.46,16,4,40,16,72,500,132,461,Not Approved
Institution_7305,Non-Rural,Diploma,1.36,8,2,0,2,161,450,132,203,Not Approved
Institution_8585,Non-Rural,Combined,0.64,16,4,40,4,54,600,132,191,Not Approved
Institution_7389,Rural,PG,14.44,8,2,20,2,150,400,132,568,Approved
Institution_7524,Non-Rural,PG,2.06,12,3,30,12,186,550,132,456,Not Approved
Institution_2266,Non-Rural,Diploma,1.3,8,2,0,2,68,550,132,278,Not Approved
Institution_3621,Rural,UG,10.62,16,4,0,8,181,500,132,442,Approved
Institution_6934,Non-Rural,Diploma,0.84,20,5,0,15,229,550,132,247,Not Approved
Institution_6491,Non-Rural,Diploma,1.37,20,5,0,15,179,450,132,316,Not Approved
Institution_7667,Non-Rural,PG,1.58,12,3,30,6,144,500,132,452,Not Approved
Institution_7113,Non-Rural,Combined,1.73,16,4,40,16,70,650,132,274,Not Approved
Institution_4408,Rural,Combined,10.27,20,5,50,20,287,400,132,297,Approved
Institution_9414,Non-Rural,PG,4.47,16,4,40,12,276,650,132,132,Approved
Institution_7557,Non-Rural,PG,3.5,8,2,20,4,284,650,132,173,Approved
Institution_9583,Non-Rural,UG,1.57,4,1,0,1,241,600,132,247,Not Approved
Institution_1370,Rural,UG,14.08,20,5,0,20,177,600,132,229,Approved
Institution_2961,Non-Rural,PG,3.07,16,4,40,4,125,650,132,164,Not Approved
Institution_3524,Non-Rural,Diploma,1.01,16,4,0,8,223,400,132,296,Not Approved
Institution_8166,Rural,UG,10.57,16,4,0,12,223,600,132,507,Approved
Institution_7793,Rural,Combined,11.07,16,4,40,12,60,650,132,280,Not Approved
Institution_8560,Rural,Combined,9.54,12,3,30,6,288,500,132,172,Approved
Institution_9389,Non-Rural,PG,3.15,4,1,10,3,106,400,132,593,Not Approved
Institution_8546,Non-Rural,Diploma,1.13,16,4,0,16,99,600,132,284,Not Approved
Institution_1045,Non-Rural,UG,3.52,16,4,0,8,137,650,132,202,Not Approved
Institution_2154,Rural,Diploma,3.74,8,2,0,6,259,450,132,488,Not Approved
Institution_6228,Rural,Diploma,6.32,12,3,0,9,140,650,132,128,Not Approved
Institution_1672,Non-Rural,Combined,2.51,12,3,30,12,173,450,132,450,Approved
Institution_5935,Non-Rural,Combined,3.43,16,4,40,16,232,400,132,234,Approved
Institution_2419,Rural,Diploma,3.11,4,1,0,4,195,650,132,193,Not Approved
Institution_1208,Non-Rural,PG,2.7,12,3,30,9,68,450,132,428,Not Approved
Institution_3336,Non-Rural,Combined,4.77,8,2,20,8,157,650,132,506,Approved
Institution_4619,Rural,Diploma,9.17,16,4,0,8,278,600,132,292,Approved
Institution_9739,Rural,UG,6.94,8,2,0,8,266,650,132,362,Not Approved
Institution_3613,Non-Rural,Diploma,1.04,20,5,0,10,215,650,132,272,Not Approved
Institution_6510,Non-Rural,Combined,4.92,8,2,20,6,222,600,132,496,Approved
Institution_7307,Non-Rural,Combined,3.25,20,5,50,20,148,650,132,221,Not Approved
Institution_7946,Rural,PG,12.95,20,5,50,20,153,500,132,350,Approved
Institution_5101,Rural,Diploma,10.0,16,4,0,4,99,600,132,454,Not Approved
Institution_4951,Rural,Combined,12.73,4,1,10,3,189,500,132,586,Approved
Institution_2784,Rural,Combined,13.41,4,1,10,2,163,400,132,252,Approved
Institution_3419,Rural,PG,10.8,4,1,10,4,138,500,132,364,Not Approved
Institution_6125,Rural,Combined,8.48,4,1,10,3,206,650,132,123,Approved
Institution_2833,Non-Rural,Combined,3.52,4,1,10,1,268,550,132,430,Approved
Institution_2989,Non-Rural,UG,2.73,4,1,0,3,166,450,132,120,Approved
Institution_8004,Rural,PG,10.37,8,2,20,6,240,600,132,549,Approved
Institution_9542,Rural,UG,7.23,12,3,0,6,121,450,132,389,Not Approved
Institution_2058,Rural,PG,9.85,12,3,30,6,270,600,132,310,Not Approved
Institution_2238,Rural,Diploma,5.68,20,5,0,5,256,550,132,239,Approved
Institution_2391,Rural,UG,12.58,12,3,0,3,285,600,132,284,Approved
Institution_6338,Rural,PG,7.82,16,4,40,16,212,400,132,591,Not Approved
Institution_9229,Non-Rural,Diploma,0.88,4,1,0,2,154,550,132,245,Not Approved
Institution_9945,Non-Rural,PG,2.99,12,3,30,6,217,650,132,400,Approved
Institution_7811,Non-Rural,PG,2.66,16,4,40,8,69,650,132,345,Not Approved
Institution_1670,Non-Rural,Diploma,1.47,4,1,0,2,209,500,132,160,Not Approved
Institution_4157,Rural,Combined,10.25,12,3,30,12,220,550,132,239,Approved
Institution_3703,Non-Rural,Combined,4.11,8,2,20,2,58,550,132,367,Not Approved
Institution_7109,Non-Rural,UG,3.49,4,1,0,1,155,600,132,468,Approved
Institution_4807,Non-Rural,Diploma,1.62,16,4,0,12,144,550,132,453,Not Approved
Institution_8828,Non-Rural,Combined,1.8,12,3,30,12,210,400,132,482,Approved
Institution_7677,Rural,PG,8.22,12,3,30,3,97,650,132,311,Not Approved
Institution_8698,Rural,UG,11.24,20,5,0,15,151,550,132,223,Approved
Institution_7730,Non-Rural,Diploma,0.89,20,5,0,15,300,450,132,288,Not Approved
Institution_5058,Rural,Combined,6.4,12,3,30,9,163,550,132,467,Approved
Institution_4552,Rural,Combined,14.63,4,1,10,2,128,450,132,186,Not Approved
Institution_7101,Non-Rural,UG,1.53,8,2,0,4,127,650,132,329,Not Approved
Institution_7745,Rural,Combined,14.78,8,2,20,4,287,650,132,401,Approved
Institution_4852,Rural,Diploma,8.68,8,2,0,2,72,650,132,199,Not Approved
Institution_3610,Non-Rural,Combined,3.2,12,3,30,9,86,600,132,450,Not Approved
Institution_1413,Non-Rural,Diploma,0.71,20,5,0,10,70,550,132,170,Not Approved
Institution_9264,Non-Rural,Diploma,1.31,20,5,0,5,153,500,132,143,Not Approved
Institution_9749,Non-Rural,Diploma,1.43,4,1,0,4,242,500,132,466,Not Approved
Institution_1992,Non-Rural,UG,4.62,16,4,0,12,82,500,132,519,Not Approved
Institution_9065,Non-Rural,Diploma,1.1,4,1,0,1,187,550,132,474,Not Approved
Institution_5245,Rural,Diploma,6.26,4,1,0,3,235,400,132,197,Approved
Institution_5290,Rural,Diploma,8.29,12,3,0,3,85,450,132,416,Not Approved
Institution_4088,Non-Rural,Combined,4.73,4,1,10,2,247,500,132,532,Approved
Institution_8229,Non-Rural,UG,2.45,12,3,0,3,94,600,132,382,Not Approved
Institution_2962,Rural,UG,14.4,4,1,0,1,293,500,132,452,Approved
Institution_1136,Non-Rural,PG,3.36,4,1,10,2,121,550,132,126,Not Approved
Institution_3218,Rural,PG,13.21,20,5,50,5,216,400,132,470,Approved
Institution_2867,Rural,UG,7.88,20,5,0,20,93,550,132,423,Not Approved
Institution_1280,Rural,PG,7.69,16,4,40,4,168,600,132,257,Not Approved
Institution_6722,Non-Rural,Diploma,1.48,8,2,0,2,248,500,132,130,Not Approved
Institution_3059,Non-Rural,UG,3.89,16,4,0,16,116,650,132,257,Not Approved
Institution_1461,Non-Rural,Diploma,1.0,8,2,0,2,79,650,132,433,Not Approved
Institution_2889,Rural,PG,9.6,4,1,10,1,193,450,132,416,Not Approved
Institution_2653,Rural,PG,6.33,12,3,30,6,212,400,132,148,Not Approved
Institution_8525,Rural,Combined,5.5,8,2,20,6,106,400,132,394,Not Approved
Institution_4978,Rural,Combined,10.41,16,4,40,16,206,500,132,321,Approved
Institution_5287,Rural,PG,6.5,4,1,10,4,229,450,132,427,Not Approved
Institution_9992,Non-Rural,UG,3.18,4,1,0,3,58,550,132,309,Not Approved
Institution_2208,Rural,UG,7.95,8,2,0,6,200,650,132,146,Not Approved
Institution_6921,Rural,Diploma,2.37,8,2,0,2,168,400,132,166,Not Approved
Institution_5495,Non-Rural,Combined,2.63,12,3,30,9,101,650,132,100,Not Approved
Institution_1772,Non-Rural,PG,3.17,4,1,10,1,142,550,132,497,Not Approved
Institution_7645,Rural,UG,9.43,20,5,0,15,74,600,132,425,Not Approved
Institution_3605,Non-Rural,Diploma,1.56,20,5,0,5,236,500,132,572,Approved
Institution_6218,Rural,UG,10.94,12,3,0,6,198,650,132,477,Approved
Institution_8349,Rural,PG,13.02,8,2,20,8,197,450,132,243,Approved
Institution_9353,Rural,PG,13.96,4,1,10,3,205,400,132,281,Approved
Institution_5275,Rural,Combined,13.25,20,5,50,15,211,500,132,271,Approved
Institution_1188,Non-Rural,UG,2.69,12,3,0,6,266,600,132,492,Approved
Institution_7239,Non-Rural,UG,2.73,16,4,0,4,273,450,132,342,Approved
Institution_6674,Rural,Diploma,9.53,12,3,0,12,200,400,132,271,Approved
Institution_2108,Rural,PG,7.83,20,5,50,20,241,550,132,499,Not Approved
Institution_2150,Non-Rural,PG,4.55,4,1,10,4,171,600,132,240,Approved
Institution_8357,Rural,Diploma,6.27,4,1,0,4,236,550,132,190,Approved
Institution_2357,Non-Rural,Diploma,1.54,16,4,0,12,77,600,132,299,Not Approved
Institution_2905,Rural,PG,6.27,8,2,20,4,276,550,132,161,Not Approved
Institution_3171,Non-Rural,Diploma,1.4,20,5,0,15,151,400,132,524,Not Approved
Institution_4565,Rural,UG,14.31,12,3,0,3,192,500,132,152,Approved
Institution_6753,Rural,PG,14.81,4,1,10,1,98,450,132,598,Not Approved
Institution_6686,Rural,UG,5.86,4,1,0,1,221,450,132,513,Not Approved
Institution_7919,Non-Rural,UG,3.64,8,2,0,8,169,650,132,123,Approved
Institution_8648,Rural,Combined,12.42,4,1,10,4,201,550,132,541,Approved
Institution_6197,Non-Rural,Combined,1.42,8,2,20,4,223,500,132,504,Approved
Institution_4582,Non-Rural,PG,3.43,16,4,40,4,182,650,132,512,Approved
Institution_9412,Non-Rural,UG,3.63,20,5,0,20,177,650,132,231,Approved
Institution_9772,Rural,Combined,6.91,12,3,30,6,106,500,132,319,Not Approved
Institution_9903,Rural,Combined,9.46,8,2,20,6,224,650,132,578,Approved
Institution_4942,Non-Rural,UG,4.89,20,5,0,20,212,450,132,198,Approved
Institution_7086,Rural,Diploma,6.64,16,4,0,8,210,500,132,359,Approved
Institution_3966,Non-Rural,Combined,3.31,4,1,10,1,209,400,132,346,Approved
Institution_1736,Rural,Combined,14.08,20,5,50,5,297,450,132,370,Approved
Institution_6098,Non-Rural,PG,1.42,16,4,40,4,142,400,132,129,Not Approved
Institution_6177,Non-Rural,Combined,2.13,16,4,40,12,276,650,132,427,Approved
Institution_9230,Non-Rural,UG,4.15,8,2,0,8,51,600,132,204,Not Approved
Institution_1368,Non-Rural,PG,3.02,12,3,30,3,238,450,132,129,Approved
Institution_5261,Rural,Combined,11.08,16,4,40,16,90,600,132,572,Not Approved
Institution_9515,Non-Rural,UG,4.35,8,2,0,2,132,500,132,566,Not Approved
Institution_4366,Rural,Diploma,3.13,8,2,0,6,193,450,132,208,Not Approved
Institution_1433,Rural,PG,7.93,12,3,30,3,248,450,132,395,Not Approved
Institution_4002,Non-Rural,PG,4.87,12,3,30,3,210,600,132,326,Approved
Institution_8553,Rural,PG,10.11,12,3,30,12,93,500,132,174,Not Approved
Institution_6223,Rural,Combined,6.56,20,5,50,20,243,550,132,134,Approved
Institution_1856,Non-Rural,Combined,1.81,20,5,50,15,143,450,132,252,Not Approved
Institution_2768,Rural,Combined,5.43,8,2,20,4,93,600,132,432,Not Approved
Institution_6921,Non-Rural,Combined,1.47,4,1,10,1,208,550,132,214,Approved
Institution_5086,Rural,PG,10.28,12,3,30,9,90,550,132,319,Not Approved
Institution_3800,Non-Rural,Combined,2.05,20,5,50,10,54,450,132,442,Not Approved
Institution_1783,Rural,PG,9.24,12,3,30,9,105,500,132,227,Not Approved
Institution_6809,Rural,Diploma,4.32,16,4,0,16,109,550,132,321,Not Approved
Institution_3221,Rural,Combined,11.76,16,4,40,12,109,550,132,301,Not Approved
Institution_6737,Rural,PG,13.4,16,4,40,8,99,400,132,269,Not Approved
Institution_2607,Non-Rural,Combined,1.61,16,4,40,8,276,650,132,190,Approved
Institution_9325,Rural,UG,13.43,20,5,0,5,71,500,132,195,Not Approved
Institution_7562,Rural,UG,10.11,20,5,0,15,63,450,132,351,Not Approved
Institution_5481,Rural,PG,10.78,12,3,30,9,286,600,132,557,Approved
Institution_1994,Rural,PG,8.26,12,3,30,3,194,650,132,446,Not Approved
Institution_5223,Rural,Combined,7.69,12,3,30,3,232,550,132,132,Approved
Institution_1734,Non-Rural,Combined,4.63,8,2,20,4,241,400,132,302,Approved
Institution_5710,Rural,Diploma,7.16,16,4,0,4,245,450,132,174,Approved
Institution_6295,Non-Rural,Diploma,0.76,20,5,0,10,110,500,132,125,Not Approved
Institution_4011,Non-Rural,PG,2.37,20,5,50,20,156,450,132,430,Not Approved
Institution_8835,Non-Rural,PG,1.58,12,3,30,12,237,500,132,310,Not Approved
Institution_6991,Non-Rural,Diploma,1.27,16,4,0,12,278,500,132,459,Not Approved
Institution_6987,Rural,PG,13.79,8,2,20,6,202,450,132,221,Approved
Institution_7665,Non-Rural,PG,1.64,20,5,50,20,272,400,132,246,Not Approved
Institution_9027,Rural,Diploma,4.33,4,1,0,1,278,400,132,419,Not Approved
Institution_4944,Rural,PG,14.94,20,5,50,15,243,400,132,519,Approved
Institution_9055,Rural,Diploma,2.52,20,5,0,20,196,450,132,416,Not Approved
Institution_1685,Non-Rural,PG,2.55,16,4,40,4,227,600,132,244,Approved
Institution_3084,Non-Rural,Combined,4.36,20,5,50,10,156,550,132,562,Approved
Institution_5014,Non-Rural,PG,3.28,8,2,20,6,194,400,132,343,Approved
Institution_8565,Non-Rural,UG,0.75,16,4,0,16,134,500,132,104,Not Approved
Institution_7092,Non-Rural,PG,1.77,8,2,20,2,285,500,132,200,Not Approved
Institution_4197,Non-Rural,Combined,2.05,8,2,20,8,116,450,132,265,Not Approved
Institution_1804,Non-Rural,Combined,0.94,8,2,20,8,166,550,132,108,Approved
Institution_8797,Non-Rural,Diploma,0.97,4,1,0,4,261,650,132,568,Not Approved
Institution_5576,Non-Rural,UG,2.95,20,5,0,20,276,550,132,450,Approved
Institution_1939,Non-Rural,PG,3.59,12,3,30,3,166,500,132,190,Approved
Institution_2181,Non-Rural,Diploma,0.9,16,4,0,8,209,550,132,134,Not Approved
Institution_1853,Non-Rural,PG,2.24,8,2,20,6,249,650,132,320,Not Approved
Institution_4860,Non-Rural,UG,3.86,20,5,0,15,277,450,132,213,Approved
Institution_7610,Non-Rural,Diploma,1.88,16,4,0,12,75,650,132,572,Not Approved
Institution_9670,Rural,UG,10.01,20,5,0,10,99,550,132,541,Not Approved
Institution_7660,Rural,PG,5.49,12,3,30,9,156,650,132,353,Not Approved
Institution_7856,Non-Rural,Combined,2.39,20,5,50,15,119,600,132,548,Not Approved
Institution_1859,Rural,Diploma,8.27,20,5,0,20,194,550,132,197,Approved
Institution_4181,Non-Rural,Combined,4.72,4,1,10,1,222,550,132,532,Approved
Institution_8554,Non-Rural,Combined,3.07,16,4,40,4,258,650,132,233,Approved
Institution_7236,Non-Rural,PG,2.07,4,1,10,2,239,500,132,541,Not Approved
Institution_4575,Non-Rural,Combined,3.07,20,5,50,10,288,450,132,409,Approved
Institution_5172,Non-Rural,PG,1.44,20,5,50,15,242,550,132,450,Not Approved
Institution_2636,Non-Rural,PG,2.03,12,3,30,3,56,650,132,539,Not Approved
Institution_7774,Non-Rural,Combined,4.22,4,1,10,1,299,500,132,294,Approved
Institution_7608,Non-Rural,UG,2.18,16,4,0,4,255,550,132,481,Not Approved
Institution_4766,Rural,UG,9.46,4,1,0,4,234,450,132,426,Not Approved
Institution_2717,Non-Rural,PG,1.13,20,5,50,10,200,650,132,395,Not Approved
Institution_9756,Non-Rural,Diploma,1.35,16,4,0,4,264,650,132,134,Not Approved
Institution_6719,Non-Rural,Combined,4.36,4,1,10,1,187,450,132,221,Approved
Institution_6963,Non-Rural,Diploma,0.54,8,2,0,6,211,500,132,557,Not Approved
Institution_8377,Rural,Combined,6.56,20,5,50,15,118,600,132,255,Not Approved
Institution_5625,Rural,UG,5.55,12,3,0,3,296,650,132,555,Not Approved
Institution_1044,Rural,PG,7.2,4,1,10,3,120,450,132,151,Not Approved
Institution_3136,Rural,Diploma,9.57,4,1,0,1,96,400,132,317,Not Approved
Institution_9783,Non-Rural,PG,1.06,4,1,10,2,264,650,132,285,Not Approved
Institution_1182,Non-Rural,UG,4.02,16,4,0,16,220,400,132,371,Approved
Institution_1272,Rural,PG,11.22,4,1,10,3,195,650,132,149,Approved
Institution_3558,Rural,Diploma,4.44,12,3,0,6,131,450,132,128,Not Approved
Institution_6368,Non-Rural,UG,1.78,4,1,0,4,221,550,132,335,Not Approved
Institution_1929,Non-Rural,Diploma,1.08,4,1,0,4,288,600,132,536,Not Approved
Institution_9431,Rural,UG,6.94,8,2,0,6,192,650,132,109,Not Approved
Institution_6933,Rural,PG,11.48,4,1,10,3,130,400,132,382,Not Approved
Institution_4415,Non-Rural,PG,1.18,4,1,10,4,152,450,132,256,Not Approved
Institution_4620,Non-Rural,PG,4.47,12,3,30,9,265,650,132,458,Approved
Institution_8328,Non-Rural,UG,2.73,4,1,0,4,133,600,132,340,Not Approved
Institution_9493,Rural,Diploma,4.69,4,1,0,4,123,550,132,294,Not Approved
Institution_5551,Non-Rural,PG,3.99,8,2,20,4,226,550,132,133,Approved
Institution_3381,Non-Rural,UG,3.7,4,1,0,2,265,650,132,217,Approved
Institution_3269,Non-Rural,PG,4.04,12,3,30,9,136,600,132,556,Not Approved
Institution_4679,Non-Rural,UG,1.62,20,5,0,5,264,400,132,258,Not Approved
Institution_1475,Rural,Diploma,9.24,12,3,0,6,215,400,132,158,Approved
Institution_9870,Non-Rural,PG,2.96,4,1,10,4,53,500,132,570,Not Approved
Institution_5024,Non-Rural,UG,2.89,12,3,0,12,257,650,132,258,Approved
Institution_5254,Rural,Diploma,9.7,20,5,0,5,150,400,132,220,Approved
Institution_4736,Non-Rural,PG,2.72,8,2,20,4,215,400,132,314,Approved
Institution_2441,Non-Rural,Combined,0.8,4,1,10,4,293,450,132,362,Approved
Institution_9670,Rural,Combined,10.74,12,3,30,12,151,450,132,249,Approved
Institution_5168,Rural,UG,14.84,4,1,0,1,239,500,132,366,Approved
Institution_9781,Non-Rural,Diploma,1.41,20,5,0,10,209,650,132,525,Not Approved
Institution_3910,Non-Rural,PG,2.23,12,3,30,9,253,450,132,252,Not Approved
Institution_2370,Non-Rural,Diploma,1.91,16,4,0,8,177,500,132,576,Approved
Institution_5845,Non-Rural,Diploma,1.27,4,1,0,2,298,400,132,491,Not Approved
Institution_9023,Non-Rural,Diploma,1.93,4,1,0,2,168,650,132,355,Approved
Institution_2620,Rural,UG,12.83,8,2,0,6,187,400,132,323,Approved
Institution_6074,Rural,Combined,10.55,20,5,50,15,169,550,132,178,Approved
Institution_3570,Rural,Combined,10.04,8,2,20,8,243,650,132,264,Approved
Institution_9649,Rural,UG,7.72,8,2,0,8,283,400,132,147,Not Approved
Institution_3023,Non-Rural,Diploma,0.75,12,3,0,6,276,500,132,142,Not Approved
Institution_3841,Rural,PG,11.59,20,5,50,10,156,450,132,135,Approved
Institution_6344,Rural,Combined,9.54,16,4,40,4,196,450,132,211,Approved
Institution_9240,Non-Rural,UG,4.72,20,5,0,20,243,650,132,551,Approved
Institution_3016,Non-Rural,Combined,3.32,20,5,50,5,299,450,132,295,Approved
Institution_3563,Non-Rural,UG,1.87,12,3,0,12,238,550,132,541,Not Approved
Institution_5785,Rural,Combined,14.61,4,1,10,2,83,400,132,476,Not Approved
Institution_9491,Rural,Diploma,8.29,12,3,0,6,241,400,132,405,Approved
Institution_4353,Rural,Combined,11.64,12,3,30,9,181,650,132,548,Approved
Institution_4292,Non-Rural,PG,4.15,8,2,20,4,241,550,132,225,Approved
Institution_8375,Non-Rural,Combined,4.52,8,2,20,2,139,500,132,423,Not Approved
Institution_4372,Non-Rural,PG,4.62,8,2,20,2,278,450,132,465,Approved
Institution_1232,Non-Rural,UG,4.14,8,2,0,8,96,550,132,372,Not Approved
Institution_6620,Non-Rural,PG,0.94,4,1,10,3,74,400,132,309,Not Approved
Institution_7899,Non-Rural,UG,1.26,8,2,0,2,198,550,132,190,Not Approved
Institution_9007,Non-Rural,UG,1.31,20,5,0,10,176,400,132,199,Not Approved
Institution_4762,Rural,PG,9.82,12,3,30,3,113,500,132,137,Not Approved
Institution_7878,Non-Rural,Diploma,1.6,20,5,0,20,187,450,132,486,Approved
Institution_9673,Non-Rural,Combined,0.96,12,3,30,12,83,650,132,545,Not Approved
Institution_8115,Non-Rural,Combined,4.4,12,3,30,9,112,400,132,279,Not Approved
Institution_9273,Rural,PG,6.59,16,4,40,16,272,650,132,145,Not Approved
Institution_3495,Non-Rural,UG,4.47,16,4,0,8,261,500,132,224,Approved
Institution_1664,Non-Rural,UG,1.89,4,1,0,2,112,600,132,380,Not Approved
Institution_4592,Rural,PG,10.02,12,3,30,12,177,500,132,593,Approved
Institution_4975,Non-Rural,UG,4.75,4,1,0,3,204,550,132,570,Approved
Institution_4769,Non-Rural,PG,1.24,20,5,50,20,294,500,132,528,Not Approved
Institution_2216,Rural,PG,14.7,4,1,10,2,261,450,132,530,Approved
Institution_4140,Rural,Diploma,9.46,4,1,0,3,87,600,132,220,Not Approved
Institution_7252,Non-Rural,UG,2.9,16,4,0,8,269,400,132,460,Approved
Institution_8412,Rural,Combined,14.71,16,4,40,12,275,600,132,208,Approved
Institution_1092,Rural,Diploma,5.8,16,4,0,8,283,650,132,544,Approved
Institution_8653,Non-Rural,PG,1.79,4,1,10,3,189,400,132,328,Not Approved
Institution_6693,Non-Rural,PG,4.24,8,2,20,4,107,400,132,364,Not Approved
Institution_7595,Non-Rural,PG,4.53,8,2,20,6,161,600,132,487,Approved
Institution_6207,Non-Rural,UG,3.86,12,3,0,3,195,650,132,294,Approved
Institution_4709,Rural,Combined,14.71,20,5,50,10,78,450,132,484,Not Approved
Institution_5072,Non-Rural,Combined,2.14,12,3,30,12,271,400,132,161,Approved
Institution_6474,Rural,Diploma,9.23,4,1,0,1,194,550,132,384,Approved
Institution_9848,Rural,PG,12.07,20,5,50,20,57,650,132,175,Not Approved
Institution_6419,Non-Rural,PG,1.31,12,3,30,3,289,550,132,111,Not Approved
Institution_1751,Non-Rural,UG,2.79,4,1,0,2,267,450,132,124,Approved
Institution_9818,Rural,UG,10.83,4,1,0,4,177,650,132,494,Approved
Institution_3704,Non-Rural,Combined,0.53,4,1,10,4,201,450,132,525,Approved
Institution_2305,Non-Rural,PG,1.81,8,2,20,6,263,550,132,437,Not Approved
Institution_1044,Non-Rural,Diploma,1.54,12,3,0,3,122,550,132,245,Not Approved
Institution_3184,Rural,Diploma,2.65,12,3,0,12,253,450,132,591,Not Approved
Institution_7624,Rural,UG,9.29,16,4,0,12,157,500,132,586,Not Approved
Institution_5208,Non-Rural,Diploma,0.53,20,5,0,5,169,600,132,377,Not Approved
Institution_7316,Non-Rural,UG,4.74,8,2,0,2,252,600,132,135,Approved
Institution_1660,Non-Rural,Diploma,1.96,4,1,0,3,257,650,132,571,Approved
Institution_6967,Non-Rural,Combined,2.07,4,1,10,2,296,400,132,287,Approved
Institution_4272,Rural,PG,8.08,8,2,20,6,172,400,132,398,Not Approved
Institution_9863,Rural,PG,9.1,12,3,30,9,233,400,132,469,Not Approved
Institution_7288,Non-Rural,UG,0.84,8,2,0,2,289,550,132,196,Not Approved
Institution_5319,Rural,Diploma,3.54,20,5,0,10,111,400,132,260,Not Approved
Institution_4291,Non-Rural,PG,2.09,12,3,30,12,82,650,132,386,Not Approved
Institution_1322,Rural,UG,14.94,12,3,0,12,184,600,132,331,Approved
Institution_2738,Non-Rural,Diploma,0.77,20,5,0,15,173,600,132,407,Not Approved
Institution_7079,Non-Rural,Diploma,0.77,8,2,0,2,202,650,132,520,Not Approved
Institution_8604,Rural,UG,8.14,4,1,0,4,293,400,132,214,Not Approved
Institution_1725,Non-Rural,Diploma,1.99,16,4,0,12,194,650,132,381,Approved
Institution_4147,Non-Rural,Combined,1.48,12,3,30,3,286,650,132,256,Approved
Institution_7895,Rural,Combined,9.5,4,1,10,4,113,600,132,307,Not Approved
Institution_7155,Rural,Diploma,3.22,20,5,0,5,237,550,132,261,Not Approved
Institution_7689,Rural,PG,14.45,4,1,10,3,271,650,132,198,Approved
Institution_8597,Non-Rural,Diploma,0.66,12,3,0,6,150,450,132,229,Not Approved
Institution_5060,Non-Rural,UG,3.46,4,1,0,3,83,650,132,513,Not Approved
Institution_3692,Rural,Combined,8.32,20,5,50,10,122,400,132,387,Not Approved
Institution_2025,Non-Rural,UG,2.26,20,5,0,10,285,550,132,449,Not Approved
Institution_3006,Non-Rural,UG,1.26,12,3,0,3,98,600,132,467,Not Approved
Institution_1506,Non-Rural,PG,3.92,20,5,50,15,298,500,132,216,Approved
Institution_4742,Non-Rural,UG,3.6,4,1,0,4,231,400,132,386,Approved
Institution_6469,Non-Rural,Combined,4.47,16,4,40,12,118,550,132,513,Not Approved
Institution_4951,Rural,UG,9.16,12,3,0,6,109,400,132,583,Not Approved
Institution_2477,Non-Rural,Diploma,0.73,4,1,0,3,95,400,132,384,Not Approved
Institution_9220,Non-Rural,PG,2.51,12,3,30,9,259,450,132,137,Approved
Institution_7918,Non-Rural,Diploma,0.66,8,2,0,6,233,400,132,397,Not Approved
Institution_1420,Non-Rural,Diploma,1.36,12,3,0,9,193,450,132,462,Not Approved
Institution_2541,Non-Rural,Combined,4.17,16,4,40,16,237,500,132,323,Approved
Institution_8363,Rural,UG,13.16,4,1,0,4,159,550,132,590,Approved
Institution_6154,Rural,Combined,10.66,8,2,20,2,132,450,132,155,Not Approved
Institution_2061,Non-Rural,Diploma,1.9,20,5,0,20,91,600,132,475,Not Approved
Institution_9775,Rural,Combined,14.88,12,3,30,9,166,550,132,596,Approved
Institution_4614,Non-Rural,Combined,3.84,16,4,40,8,267,600,132,238,Approved
Institution_9936,Rural,UG,12.1,8,2,0,4,214,600,132,354,Approved
Institution_5447,Non-Rural,Combined,4.93,20,5,50,10,80,600,132,154,Not Approved
Institution_6423,Rural,Diploma,5.79,4,1,0,3,267,400,132,123,Approved
Institution_6408,Non-Rural,Diploma,1.6,8,2,0,4,280,400,132,328,Approved
Institution_8212,Rural,PG,5.17,12,3,30,9,209,550,132,319,Not Approved
Institution_4223,Non-Rural,UG,3.37,8,2,0,8,105,450,132,182,Not Approved
Institution_9958,Rural,Diploma,2.62,12,3,0,9,168,500,132,234,Not Approved
Institution_7159,Rural,Diploma,7.06,12,3,0,3,124,650,132,162,Not Approved
Institution_2344,Rural,UG,7.88,4,1,0,2,161,650,132,435,Not Approved
Institution_7741,Rural,Diploma,9.42,4,1,0,1,235,450,132,179,Approved
Institution_5826,Rural,PG,9.9,12,3,30,6,91,550,132,225,Not Approved
Institution_4434,Non-Rural,Diploma,1.61,12,3,0,3,155,450,132,440,Approved
Institution_2111,Rural,Combined,13.75,12,3,30,3,176,650,132,212,Approved
Institution_8696,Rural,UG,8.01,20,5,0,10,170,650,132,296,Not Approved
Institution_5365,Non-Rural,PG,3.9,20,5,50,10,90,550,132,498,Not Approved
Institution_3196,Rural,Combined,6.05,16,4,40,16,187,650,132,468,Approved
Institution_8137,Non-Rural,Combined,1.74,20,5,50,15,293,450,132,210,Approved
Institution_6704,Rural,Diploma,4.09,20,5,0,5,74,400,132,170,Not Approved
Institution_7902,Rural,PG,12.59,20,5,50,5,92,600,132,324,Not Approved
Institution_9023,Rural,PG,12.9,8,2,20,8,118,600,132,589,Not Approved
Institution_4419,Non-Rural,Diploma,0.69,16,4,0,16,85,450,132,108,Not Approved
Institution_1012,Non-Rural,UG,2.68,16,4,0,16,148,550,132,202,Not Approved
Institution_2489,Non-Rural,Diploma,0.57,12,3,0,9,235,600,132,593,Not Approved
Institution_8943,Non-Rural,PG,1.36,20,5,50,5,263,550,132,433,Not Approved
Institution_7255,Non-Rural,PG,3.19,4,1,10,2,175,550,132,166,Approved
Institution_4117,Rural,Combined,10.06,20,5,50,15,198,600,132,557,Approved
Institution_3018,Non-Rural,UG,0.56,16,4,0,16,141,500,132,135,Not Approved
Institution_6588,Non-Rural,PG,2.23,20,5,50,10,208,550,132,493,Not Approved
Institution_3804,Rural,PG,5.13,16,4,40,16,102,450,132,436,Not Approved
Institution_4706,Rural,Diploma,8.86,20,5,0,15,141,650,132,466,Not Approved
Institution_8083,Non-Rural,PG,1.22,12,3,30,12,246,400,132,109,Not Approved
Institution_3323,Non-Rural,Diploma,1.47,12,3,0,6,69,650,132,437,Not Approved
Institution_3239,Rural,UG,13.42,16,4,0,4,227,400,132,481,Approved
Institution_6047,Non-Rural,PG,3.31,20,5,50,5,260,500,132,308,Approved
Institution_3481,Rural,Combined,7.07,12,3,30,6,208,500,132,304,Approved
Institution_4313,Rural,Combined,5.83,12,3,30,3,255,650,132,501,Approved
Institution_6238,Rural,Diploma,8.95,8,2,0,8,145,500,132,178,Not Approved
Institution_6382,Rural,Combined,10.38,12,3,30,12,238,550,132,416,Approved
Institution_2000,Non-Rural,Combined,3.89,8,2,20,2,299,500,132,551,Approved
Institution_7205,Non-Rural,Combined,2.19,16,4,40,4,237,500,132,438,Approved
Institution_8873,Non-Rural,UG,3.64,20,5,0,5,269,650,132,524,Approved
Institution_6453,Rural,UG,5.92,20,5,0,5,171,550,132,411,Not Approved
Institution_5311,Non-Rural,Diploma,1.89,4,1,0,3,237,600,132,232,Approved
Institution_7788,Non-Rural,Diploma,1.88,8,2,0,8,237,400,132,220,Approved
Institution_7473,Non-Rural,Combined,1.75,8,2,20,4,250,650,132,294,Approved
Institution_9203,Rural,Combined,13.85,4,1,10,1,249,500,132,564,Approved
Institution_5113,Rural,Diploma,8.83,16,4,0,8,181,550,132,123,Approved
Institution_9779,Non-Rural,UG,4.77,8,2,0,8,212,450,132,145,Approved
Institution_8176,Non-Rural,Diploma,1.51,4,1,0,1,269,600,132,470,Approved
Institution_9420,Non-Rural,Diploma,0.87,8,2,0,6,236,400,132,218,Not Approved
Institution_1091,Rural,UG,14.99,4,1,0,4,60,600,132,376,Not Approved
Institution_2096,Non-Rural,Combined,1.37,12,3,30,6,73,550,132,268,Not Approved
Institution_5254,Rural,Combined,12.2,12,3,30,6,204,450,132,561,Approved
Institution_4280,Non-Rural,Diploma,1.08,4,1,0,2,266,400,132,381,Not Approved
Institution_5506,Rural,Combined,12.89,16,4,40,8,102,500,132,326,Not Approved
Institution_2500,Non-Rural,Combined,3.94,16,4,40,12,193,600,132,155,Approved
Institution_2026,Non-Rural,UG,3.46,4,1,0,4,251,450,132,372,Approved
Institution_6090,Non-Rural,PG,1.27,20,5,50,5,294,600,132,600,Not Approved
Institution_9523,Rural,PG,9.86,8,2,20,4,264,600,132,574,Not Approved
Institution_6594,Non-Rural,Diploma,1.43,8,2,0,8,298,450,132,400,Not Approved
Institution_2875,Non-Rural,UG,0.95,8,2,0,2,188,500,132,260,Not Approved
Institution_2715,Non-Rural,Diploma,0.55,16,4,0,16,287,500,132,403,Not Approved
Institution_3366,Rural,UG,8.13,4,1,0,4,261,500,132,139,Not Approved
Institution_7102,Rural,Diploma,3.66,16,4,0,8,224,400,132,562,Not Approved
Institution_5911,Rural,Combined,14.41,16,4,40,8,200,600,132,105,Approved
Institution_2232,Rural,PG,12.89,8,2,20,4,182,600,132,221,Approved
Institution_1244,Rural,Diploma,8.96,8,2,0,6,266,400,132,177,Approved
Institution_8782,Rural,Diploma,3.13,4,1,0,3,242,600,132,524,Not Approved
Institution_1228,Non-Rural,PG,4.19,20,5,50,10,56,650,132,324,Not Approved
Institution_5307,Non-Rural,Combined,0.68,12,3,30,3,99,500,132,308,Not Approved
Institution_1156,Rural,Diploma,9.58,12,3,0,12,258,400,132,181,Approved
Institution_4978,Rural,UG,10.04,16,4,0,8,253,400,132,126,Approved
Institution_8202,Rural,UG,10.91,4,1,0,1,106,500,132,141,Not Approved
Institution_4914,Non-Rural,Diploma,1.04,12,3,0,12,297,450,132,259,Not Approved
Institution_2539,Non-Rural,Combined,0.82,16,4,40,8,55,500,132,550,Not Approved
Institution_3781,Non-Rural,Diploma,1.49,20,5,0,20,258,500,132,533,Not Approved
Institution_6442,Non-Rural,UG,2.38,4,1,0,3,298,600,132,104,Not Approved
Institution_7948,Rural,Combined,7.11,8,2,20,8,142,650,132,314,Not Approved
Institution_3820,Rural,PG,10.47,16,4,40,12,131,400,132,210,Not Approved
Institution_6708,Rural,Combined,8.36,12,3,30,9,96,500,132,369,Not Approved
Institution_1703,Non-Rural,PG,1.84,8,2,20,8,195,550,132,580,Not Approved
Institution_6137,Rural,Combined,13.57,4,1,10,1,161,400,132,189,Approved
Institution_9237,Non-Rural,Combined,3.71,16,4,40,12,117,650,132,455,Not Approved
Institution_4884,Rural,UG,11.02,12,3,0,9,231,450,132,144,Approved
Institution_8362,Non-Rural,UG,4.08,8,2,0,6,259,600,132,283,Approved
Institution_7123,Non-Rural,UG,4.63,4,1,0,4,240,500,132,347,Approved
Institution_6013,Non-Rural,Diploma,0.93,20,5,0,10,181,600,132,567,Not Approved
Institution_3141,Rural,UG,11.38,12,3,0,9,259,450,132,138,Approved
Institution_4638,Rural,Diploma,2.06,16,4,0,16,296,650,132,525,Not Approved
Institution_9458,Non-Rural,PG,3.52,8,2,20,2,300,550,132,259,Approved
Institution_2304,Non-Rural,PG,2.23,16,4,40,16,201,500,132,499,Not Approved
Institution_4552,Rural,PG,10.12,12,3,30,6,139,650,132,276,Not Approved
Institution_9500,Non-Rural,Diploma,1.31,12,3,0,12,169,650,132,287,Not Approved
Institution_9526,Rural,PG,5.59,12,3,30,6,112,550,132,337,Not Approved
Institution_6753,Rural,UG,6.49,12,3,0,12,131,400,132,320,Not Approved
Institution_6644,Rural,UG,7.54,16,4,0,4,260,600,132,208,Not Approved
Institution_8235,Non-Rural,UG,1.62,8,2,0,4,229,650,132,279,Not Approved
Institution_6438,Non-Rural,UG,1.2,4,1,0,1,175,400,132,572,Not Approved
Institution_9746,Non-Rural,UG,4.21,8,2,0,2,210,450,132,166,Approved
Institution_7966,Rural,UG,7.1,20,5,0,10,175,450,132,383,Not Approved
Institution_9900,Rural,PG,11.92,16,4,40,16,140,650,132,118,Not Approved
Institution_3354,Rural,Diploma,4.16,20,5,0,10,71,650,132,400,Not Approved
Institution_1374,Rural,UG,8.03,8,2,0,8,175,400,132,389,Not Approved
Institution_6763,Rural,PG,5.5,12,3,30,6,241,650,132,490,Not Approved
Institution_6934,Non-Rural,Diploma,1.31,20,5,0,10,66,500,132,217,Not Approved
Institution_7482,Rural,Combined,11.57,4,1,10,4,232,500,132,129,Approved
Institution_6361,Non-Rural,PG,2.7,4,1,10,3,128,450,132,519,Not Approved
Institution_4021,Non-Rural,UG,4.7,4,1,0,2,142,550,132,275,Not Approved
Institution_2190,Rural,UG,9.82,20,5,0,10,253,650,132,166,Not Approved
Institution_1541,Rural,PG,7.87,12,3,30,9,160,600,132,231,Not Approved
Institution_1084,Non-Rural,Combined,3.49,16,4,40,12,139,500,132,226,Not Approved
Institution_5945,Rural,Diploma,3.47,20,5,0,15,259,400,132,303,Not Approved
Institution_6923,Rural,Combined,6.0,16,4,40,4,72,500,132,244,Not Approved
Institution_1864,Rural,Combined,6.62,16,4,40,8,176,550,132,546,Approved
Institution_4567,Rural,Diploma,3.16,12,3,0,12,151,500,132,211,Not Approved
Institution_1896,Rural,UG,11.86,20,5,0,5,121,650,132,246,Not Approved
Institution_9818,Rural,Combined,8.56,16,4,40,8,248,550,132,550,Approved
Institution_1806,Non-Rural,Combined,2.56,12,3,30,9,220,600,132,549,Approved
Institution_7762,Rural,Diploma,4.33,16,4,0,16,109,500,132,190,Not Approved
Institution_8548,Rural,UG,7.43,20,5,0,10,272,600,132,492,Not Approved
Institution_2225,Rural,UG,11.35,20,5,0,10,269,450,132,582,Approved
Institution_8005,Rural,Diploma,3.14,16,4,0,4,239,650,132,479,Not Approved
Institution_7704,Rural,PG,10.77,12,3,30,6,208,500,132,384,Approved
Institution_1719,Non-Rural,Diploma,1.86,12,3,0,9,203,650,132,571,Approved
Institution_1405,Non-Rural,Combined,2.4,4,1,10,2,112,600,132,369,Not Approved
Institution_4215,Non-Rural,PG,3.47,20,5,50,5,165,400,132,509,Approved
Institution_1373,Non-Rural,PG,4.45,12,3,30,9,216,500,132,274,Approved
Institution_2996,Rural,PG,11.41,16,4,40,4,83,650,132,363,Not Approved
Institution_8653,Rural,PG,11.36,4,1,10,3,240,550,132,177,Approved
Institution_6018,Rural,UG,7.55,16,4,0,8,184,600,132,281,Not Approved
Institution_2575,Rural,PG,12.21,12,3,30,3,122,500,132,457,Not Approved
Institution_3196,Rural,PG,13.52,20,5,50,5,157,650,132,147,Approved
Institution_5904,Non-Rural,Combined,3.85,8,2,20,8,230,650,132,271,Approved
Institution_2269,Rural,Diploma,8.03,12,3,0,12,281,450,132,538,Approved
Institution_2737,Non-Rural,UG,0.57,16,4,0,12,155,600,132,154,Not Approved
Institution_1483,Rural,UG,9.59,4,1,0,2,242,450,132,487,Not Approved
Institution_4916,Non-Rural,PG,3.88,8,2,20,6,125,500,132,233,Not Approved
Institution_4135,Non-Rural,PG,1.65,4,1,10,3,276,500,132,199,Not Approved
Institution_1440,Non-Rural,PG,4.15,16,4,40,16,272,500,132,522,Approved
Institution_5087,Rural,Diploma,7.68,20,5,0,20,189,450,132,147,Approved
Institution_9665,Rural,UG,7.55,12,3,0,6,296,650,132,455,Not Approved
Institution_9177,Non-Rural,Diploma,0.56,8,2,0,6,94,450,132,427,Not Approved
Institution_6461,Non-Rural,Diploma,1.26,4,1,0,1,194,400,132,454,Not Approved
Institution_1079,Rural,Diploma,6.1,16,4,0,12,131,600,132,474,Not Approved
Institution_4007,Rural,UG,6.66,4,1,0,3,157,550,132,193,Not Approved
Institution_9384,Non-Rural,Diploma,0.94,8,2,0,6,125,550,132,262,Not Approved
Institution_6451,Non-Rural,PG,1.57,4,1,10,2,283,650,132,101,Not Approved
Institution_6531,Rural,Diploma,8.04,12,3,0,12,206,600,132,119,Approved
Institution_2880,Rural,Combined,7.09,8,2,20,4,190,600,132,108,Approved
Institution_4677,Non-Rural,Diploma,1.43,8,2,0,6,211,650,132,472,Not Approved
Institution_9755,Non-Rural,UG,4.7,4,1,0,4,184,550,132,341,Approved
Institution_4970,Non-Rural,PG,0.99,16,4,40,16,293,500,132,543,Not Approved
Institution_8589,Rural,Combined,14.91,12,3,30,12,293,600,132,230,Approved
Institution_9595,Rural,Combined,5.71,8,2,20,6,272,400,132,519,Approved
Institution_1523,Non-Rural,UG,1.62,12,3,0,6,102,450,132,229,Not Approved
Institution_2880,Rural,Combined,7.24,16,4,40,16,85,400,132,409,Not Approved
Institution_9027,Rural,Diploma,2.4,4,1,0,2,300,450,132,131,Not Approved
Institution_4179,Rural,PG,14.37,8,2,20,4,61,400,132,243,Not Approved
Institution_9368,Non-Rural,PG,4.81,16,4,40,16,176,650,132,340,Approved
Institution_7470,Rural,Diploma,6.86,4,1,0,4,166,600,132,411,Approved
Institution_7215,Non-Rural,Diploma,1.53,8,2,0,2,234,400,132,454,Approved
Institution_4339,Rural,UG,10.36,4,1,0,3,169,600,132,116,Approved
Institution_7755,Non-Rural,Combined,3.05,8,2,20,4,137,650,132,245,Not Approved
Institution_5828,Non-Rural,PG,1.57,20,5,50,15,207,550,132,313,Not Approved
Institution_9154,Non-Rural,Combined,2.11,8,2,20,6,94,500,132,103,Not Approved
Institution_1598,Non-Rural,Combined,0.72,4,1,10,1,145,550,132,570,Not Approved
Institution_9170,Rural,Diploma,3.1,20,5,0,5,202,550,132,252,Not Approved
Institution_4200,Rural,Diploma,7.59,16,4,0,12,154,650,132,579,Approved
Institution_4390,Rural,Combined,6.73,8,2,20,6,261,600,132,312,Approved
Institution_3908,Rural,Diploma,3.05,8,2,0,8,248,550,132,210,Not Approved
Institution_2496,Non-Rural,Diploma,1.49,16,4,0,4,210,400,132,358,Not Approved
Institution_1482,Rural,Combined,14.02,8,2,20,4,251,550,132,247,Approved
Institution_2810,Non-Rural,PG,4.76,16,4,40,12,198,400,132,525,Approved
Institution_1558,Rural,Diploma,4.5,12,3,0,12,231,500,132,537,Not Approved
Institution_2756,Rural,UG,5.22,8,2,0,8,281,650,132,500,Not Approved
Institution_7674,Non-Rural,UG,3.27,8,2,0,8,217,550,132,241,Approved
Institution_9720,Rural,Combined,6.52,16,4,40,8,191,400,132,571,Approved
Institution_1110,Rural,UG,6.97,8,2,0,8,239,600,132,320,Not Approved
Institution_8820,Non-Rural,UG,3.74,16,4,0,4,187,550,132,521,Approved
Institution_4039,Non-Rural,UG,1.8,4,1,0,3,285,400,132,177,Not Approved
Institution_7398,Non-Rural,Combined,2.6,16,4,40,16,115,400,132,395,Not Approved
Institution_7842,Non-Rural,UG,1.94,8,2,0,4,224,400,132,540,Not Approved
Institution_5776,Non-Rural,Diploma,0.68,20,5,0,5,58,500,132,101,Not Approved
Institution_6595,Non-Rural,Diploma,1.06,8,2,0,4,232,650,132,592,Not Approved
Institution_9295,Non-Rural,Combined,3.15,20,5,50,15,173,500,132,335,Approved
Institution_7025,Non-Rural,Combined,0.97,20,5,50,10,162,550,132,520,Approved
Institution_6006,Rural,UG,8.14,20,5,0,10,285,650,132,111,Not Approved
Institution_5119,Rural,Diploma,4.98,20,5,0,15,150,600,132,194,Not Approved
Institution_4736,Non-Rural,Diploma,1.38,12,3,0,9,176,400,132,220,Not Approved
Institution_6814,Non-Rural,PG,4.05,12,3,30,6,300,400,132,569,Approved
Institution_9433,Non-Rural,Combined,1.94,12,3,30,6,180,600,132,207,Approved
Institution_3609,Rural,PG,9.18,8,2,20,2,259,650,132,185,Not Approved
Institution_4688,Non-Rural,Combined,3.03,12,3,30,9,129,500,132,271,Not Approved
Institution_2385,Rural,UG,5.61,20,5,0,15,178,450,132,571,Not Approved
Institution_4950,Rural,PG,12.95,16,4,40,8,176,650,132,409,Approved
Institution_3476,Rural,UG,12.86,12,3,0,9,176,550,132,366,Approved
Institution_4585,Rural,PG,11.34,16,4,40,8,253,450,132,277,Approved
Institution_8634,Non-Rural,UG,2.84,8,2,0,2,176,400,132,389,Approved
Institution_1559,Rural,Combined,9.4,8,2,20,2,147,400,132,143,Not Approved
Institution_2245,Non-Rural,UG,0.83,4,1,0,3,141,550,132,473,Not Approved
Institution_5353,Non-Rural,PG,3.98,20,5,50,15,270,600,132,548,Approved
Institution_2312,Non-Rural,Combined,0.51,8,2,20,8,208,500,132,261,Approved
Institution_7620,Rural,Combined,13.95,12,3,30,9,256,500,132,509,Approved
Institution_5213,Non-Rural,UG,3.89,16,4,0,12,158,500,132,408,Approved
Institution_1553,Non-Rural,Diploma,0.57,20,5,0,5,265,400,132,449,Not Approved
Institution_6677,Non-Rural,Combined,2.24,16,4,40,4,298,500,132,378,Approved
Institution_1875,Non-Rural,UG,4.68,8,2,0,2,135,400,132,196,Not Approved
Institution_6216,Rural,Combined,11.36,20,5,50,10,77,500,132,240,Not Approved
Institution_9666,Non-Rural,UG,0.79,16,4,0,8,281,650,132,168,Not Approved
Institution_6835,Rural,PG,12.32,16,4,40,12,115,500,132,201,Not Approved
Institution_8478,Non-Rural,PG,3.23,8,2,20,4,275,550,132,490,Approved
Institution_2581,Rural,UG,10.51,20,5,0,15,131,600,132,211,Not Approved
Institution_2455,Rural,PG,5.34,12,3,30,12,294,600,132,391,Not Approved
Institution_8283,Non-Rural,PG,1.74,12,3,30,12,93,500,132,518,Not Approved
Institution_5085,Rural,PG,13.98,8,2,20,2,231,600,132,229,Approved
Institution_2885,Rural,Diploma,6.02,20,5,0,5,197,600,132,450,Approved
Institution_3780,Non-Rural,PG,0.85,12,3,30,12,66,500,132,430,Not Approved
Institution_7549,Rural,UG,8.18,16,4,0,12,66,400,132,463,Not Approved
Institution_5497,Non-Rural,Combined,0.98,8,2,20,6,84,450,132,460,Not Approved
Institution_5212,Non-Rural,UG,4.7,8,2,0,4,224,400,132,455,Approved
Institution_1971,Rural,PG,7.69,4,1,10,1,247,550,132,328,Not Approved
Institution_1485,Rural,PG,8.65,8,2,20,4,294,500,132,397,Not Approved
Institution_5892,Rural,Diploma,9.4,20,5,0,5,228,600,132,545,Approved
Institution_8070,Rural,UG,12.33,20,5,0,5,213,550,132,530,Approved
Institution_5848,Non-Rural,Diploma,1.88,8,2,0,4,126,650,132,472,Not Approved
Institution_4809,Rural,PG,10.05,12,3,30,3,205,650,132,435,Approved
Institution_2231,Rural,Diploma,2.18,8,2,0,4,236,500,132,124,Not Approved
Institution_8285,Rural,Diploma,4.28,8,2,0,4,205,400,132,468,Not Approved
Institution_3246,Non-Rural,Combined,2.46,12,3,30,6,221,450,132,245,Approved
Institution_1321,Rural,Diploma,3.92,12,3,0,6,195,400,132,404,Not Approved
Institution_8132,Non-Rural,PG,1.94,12,3,30,9,151,550,132,414,Not Approved
Institution_6152,Non-Rural,PG,0.99,8,2,20,2,192,650,132,481,Not Approved
Institution_3015,Non-Rural,Combined,3.96,12,3,30,9,198,400,132,211,Approved
Institution_4855,Rural,PG,12.32,4,1,10,1,249,500,132,394,Approved
Institution_2341,Rural,Diploma,3.37,12,3,0,9,255,650,132,577,Not Approved
Institution_1696,Rural,PG,13.23,20,5,50,10,186,600,132,413,Approved
Institution_2181,Non-Rural,UG,3.57,12,3,0,12,218,450,132,499,Approved
Institution_6139,Rural,Diploma,4.33,20,5,0,20,213,450,132,170,Not Approved
Institution_1181,Non-Rural,Diploma,1.21,12,3,0,3,140,400,132,109,Not Approved
Institution_2780,Rural,Combined,9.78,8,2,20,6,163,500,132,390,Approved
Institution_5047,Rural,PG,5.8,4,1,10,2,267,550,132,430,Not Approved
Institution_8830,Non-Rural,PG,4.56,4,1,10,1,106,500,132,407,Not Approved
Institution_1527,Non-Rural,PG,1.79,4,1,10,2,199,500,132,180,Not Approved
Institution_2235,Non-Rural,PG,3.43,12,3,30,3,138,500,132,455,Not Approved
Institution_3814,Rural,Diploma,7.96,20,5,0,5,295,400,132,114,Approved
Institution_9573,Non-Rural,Diploma,1.77,8,2,0,8,293,400,132,573,Approved
Institution_8255,Non-Rural,PG,2.84,8,2,20,8,197,500,132,310,Approved
Institution_8568,Non-Rural,Combined,2.54,12,3,30,9,240,600,132,396,Approved
Institution_6104,Rural,Combined,12.19,8,2,20,4,269,550,132,581,Approved
Institution_1968,Rural,Combined,8.89,4,1,10,1,166,600,132,424,Approved
Institution_5241,Rural,Combined,11.49,20,5,50,15,246,650,132,566,Approved
Institution_7810,Rural,PG,10.12,16,4,40,16,256,500,132,107,Approved
Institution_2733,Rural,Diploma,7.25,20,5,0,10,53,450,132,595,Not Approved
Institution_8459,Rural,Combined,5.69,8,2,20,2,218,550,132,196,Approved
Institution_3536,Rural,PG,7.59,4,1,10,2,298,400,132,145,Not Approved
Institution_2562,Non-Rural,UG,1.39,20,5,0,10,268,450,132,386,Not Approved
Institution_9738,Non-Rural,PG,1.2,16,4,40,16,242,500,132,317,Not Approved
Institution_3393,Non-Rural,PG,3.89,20,5,50,15,277,650,132,348,Approved
Institution_1140,Rural,PG,9.23,8,2,20,6,108,450,132,176,Not Approved
Institution_8470,Non-Rural,Combined,0.92,16,4,40,8,166,500,132,480,Approved
Institution_1575,Non-Rural,UG,5.0,8,2,0,2,240,500,132,586,Approved
Institution_1699,Rural,Combined,10.62,20,5,50,10,96,450,132,197,Not Approved
Institution_8952,Rural,PG,6.22,4,1,10,1,167,600,132,251,Not Approved
Institution_7715,Rural,Combined,13.59,4,1,10,2,277,600,132,451,Approved
Institution_1988,Non-Rural,Combined,4.53,8,2,20,6,137,400,132,246,Not Approved
Institution_8945,Non-Rural,PG,3.22,12,3,30,6,215,550,132,208,Approved
Institution_9766,Non-Rural,UG,2.97,4,1,0,1,281,600,132,368,Approved
Institution_7849,Rural,Diploma,7.34,16,4,0,12,124,650,132,199,Not Approved
Institution_7093,Rural,PG,8.27,16,4,40,4,172,400,132,317,Not Approved
Institution_8107,Non-Rural,UG,4.17,8,2,0,2,212,400,132,299,Approved
Institution_2198,Rural,UG,14.71,4,1,0,4,250,400,132,555,Approved
Institution_9390,Rural,Diploma,2.58,16,4,0,8,271,500,132,239,Not Approved
Institution_1432,Non-Rural,PG,2.51,4,1,10,4,261,650,132,389,Approved
Institution_2250,Non-Rural,Diploma,0.94,20,5,0,10,238,650,132,397,Not Approved
Institution_7755,Rural,Combined,9.68,4,1,10,2,99,550,132,239,Not Approved
Institution_6207,Non-Rural,Diploma,1.88,4,1,0,3,286,500,132,172,Approved
Institution_6163,Non-Rural,Combined,4.1,16,4,40,16,186,550,132,274,Approved
Institution_1581,Non-Rural,Combined,4.44,20,5,50,5,222,650,132,414,Approved
Institution_6860,Non-Rural,PG,2.52,16,4,40,12,244,550,132,307,Approved
Institution_6539,Non-Rural,UG,3.12,12,3,0,9,218,500,132,261,Approved
Institution_1464,Rural,Combined,11.41,16,4,40,8,168,500,132,586,Approved
Institution_5711,Rural,Combined,9.08,20,5,50,5,102,600,132,141,Not Approved
Institution_3908,Rural,Combined,12.56,12,3,30,6,245,500,132,546,Approved
Institution_2920,Non-Rural,PG,4.77,8,2,20,8,285,550,132,480,Approved
Institution_1759,Rural,Combined,11.55,16,4,40,4,165,600,132,114,Approved
Institution_9335,Rural,PG,12.12,16,4,40,16,155,500,132,313,Approved
Institution_5884,Rural,Combined,14.16,8,2,20,6,206,400,132,320,Approved
Institution_7040,Non-Rural,PG,2.81,12,3,30,9,103,500,132,144,Not Approved
Institution_4574,Rural,PG,7.63,20,5,50,20,115,600,132,336,Not Approved
Institution_6563,Rural,UG,12.33,12,3,0,3,152,650,132,151,Approved
Institution_9582,Non-Rural,UG,1.04,4,1,0,4,201,500,132,290,Not Approved
Institution_3776,Rural,Combined,7.74,16,4,40,12,187,450,132,377,Approved
Institution_8449,Rural,PG,6.68,12,3,30,6,91,550,132,279,Not Approved
Institution_9404,Rural,UG,5.33,20,5,0,20,292,450,132,468,Not Approved
Institution_3724,Rural,Diploma,9.73,20,5,0,10,203,550,132,217,Approved
Institution_5450,Rural,Diploma,9.25,8,2,0,8,297,450,132,555,Approved
Institution_9688,Non-Rural,Combined,3.82,8,2,20,4,168,650,132,528,Approved
Institution_1587,Rural,Combined,6.1,8,2,20,2,291,650,132,548,Approved
Institution_2708,Non-Rural,UG,3.34,12,3,0,12,182,450,132,381,Approved
Institution_6972,Non-Rural,Combined,3.76,20,5,50,20,54,650,132,548,Not Approved
Institution_9162,Rural,Diploma,3.93,20,5,0,15,196,650,132,319,Not Approved
Institution_4219,Rural,Diploma,5.09,4,1,0,4,63,600,132,145,Not Approved
Institution_2226,Rural,PG,14.47,12,3,30,6,282,500,132,227,Approved
Institution_9466,Non-Rural,Combined,2.01,4,1,10,4,184,550,132,372,Approved
Institution_6668,Non-Rural,PG,1.63,8,2,20,2,95,600,132,428,Not Approved
Institution_7644,Rural,Combined,13.36,12,3,30,6,152,650,132,530,Approved
Institution_7711,Rural,Diploma,4.88,8,2,0,2,210,550,132,395,Not Approved
Institution_4313,Non-Rural,PG,3.14,20,5,50,15,205,500,132,472,Approved
Institution_6198,Non-Rural,UG,0.63,4,1,0,3,105,400,132,375,Not Approved
Institution_7913,Rural,PG,5.63,20,5,50,20,122,550,132,541,Not Approved
Institution_2868,Rural,Diploma,9.48,20,5,0,20,259,550,132,572,Approved
Institution_8404,Rural,Diploma,2.74,8,2,0,4,220,550,132,174,Not Approved
Institution_3672,Non-Rural,UG,4.93,16,4,0,16,185,550,132,556,Approved
Institution_1062,Rural,PG,9.22,4,1,10,4,270,550,132,487,Not Approved
Institution_6871,Rural,Diploma,8.32,4,1,0,4,157,550,132,100,Approved
Institution_8364,Non-Rural,Diploma,0.85,20,5,0,15,197,650,132,441,Not Approved
Institution_2277,Non-Rural,Diploma,1.09,8,2,0,2,148,400,132,239,Not Approved
Institution_6206,Non-Rural,Diploma,1.33,12,3,0,12,66,500,132,168,Not Approved
Institution_6049,Rural,PG,13.03,8,2,20,4,258,450,132,326,Approved
Institution_4706,Non-Rural,UG,3.18,8,2,0,8,188,600,132,598,Approved
Institution_6754,Non-Rural,Combined,4.66,16,4,40,8,174,450,132,449,Approved
Institution_3667,Rural,UG,11.64,12,3,0,12,76,600,132,203,Not Approved
Institution_9935,Rural,PG,7.42,12,3,30,6,258,450,132,582,Not Approved
Institution_7454,Rural,Combined,9.52,8,2,20,8,71,450,132,216,Not Approved
Institution_1079,Rural,Diploma,5.58,8,2,0,6,145,550,132,350,Not Approved
Institution_4029,Non-Rural,PG,2.02,8,2,20,8,169,450,132,423,Not Approved
Institution_2079,Rural,Diploma,7.1,12,3,0,12,120,450,132,172,Not Approved
Institution_1862,Non-Rural,UG,1.22,4,1,0,1,257,550,132,586,Not Approved
Institution_6906,Rural,Diploma,7.26,8,2,0,6,151,600,132,255,Approved
Institution_1252,Non-Rural,Combined,1.65,8,2,20,4,160,400,132,392,Approved
Institution_3899,Non-Rural,Combined,2.1,4,1,10,2,53,400,132,102,Not Approved
Institution_7483,Rural,Combined,12.57,4,1,10,2,223,400,132,474,Approved
Institution_4073,Non-Rural,Combined,1.94,16,4,40,4,64,600,132,312,Not Approved
Institution_8036,Non-Rural,Combined,2.07,20,5,50,10,192,450,132,543,Approved
Institution_5174,Rural,Combined,14.3,8,2,20,6,181,600,132,453,Approved
Institution_9598,Rural,UG,12.17,20,5,0,10,221,500,132,533,Approved
Institution_6011,Non-Rural,Combined,4.55,8,2,20,4,89,500,132,172,Not Approved
Institution_3779,Non-Rural,Combined,2.19,20,5,50,5,272,400,132,106,Approved
Institution_7599,Rural,PG,12.5,16,4,40,8,260,450,132,390,Approved
Institution_9980,Rural,UG,13.33,12,3,0,9,139,550,132,115,Not Approved
Institution_5364,Non-Rural,Diploma,1.06,16,4,0,4,258,650,132,463,Not Approved
Institution_5496,Non-Rural,Diploma,0.71,8,2,0,6,114,450,132,479,Not Approved
Institution_7484,Rural,PG,14.27,12,3,30,6,298,600,132,462,Approved
Institution_3295,Rural,Combined,5.83,16,4,40,12,200,450,132,505,Approved
Institution_7741,Rural,Diploma,6.71,8,2,0,6,103,500,132,148,Not Approved
Institution_1941,Non-Rural,Diploma,1.69,16,4,0,8,191,650,132,289,Approved
Institution_1637,Non-Rural,Diploma,0.71,4,1,0,4,186,500,132,433,Not Approved
Institution_9232,Rural,UG,5.35,4,1,0,4,279,450,132,592,Not Approved
Institution_5262,Rural,UG,6.63,16,4,0,8,166,550,132,403,Not Approved
Institution_8880,Rural,UG,14.94,16,4,0,4,104,500,132,424,Not Approved
Institution_8794,Non-Rural,UG,1.01,4,1,0,1,130,400,132,269,Not Approved
Institution_7874,Rural,Diploma,5.96,12,3,0,6,167,650,132,271,Approved
Institution_2081,Non-Rural,Combined,3.5,8,2,20,4,163,450,132,400,Approved
Institution_6777,Non-Rural,PG,3.6,16,4,40,4,164,450,132,346,Approved
Institution_3291,Rural,Combined,14.05,4,1,10,1,187,550,132,104,Approved
Institution_4700,Rural,UG,6.36,16,4,0,12,170,500,132,360,Not Approved
Institution_7604,Rural,UG,11.65,16,4,0,16,202,600,132,234,Approved
Institution_3677,Non-Rural,Combined,1.2,4,1,10,1,284,650,132,153,Approved
Institution_4211,Non-Rural,Diploma,1.8,8,2,0,2,298,500,132,359,Approved
Institution_2455,Non-Rural,Diploma,1.06,20,5,0,20,240,450,132,304,Not Approved
Institution_9434,Rural,PG,5.49,16,4,40,12,293,400,132,144,Not Approved
Institution_4922,Rural,PG,13.89,8,2,20,8,191,500,132,238,Approved
Institution_5871,Non-Rural,Diploma,1.19,4,1,0,1,111,450,132,302,Not Approved
Institution_9282,Non-Rural,PG,3.2,16,4,40,16,225,550,132,371,Approved
Institution_3631,Non-Rural,Diploma,1.23,12,3,0,12,139,600,132,503,Not Approved
Institution_4715,Rural,Combined,13.38,8,2,20,2,83,500,132,415,Not Approved
Institution_2088,Non-Rural,Combined,3.25,12,3,30,12,50,650,132,123,Not Approved
Institution_3745,Non-Rural,Combined,4.74,8,2,20,8,69,550,132,576,Not Approved
Institution_1230,Non-Rural,UG,2.96,20,5,0,20,139,500,132,567,Not Approved
Institution_5266,Non-Rural,UG,2.12,8,2,0,8,252,450,132,276,Not Approved
Institution_7881,Non-Rural,Diploma,1.32,12,3,0,6,50,600,132,254,Not Approved
Institution_7129,Non-Rural,Diploma,0.7,8,2,0,6,150,400,132,334,Not Approved
Institution_6128,Non-Rural,Combined,1.7,16,4,40,16,206,400,132,385,Approved
Institution_5976,Rural,PG,5.26,20,5,50,5,216,400,132,129,Not Approved
Institution_4230,Rural,Diploma,9.44,4,1,0,3,59,600,132,202,Not Approved
Institution_9606,Non-Rural,Combined,1.47,4,1,10,4,162,400,132,176,Approved
Institution_4362,Rural,UG,7.38,12,3,0,9,122,400,132,335,Not Approved
Institution_5750,Non-Rural,PG,1.23,8,2,20,4,250,400,132,409,Not Approved
Institution_8933,Non-Rural,Diploma,1.51,8,2,0,4,125,500,132,593,Not Approved
Institution_3818,Non-Rural,UG,2.74,8,2,0,8,207,650,132,400,Approved
Institution_4591,Rural,UG,7.55,8,2,0,8,296,500,132,423,Not Approved
Institution_2659,Non-Rural,PG,4.06,4,1,10,2,161,650,132,225,Approved
Institution_8376,Non-Rural,Diploma,1.54,20,5,0,5,91,400,132,186,Not Approved
Institution_1708,Rural,UG,6.13,12,3,0,6,114,450,132,588,Not Approved
Institution_6221,Rural,UG,5.36,20,5,0,20,262,650,132,581,Not Approved
Institution_3084,Rural,Combined,11.84,20,5,50,20,61,450,132,354,Not Approved
Institution_2817,Rural,UG,14.8,4,1,0,1,65,400,132,480,Not Approved
Institution_1937,Non-Rural,PG,2.49,20,5,50,5,146,450,132,168,Not Approved
Institution_8541,Rural,UG,5.56,8,2,0,6,175,550,132,364,Not Approved
Institution_6063,Rural,UG,6.47,12,3,0,9,231,450,132,409,Not Approved
Institution_4653,Non-Rural,UG,2.54,8,2,0,2,69,550,132,409,Not Approved
Institution_2319,Non-Rural,PG,3.81,12,3,30,6,167,600,132,101,Approved
Institution_6763,Non-Rural,Diploma,0.97,12,3,0,12,178,650,132,578,Not Approved
Institution_4441,Rural,Combined,14.79,4,1,10,3,174,600,132,159,Approved
Institution_8269,Rural,PG,5.92,16,4,40,12,167,650,132,315,Not Approved
Institution_3209,Rural,Diploma,6.51,12,3,0,9,236,450,132,118,Approved
Institution_6063,Rural,UG,8.68,16,4,0,8,195,450,132,274,Not Approved
Institution_2038,Rural,Combined,12.11,8,2,20,6,69,650,132,460,Not Approved
Institution_6062,Rural,PG,11.62,4,1,10,4,108,550,132,381,Not Approved
Institution_6205,Non-Rural,Combined,2.4,16,4,40,8,63,400,132,164,Not Approved
Institution_9000,Rural,UG,6.97,8,2,0,8,96,600,132,320,Not Approved
Institution_9001,Non-Rural,UG,4.72,20,5,0,20,80,650,132,551,Not Approved
Institution_9002,Rural,UG,11.64,12,3,0,12,153,600,132,203,Approved
Institution_9003,Rural,PG,5.17,12,3,30,9,209,550,132,319,Not Approved
Institution_9004,Non-Rural,Combined,3.88,12,3,30,6,146,450,132,326,Not Approved
Institution_9005,Non-Rural,Diploma,1.3,8,2,0,2,142,550,132,278,Not Approved
Institution_9006,Non-Rural,Combined,1.74,20,5,50,15,293,450,132,210,Approved
Institution_9007,Non-Rural,UG,2.26,12,3,0,3,207,550,132,204,Not Approved
Institution_9008,Rural,UG,7.72,8,2,0,8,283,400,132,147,Not Approved
Institution_9009,Non-Rural,UG,2.45,12,3,0,3,173,600,132,382,Not Approved
Institution_9010,Non-Rural,UG,2.95,20,5,0,20,132,550,132,450,Not Approved
Institution_9011,Non-Rural,Diploma,1.0,8,2,0,2,180,650,132,433,Not Approved
Institution_9012,Non-Rural,Diploma,1.13,16,4,0,16,272,600,132,284,Not Approved
Institution_9013,Rural,UG,8.18,16,4,0,12,76,400,132,463,Not Approved
Institution_9014,Rural,Combined,5.69,8,2,20,2,218,550,132,196,Approved
Institution_9015,Non-Rural,UG,4.64,16,4,0,16,299,550,132,277,Approved
Institution_9016,Non-Rural,UG,4.75,4,1,0,3,204,550,132,570,Approved
Institution_9017,Non-Rural,UG,1.04,4,1,0,4,201,500,132,290,Not Approved
Institution_9018,Rural,PG,9.82,12,3,30,3,271,500,132,137,Not Approved
Institution_9019,Non-Rural,PG,2.72,8,2,20,4,215,400,132,314,Approved
Institution_9020,Rural,UG,7.1,4,1,0,3,207,450,132,572,Not Approved
Institution_9021,Non-Rural,Diploma,0.7,8,2,0,6,150,400,132,334,Not Approved
Institution_9022,Rural,PG,7.93,12,3,30,3,248,450,132,395,Not Approved
Institution_9023,Non-Rural,PG,3.53,4,1,10,1,267,450,132,450,Approved
Institution_9024,Non-Rural,Combined,2.99,4,1,10,3,195,650,132,108,Approved
Institution_9025,Non-Rural,Combined,4.77,8,2,20,8,157,650,132,506,Approved
Institution_9026,Non-Rural,UG,1.26,12,3,0,3,89,600,132,467,Not Approved
Institution_9027,Non-Rural,UG,3.86,20,5,0,15,141,450,132,213,Not Approved
Institution_9028,Rural,UG,9.82,20,5,0,10,253,650,132,166,Not Approved
Institution_9029,Rural,Combined,9.5,4,1,10,4,140,600,132,307,Not Approved
Institution_9030,Non-Rural,Combined,3.03,12,3,30,3,288,450,132,221,Approved
Institution_9031,Rural,PG,9.65,12,3,30,9,294,600,132,410,Not Approved
Institution_9032,Rural,PG,6.14,8,2,20,6,254,500,132,441,Not Approved
Institution_9033,Rural,Combined,13.57,4,1,10,1,161,400,132,189,Approved
Institution_9034,Non-Rural,PG,4.84,12,3,30,3,56,600,132,401,Not Approved
Institution_9035,Non-Rural,Combined,3.45,12,3,30,12,201,450,132,164,Approved
Institution_9036,Non-Rural,PG,2.72,8,2,20,4,215,400,132,314,Approved
Institution_9037,Non-Rural,Diploma,1.93,4,1,0,2,168,650,132,355,Approved
Institution_9038,Rural,Combined,10.27,20,5,50,20,287,400,132,297,Approved
Institution_9039,Non-Rural,PG,2.6,16,4,40,16,206,400,132,300,Approved
Institution_9040,Non-Rural,UG,4.62,16,4,0,12,126,500,132,519,Not Approved
Institution_9041,Non-Rural,PG,0.94,4,1,10,3,110,400,132,309,Not Approved
Institution_9042,Rural,Diploma,7.64,20,5,0,20,122,400,132,353,Not Approved
Institution_9043,Rural,Diploma,7.98,8,2,0,8,259,450,132,403,Approved
Institution_9044,Rural,Combined,11.36,20,5,50,10,223,500,132,240,Approved
Institution_9045,Rural,UG,8.68,16,4,0,8,195,450,132,274,Not Approved
Institution_9046,Rural,UG,12.6,20,5,0,15,86,650,132,458,Not Approved
Institution_9047,Rural,UG,9.23,20,5,0,5,214,650,132,406,Not Approved
Institution_9048,Non-Rural,PG,2.96,4,1,10,4,273,500,132,570,Approved
Institution_9049,Non-Rural,Diploma,1.93,4,1,0,2,168,650,132,355,Approved
Institution_9050,Rural,UG,8.14,4,1,0,4,68,400,132,214,Not Approved
Institution_9051,Non-Rural,Combined,2.46,12,3,30,6,221,450,132,245,Approved
Institution_9052,Non-Rural,PG,1.64,20,5,50,20,121,400,132,246,Not Approved
Institution_9053,Non-Rural,UG,2.69,12,3,0,6,266,600,132,492,Approved
Institution_9054,Rural,Diploma,4.28,8,2,0,4,205,400,132,468,Not Approved
Institution_9055,Rural,Combined,10.06,20,5,50,15,198,600,132,557,Approved
Institution_9056,Non-Rural,PG,1.74,12,3,30,12,249,500,132,518,Not Approved
Institution_9057,Rural,UG,6.13,12,3,0,6,145,450,132,588,Not Approved
Institution_9058,Non-Rural,UG,4.7,4,1,0,2,250,550,132,273,Approved
Institution_9059,Non-Rural,PG,4.47,16,4,40,12,276,650,132,132,Approved
Institution_9060,Non-Rural,Diploma,1.0,8,2,0,2,180,650,132,433,Not Approved
Institution_9061,Non-Rural,Diploma,0.54,12,3,0,9,300,650,132,416,Not Approved
Institution_9062,Non-Rural,PG,1.2,16,4,40,16,242,500,132,317,Not Approved
Institution_9063,Rural,UG,10.05,8,2,0,4,124,550,132,498,Not Approved
Institution_9064,Non-Rural,PG,4.76,16,4,40,12,198,400,132,525,Approved
Institution_9065,Non-Rural,Diploma,0.54,8,2,0,6,119,500,132,557,Not Approved
Institution_9066,Non-Rural,PG,1.23,8,2,20,4,82,400,132,409,Not Approved
Institution_9067,Non-Rural,Combined,1.91,8,2,20,4,60,500,132,449,Not Approved
Institution_9068,Rural,PG,7.2,4,1,10,3,205,450,132,151,Not Approved
Institution_9069,Rural,UG,13.93,12,3,0,3,238,400,132,514,Approved
Institution_9070,Rural,PG,7.87,12,3,30,9,160,600,132,231,Not Approved
Institution_9071,Rural,UG,12.33,12,3,0,3,152,650,132,151,Approved
Institution_9072,Non-Rural,PG,2.7,4,1,10,3,211,450,132,519,Approved
Institution_9073,Non-Rural,Diploma,1.17,8,2,0,8,78,550,132,401,Not Approved
Institution_9074,Non-Rural,Diploma,0.55,16,4,0,16,61,500,132,403,Not Approved
Institution_9075,Rural,Combined,13.21,16,4,40,16,213,400,132,567,Approved
Institution_9076,Rural,PG,12.5,16,4,40,8,260,450,132,390,Approved
Institution_9077,Non-Rural,Combined,4.47,16,4,40,12,267,550,132,513,Approved
Institution_9078,Rural,UG,10.36,4,1,0,3,103,600,132,116,Not Approved
Institution_9079,Rural,UG,7.55,12,3,0,6,296,650,132,455,Not Approved
Institution_9080,Non-Rural,Combined,4.63,8,2,20,4,87,400,132,302,Not Approved
Institution_9081,Rural,UG,7.96,8,2,0,2,237,500,132,414,Not Approved
Institution_9082,Non-Rural,Diploma,1.09,8,2,0,2,294,400,132,239,Not Approved
Institution_9083,Rural,UG,5.22,8,2,0,8,115,650,132,500,Not Approved
Institution_9084,Rural,Diploma,7.16,16,4,0,4,66,450,132,174,Not Approved
Institution_9085,Rural,Combined,10.38,20,5,50,20,56,600,132,251,Not Approved
Institution_9086,Non-Rural,Diploma,1.96,4,1,0,3,257,650,132,571,Approved
Institution_9087,Rural,Diploma,4.69,4,1,0,4,289,550,132,294,Not Approved
Institution_9088,Non-Rural,UG,1.62,8,2,0,4,94,650,132,279,Not Approved
Institution_9089,Rural,UG,14.94,12,3,0,12,184,600,132,331,Approved
Institution_9090,Rural,UG,10.83,4,1,0,4,177,650,132,494,Approved
Institution_9091,Rural,Diploma,2.78,8,2,0,4,205,550,132,521,Not Approved
Institution_9092,Non-Rural,PG,1.81,8,2,20,6,263,550,132,437,Not Approved
Institution_9093,Non-Rural,Combined,2.14,12,3,30,12,271,400,132,161,Approved
Institution_9094,Non-Rural,PG,2.84,8,2,20,8,118,500,132,310,Not Approved
Institution_9095,Non-Rural,UG,3.86,12,3,0,3,195,650,132,294,Approved
Institution_9096,Rural,UG,13.43,20,5,0,5,88,500,132,195,Not Approved
Institution_9097,Rural,PG,10.29,8,2,20,8,127,650,132,551,Not Approved
Institution_9098,Rural,Diploma,6.53,8,2,0,8,202,600,132,536,Approved
Institution_9099,Non-Rural,UG,4.68,8,2,0,2,62,400,132,196,Not Approved
Institution_9100,Non-Rural,Diploma,0.54,12,3,0,9,300,650,132,416,Not Approved
Institution_9101,Non-Rural,Diploma,1.04,20,5,0,10,99,650,132,272,Not Approved
Institution_9102,Non-Rural,Diploma,0.85,20,5,0,15,197,650,132,441,Not Approved
Institution_9103,Non-Rural,UG,2.9,16,4,0,8,269,400,132,460,Approved
Institution_9104,Non-Rural,Diploma,1.61,12,3,0,3,155,450,132,440,Approved
Institution_9105,Non-Rural,UG,2.95,20,5,0,20,108,550,132,450,Not Approved
Institution_9106,Non-Rural,Diploma,1.23,12,3,0,12,113,600,132,503,Not Approved
Institution_9107,Non-Rural,Diploma,1.37,20,5,0,15,179,450,132,316,Not Approved
Institution_9108,Non-Rural,Diploma,0.93,20,5,0,10,181,600,132,567,Not Approved
Institution_9109,Non-Rural,PG,2.23,20,5,50,10,208,550,132,493,Not Approved
Institution_9110,Non-Rural,Combined,2.25,8,2,20,8,156,550,132,373,Approved
Institution_9111,Rural,PG,13.4,16,4,40,8,52,400,132,269,Not Approved
Institution_9112,Rural,PG,10.47,16,4,40,12,132,400,132,210,Not Approved
Institution_9113,Rural,UG,10.83,4,1,0,4,177,650,132,494,Approved
Institution_9114,Rural,Diploma,4.33,16,4,0,16,142,500,132,190,Not Approved
Institution_9115,Rural,Diploma,4.33,12,3,0,9,205,600,132,501,Not Approved
Institution_9116,Non-Rural,PG,3.22,12,3,30,6,71,550,132,208,Not Approved
Institution_9117,Rural,Combined,10.27,20,5,50,20,287,400,132,297,Approved
Institution_9118,Rural,UG,5.61,20,5,0,15,178,450,132,571,Not Approved
Institution_9119,Rural,UG,10.91,4,1,0,1,193,500,132,141,Approved
Institution_9120,Rural,Combined,13.59,4,1,10,2,277,600,132,451,Approved
Institution_9121,Rural,Combined,5.75,20,5,50,15,251,550,132,464,Approved
Institution_9122,Non-Rural,PG,1.44,20,5,50,15,242,550,132,450,Not Approved
Institution_9123,Rural,UG,8.68,16,4,0,8,195,450,132,274,Not Approved
Institution_9124,Non-Rural,UG,3.86,12,3,0,3,195,650,132,294,Approved
Institution_9125,Rural,Combined,10.38,12,3,30,12,62,550,132,416,Not Approved
Institution_9126,Rural,Diploma,2.52,12,3,0,6,258,500,132,282,Not Approved
Institution_9127,Non-Rural,UG,1.78,4,1,0,4,221,550,132,335,Not Approved
Institution_9128,Non-Rural,Combined,4.52,8,2,20,2,74,500,132,423,Not Approved
Institution_9129,Rural,UG,14.4,4,1,0,1,293,500,132,452,Approved
Institution_9130,Non-Rural,Diploma,1.38,12,3,0,9,176,400,132,220,Not Approved
Institution_9131,Non-Rural,Combined,0.64,16,4,40,4,300,600,132,191,Approved
Institution_9132,Rural,PG,12.15,20,5,50,5,168,400,132,446,Approved
Institution_9133,Non-Rural,PG,3.45,4,1,10,2,127,400,132,574,Not Approved
Institution_9134,Non-Rural,Diploma,1.96,4,1,0,3,54,500,132,260,Not Approved
Institution_9135,Non-Rural,Diploma,1.51,4,1,0,1,269,600,132,470,Approved
Institution_9136,Non-Rural,Combined,3.08,20,5,50,20,206,500,132,367,Approved
Institution_9137,Non-Rural,Combined,3.06,8,2,20,6,193,400,132,175,Approved
Institution_9138,Rural,PG,11.41,16,4,40,4,179,650,132,363,Approved
Institution_9139,Non-Rural,Combined,4.74,8,2,20,8,186,550,132,576,Approved
Institution_9140,Rural,Combined,6.91,12,3,30,6,104,500,132,319,Not Approved
Institution_9141,Non-Rural,Combined,3.88,12,3,30,6,142,450,132,326,Not Approved
Institution_9142,Rural,Combined,8.86,4,1,10,4,229,500,132,253,Approved
Institution_9143,Non-Rural,Combined,3.31,4,1,10,1,209,400,132,346,Approved
Institution_9144,Rural,Diploma,8.32,4,1,0,4,114,550,132,100,Not Approved
Institution_9145,Non-Rural,UG,1.31,20,5,0,10,176,400,132,199,Not Approved
Institution_9146,Rural,Diploma,3.16,12,3,0,12,77,500,132,211,Not Approved
Institution_9147,Rural,PG,6.5,4,1,10,4,229,450,132,427,Not Approved
Institution_9148,Non-Rural,PG,1.34,8,2,20,4,191,650,132,215,Not Approved
Institution_9149,Rural,Diploma,8.32,4,1,0,4,157,550,132,100,Approved
Institution_9150,Rural,PG,13.89,8,2,20,8,59,500,132,238,Not Approved
Institution_9151,Rural,Diploma,3.37,12,3,0,9,78,650,132,577,Not Approved
Institution_9152,Non-Rural,PG,2.81,12,3,30,9,239,500,132,144,Approved
Institution_9153,Rural,Combined,14.91,12,3,30,12,293,600,132,230,Approved
Institution_9154,Rural,PG,10.12,16,4,40,16,256,500,132,107,Approved
Institution_9155,Rural,UG,7.55,8,2,0,8,296,500,132,423,Not Approved
Institution_9156,Rural,PG,7.69,16,4,40,4,93,600,132,257,Not Approved
Institution_9157,Non-Rural,UG,2.68,16,4,0,16,225,550,132,202,Approved
Institution_9158,Rural,Combined,13.82,16,4,40,8,239,500,132,422,Approved
Institution_9159,Rural,UG,10.51,20,5,0,15,269,600,132,211,Approved
Institution_9160,Rural,PG,12.95,20,5,50,20,153,500,132,350,Approved
Institution_9161,Non-Rural,PG,2.23,12,3,30,9,70,450,132,252,Not Approved
Institution_9162,Rural,Combined,11.76,20,5,50,10,187,400,132,338,Approved
Institution_9163,Rural,PG,8.22,12,3,30,3,135,650,132,311,Not Approved
Institution_9164,Rural,UG,7.43,20,5,0,10,272,600,132,492,Not Approved
Institution_9165,Non-Rural,Combined,1.23,20,5,50,20,147,650,132,265,Not Approved
Institution_9166,Rural,Diploma,6.16,12,3,0,3,257,650,132,198,Approved
Institution_9167,Rural,PG,14.7,4,1,10,2,261,450,132,530,Approved
Institution_9168,Non-Rural,Diploma,0.53,20,5,0,15,50,600,132,174,Not Approved
Institution_9169,Non-Rural,PG,1.94,12,3,30,9,71,550,132,414,Not Approved
Institution_9170,Rural,UG,13.44,4,1,0,3,119,450,132,452,Not Approved
Institution_9171,Rural,PG,9.22,8,2,20,6,291,650,132,491,Not Approved
Institution_9172,Non-Rural,Combined,3.88,12,3,30,6,118,450,132,326,Not Approved
Institution_9173,Non-Rural,Combined,4.11,8,2,20,2,103,550,132,367,Not Approved
Institution_9174,Rural,UG,8.03,8,2,0,8,175,400,132,389,Not Approved
Institution_9175,Rural,Diploma,6.9,16,4,0,12,190,550,132,330,Approved
Institution_9176,Rural,UG,8.57,12,3,0,3,60,550,132,312,Not Approved
Institution_9177,Rural,Diploma,5.18,12,3,0,3,97,500,132,356,Not Approved
Institution_9178,Rural,PG,5.34,12,3,30,12,74,600,132,391,Not Approved
Institution_9179,Non-Rural,UG,3.63,20,5,0,20,177,650,132,231,Approved
Institution_9180,Rural,UG,5.33,20,5,0,20,292,450,132,468,Not Approved
Institution_9181,Rural,UG,5.92,20,5,0,5,171,550,132,411,Not Approved
Institution_9182,Rural,Diploma,2.58,16,4,0,8,87,500,132,239,Not Approved
Institution_9183,Non-Rural,Combined,3.71,16,4,40,12,179,650,132,455,Approved
Institution_9184,Non-Rural,Diploma,0.73,8,2,0,6,282,450,132,589,Not Approved
Institution_9185,Non-Rural,UG,4.35,8,2,0,2,92,500,132,566,Not Approved
Institution_9186,Non-Rural,UG,4.93,16,4,0,16,185,550,132,556,Approved
Institution_9187,Rural,Diploma,7.64,20,5,0,20,52,400,132,353,Not Approved
Institution_9188,Non-Rural,Combined,2.99,4,1,10,3,58,650,132,108,Not Approved
Institution_9189,Non-Rural,Combined,0.96,12,3,30,12,212,650,132,545,Approved
Institution_9190,Rural,Combined,14.02,8,2,20,4,132,550,132,247,Not Approved
Institution_9191,Non-Rural,Diploma,0.66,8,2,0,6,147,400,132,397,Not Approved
Institution_9192,Non-Rural,UG,2.18,16,4,0,4,255,550,132,481,Not Approved
Institution_9193,Non-Rural,Diploma,1.89,4,1,0,3,237,600,132,232,Approved
Institution_9194,Rural,UG,10.01,20,5,0,10,192,550,132,541,Approved
Institution_9195,Non-Rural,PG,2.49,20,5,50,5,220,450,132,168,Not Approved
Institution_9196,Non-Rural,UG,4.08,8,2,0,6,123,600,132,283,Not Approved
Institution_9197,Rural,Combined,10.55,20,5,50,15,57,550,132,178,Not Approved
Institution_9198,Non-Rural,PG,1.63,8,2,20,2,144,600,132,428,Not Approved
Institution_9199,Rural,PG,12.21,12,3,30,3,68,500,132,457,Not Approved
Institution_9200,Non-Rural,Combined,3.84,16,4,40,8,267,600,132,238,Approved
Institution_9201,Non-Rural,Combined,3.76,20,5,50,20,217,650,132,548,Approved
Institution_9202,Non-Rural,PG,4.06,4,1,10,2,161,650,132,225,Approved
Institution_9203,Rural,Diploma,7.98,8,2,0,8,127,450,132,403,Not Approved
Institution_9204,Non-Rural,Combined,4.72,4,1,10,1,222,550,132,532,Approved
Institution_9205,Non-Rural,Combined,3.96,12,3,30,9,198,400,132,211,Approved
Institution_9206,Rural,Diploma,7.1,12,3,0,12,126,450,132,172,Not Approved
Institution_9207,Non-Rural,UG,2.26,20,5,0,10,285,550,132,449,Not Approved
Institution_9208,Rural,Diploma,9.42,4,1,0,1,235,450,132,179,Approved
Institution_9209,Rural,PG,10.55,20,5,50,10,50,500,132,258,Not Approved
Institution_9210,Non-Rural,UG,4.02,16,4,0,16,116,400,132,371,Not Approved
Institution_9211,Non-Rural,Combined,3.43,12,3,30,12,259,450,132,471,Approved
Institution_9212,Non-Rural,PG,3.43,16,4,40,4,182,650,132,512,Approved
Institution_9213,Rural,UG,14.31,12,3,0,3,192,500,132,152,Approved
Institution_9214,Non-Rural,Diploma,1.77,8,2,0,8,293,400,132,573,Approved
Institution_9215,Non-Rural,Combined,1.69,8,2,20,6,278,500,132,479,Approved
Institution_9216,Rural,Diploma,3.13,4,1,0,3,242,600,132,524,Not Approved
Institution_9217,Rural,PG,7.07,4,1,10,2,283,450,132,381,Not Approved
Institution_9218,Non-Rural,PG,2.23,20,5,50,10,208,550,132,493,Not Approved
Institution_9219,Rural,Combined,12.2,12,3,30,6,60,450,132,561,Not Approved
Institution_9220,Rural,UG,13.33,12,3,0,9,134,550,132,115,Not Approved
Institution_9221,Non-Rural,UG,4.8,8,2,0,6,168,400,132,491,Approved
Institution_9222,Non-Rural,UG,2.74,8,2,0,8,207,650,132,400,Approved
Institution_9223,Non-Rural,UG,2.73,4,1,0,3,166,450,132,120,Approved
Institution_9224,Rural,UG,11.02,12,3,0,9,231,450,132,144,Approved
Institution_9225,Rural,Diploma,7.25,20,5,0,10,110,450,132,595,Not Approved
Institution_9226,Rural,PG,5.92,16,4,40,12,167,650,132,315,Not Approved
Institution_9227,Rural,UG,12.1,8,2,0,4,214,600,132,354,Approved
Institution_9228,Rural,Combined,9.91,8,2,20,4,264,650,132,246,Approved
Institution_9229,Rural,Diploma,5.68,20,5,0,5,103,550,132,239,Not Approved
Institution_9230,Non-Rural,Combined,1.69,8,2,20,6,278,500,132,479,Approved
Institution_9231,Non-Rural,Combined,2.19,16,4,40,4,124,500,132,438,Not Approved
Institution_9232,Rural,Diploma,3.21,20,5,0,10,58,600,132,364,Not Approved
Institution_9233,Non-Rural,UG,4.68,8,2,0,2,79,400,132,196,Not Approved
Institution_9234,Non-Rural,Combined,2.54,12,3,30,9,54,600,132,396,Not Approved
Institution_9235,Non-Rural,Combined,0.96,12,3,30,12,51,650,132,545,Not Approved
Institution_9236,Rural,UG,8.01,20,5,0,10,120,650,132,296,Not Approved
Institution_9237,Non-Rural,Combined,1.69,8,2,20,6,278,500,132,479,Approved
Institution_9238,Non-Rural,Diploma,1.3,8,2,0,2,201,550,132,278,Not Approved
Institution_9239,Non-Rural,PG,2.06,12,3,30,12,186,550,132,456,Not Approved
Institution_9240,Non-Rural,Diploma,0.58,12,3,0,9,257,400,132,322,Not Approved
Institution_9241,Rural,PG,9.24,12,3,30,9,204,500,132,227,Not Approved
Institution_9242,Rural,UG,7.96,8,2,0,2,57,500,132,414,Not Approved
Institution_9243,Rural,UG,10.94,12,3,0,6,50,650,132,477,Not Approved
Institution_9244,Rural,PG,8.38,4,1,10,4,178,650,132,215,Not Approved
Institution_9245,Non-Rural,Combined,1.73,16,4,40,16,172,650,132,274,Approved
Institution_9246,Rural,UG,14.43,12,3,0,9,142,500,132,199,Not Approved
Institution_9247,Non-Rural,UG,3.63,20,5,0,20,131,650,132,231,Not Approved
Institution_9248,Rural,UG,6.5,4,1,0,4,151,600,132,360,Not Approved
Institution_9249,Non-Rural,PG,2.6,16,4,40,16,66,400,132,300,Not Approved
Institution_9250,Non-Rural,PG,3.78,16,4,40,12,199,550,132,421,Approved
Institution_9251,Rural,Diploma,8.32,4,1,0,4,157,550,132,100,Approved
Institution_9252,Non-Rural,UG,5.0,8,2,0,2,240,500,132,586,Approved
Institution_9253,Non-Rural,Combined,0.92,16,4,40,8,166,500,132,480,Approved
Institution_9254,Rural,PG,13.11,12,3,30,12,230,400,132,234,Approved
Institution_9255,Non-Rural,PG,3.94,8,2,20,4,268,400,132,534,Approved
Institution_9256,Non-Rural,Combined,4.1,16,4,40,16,186,550,132,274,Approved
Institution_9257,Rural,PG,6.5,4,1,10,4,229,450,132,427,Not Approved
Institution_9258,Rural,Combined,5.71,8,2,20,6,272,400,132,519,Approved
Institution_9259,Rural,Combined,11.63,16,4,40,12,148,450,132,563,Not Approved
Institution_9260,Rural,Diploma,9.46,4,1,0,3,169,600,132,220,Approved
Institution_9261,Rural,Combined,6.1,4,1,10,1,124,400,132,550,Not Approved
Institution_9262,Rural,Diploma,2.62,12,3,0,9,168,500,132,234,Not Approved
Institution_9263,Rural,Combined,8.95,4,1,10,3,270,500,132,162,Approved
Institution_9264,Rural,Combined,7.24,16,4,40,16,163,400,132,409,Approved
Institution_9265,Rural,UG,9.23,20,5,0,5,67,650,132,406,Not Approved
Institution_9266,Non-Rural,UG,1.44,4,1,0,2,209,550,132,192,Not Approved
Institution_9267,Rural,Combined,6.52,20,5,50,10,291,400,132,326,Approved
Institution_9268,Non-Rural,Combined,3.31,4,1,10,1,139,400,132,346,Not Approved
Institution_9269,Non-Rural,PG,4.32,12,3,30,12,219,450,132,265,Approved
Institution_9270,Non-Rural,Combined,4.63,8,2,20,4,241,400,132,302,Approved
Institution_9271,Rural,Combined,11.84,20,5,50,20,191,450,132,354,Approved
Institution_9272,Non-Rural,UG,3.89,16,4,0,12,112,500,132,408,Not Approved
Institution_9273,Rural,Combined,7.76,8,2,20,4,109,650,132,479,Not Approved
Institution_9274,Rural,Combined,11.07,16,4,40,12,271,650,132,280,Approved
Institution_9275,Non-Rural,PG,3.52,8,2,20,2,300,550,132,259,Approved
Institution_9276,Non-Rural,UG,4.62,16,4,0,12,109,500,132,519,Not Approved
Institution_9277,Rural,Diploma,2.52,12,3,0,6,258,500,132,282,Not Approved
Institution_9278,Rural,Diploma,2.72,20,5,0,15,187,600,132,172,Not Approved
Institution_9279,Rural,Diploma,9.62,8,2,0,6,267,600,132,579,Approved
Institution_9280,Non-Rural,UG,0.95,8,2,0,2,188,500,132,260,Not Approved
Institution_9281,Rural,PG,13.03,8,2,20,4,58,450,132,326,Not Approved
Institution_9282,Non-Rural,Combined,2.07,4,1,10,2,296,400,132,287,Approved
Institution_9283,Non-Rural,Combined,3.25,20,5,50,20,124,650,132,221,Not Approved
Institution_9284,Non-Rural,PG,4.15,16,4,40,16,69,500,132,522,Not Approved
Institution_9285,Non-Rural,Diploma,0.87,8,2,0,6,236,400,132,218,Not Approved
Institution_9286,Rural,UG,6.94,8,2,0,6,192,650,132,109,Not Approved
Institution_9287,Rural,UG,8.86,8,2,0,4,264,500,132,165,Not Approved
Institution_9288,Rural,PG,8.26,12,3,30,3,95,650,132,446,Not Approved
Institution_9289,Non-Rural,UG,3.86,20,5,0,15,277,450,132,213,Approved
Institution_9290,Rural,PG,14.44,8,2,20,2,150,400,132,568,Approved
Institution_9291,Non-Rural,PG,4.52,12,3,30,12,293,400,132,592,Approved
Institution_9292,Non-Rural,Combined,3.52,4,1,10,1,268,550,132,430,Approved
Institution_9293,Non-Rural,PG,4.53,8,2,20,6,136,600,132,487,Not Approved
Institution_9294,Non-Rural,UG,3.57,12,3,0,12,218,450,132,499,Approved
Institution_9295,Rural,Diploma,4.44,4,1,0,4,272,400,132,287,Not Approved
Institution_9296,Non-Rural,UG,2.69,12,3,0,6,63,600,132,492,Not Approved
Institution_9297,Rural,Combined,14.16,8,2,20,6,206,400,132,320,Approved
Institution_9298,Non-Rural,PG,1.42,16,4,40,4,155,400,132,129,Not Approved
Institution_9299,Rural,Combined,8.56,16,4,40,8,248,550,132,550,Approved
Institution_9300,Rural,Combined,7.11,8,2,20,8,258,650,132,314,Approved
Institution_9301,Rural,Diploma,6.51,12,3,0,9,236,450,132,118,Approved
Institution_9302,Non-Rural,UG,4.63,4,1,0,4,240,500,132,347,Approved
Institution_9303,Non-Rural,UG,2.97,4,1,0,1,281,600,132,368,Approved
Institution_9304,Non-Rural,PG,2.66,16,4,40,8,70,650,132,345,Not Approved
Institution_9305,Non-Rural,Diploma,1.88,4,1,0,3,80,500,132,172,Not Approved
Institution_9306,Non-Rural,PG,1.24,20,5,50,20,294,500,132,528,Not Approved
Institution_9307,Non-Rural,PG,4.81,16,4,40,16,176,650,132,340,Approved
Institution_9308,Rural,Combined,6.52,16,4,40,8,191,400,132,571,Approved
Institution_9309,Non-Rural,UG,2.26,20,5,0,10,285,550,132,449,Not Approved
Institution_9310,Rural,Diploma,7.06,12,3,0,3,200,650,132,162,Approved
Institution_9311,Non-Rural,PG,1.74,12,3,30,12,249,500,132,518,Not Approved
Institution_9312,Rural,Diploma,3.73,12,3,0,9,67,400,132,321,Not Approved
Institution_9313,Non-Rural,Diploma,1.62,16,4,0,12,169,550,132,453,Approved
Institution_9314,Non-Rural,Combined,3.03,12,3,30,3,288,450,132,221,Approved
Institution_9315,Non-Rural,PG,4.06,4,1,10,2,161,650,132,225,Approved
Institution_9316,Rural,Combined,8.95,4,1,10,3,270,500,132,162,Approved
Institution_9317,Rural,Diploma,9.7,20,5,0,5,150,400,132,220,Approved
Institution_9318,Rural,Diploma,2.18,8,2,0,4,236,500,132,124,Not Approved
Institution_9319,Rural,Diploma,9.02,8,2,0,8,51,500,132,374,Not Approved
Institution_9320,Rural,UG,6.94,8,2,0,6,192,650,132,109,Not Approved
Institution_9321,Rural,UG,12.12,4,1,0,4,296,500,132,528,Approved
Institution_9322,Rural,Diploma,6.22,16,4,0,4,202,650,132,337,Approved
Institution_9323,Non-Rural,UG,1.62,12,3,0,6,165,450,132,229,Not Approved
Institution_9324,Non-Rural,Diploma,1.37,20,5,0,15,143,450,132,316,Not Approved
Institution_9325,Rural,Combined,14.79,4,1,10,3,81,600,132,159,Not Approved
Institution_9326,Non-Rural,PG,3.43,16,4,40,4,86,650,132,512,Not Approved
Institution_9327,Rural,PG,5.17,12,3,30,9,209,550,132,319,Not Approved
Institution_9328,Non-Rural,Combined,3.07,20,5,50,10,288,450,132,409,Approved
Institution_9329,Non-Rural,Combined,4.17,16,4,40,16,64,500,132,323,Not Approved
Institution_9330,Non-Rural,Combined,3.07,16,4,40,12,189,650,132,520,Approved
Institution_9331,Rural,Diploma,2.65,12,3,0,12,253,450,132,591,Not Approved
Institution_9332,Rural,UG,10.62,16,4,0,8,181,500,132,442,Approved
Institution_9333,Non-Rural,Diploma,1.51,4,1,0,1,269,600,132,470,Approved
Institution_9334,Non-Rural,Combined,0.96,12,3,30,12,99,650,132,545,Not Approved
Institution_9335,Rural,Diploma,9.02,8,2,0,8,284,500,132,374,Approved
Institution_9336,Non-Rural,PG,1.57,20,5,50,15,68,550,132,313,Not Approved
Institution_9337,Non-Rural,PG,0.96,20,5,50,5,150,550,132,251,Not Approved
Institution_9338,Rural,UG,13.93,12,3,0,3,144,400,132,514,Not Approved
Institution_9339,Non-Rural,Diploma,1.12,4,1,0,4,276,450,132,116,Not Approved
Institution_9340,Non-Rural,Combined,0.97,20,5,50,10,162,550,132,520,Approved
Institution_9341,Non-Rural,PG,4.84,12,3,30,3,77,600,132,401,Not Approved
Institution_9342,Non-Rural,Combined,1.7,16,4,40,16,206,400,132,385,Approved
Institution_9343,Rural,UG,6.63,16,4,0,8,166,550,132,403,Not Approved
Institution_9344,Rural,Combined,5.34,8,2,20,6,182,400,132,340,Approved
Institution_9345,Non-Rural,UG,1.31,20,5,0,10,67,400,132,199,Not Approved
Institution_9346,Rural,PG,10.47,16,4,40,12,68,400,132,210,Not Approved
Institution_9347,Non-Rural,UG,1.8,4,1,0,3,285,400,132,177,Not Approved
Institution_9348,Rural,Combined,5.43,8,2,20,4,64,600,132,432,Not Approved
Institution_9349,Non-Rural,PG,2.66,16,4,40,8,258,650,132,345,Approved
Institution_9350,Non-Rural,UG,3.37,8,2,0,8,194,450,132,182,Approved
Institution_9351,Rural,UG,6.97,8,2,0,8,239,600,132,320,Not Approved
Institution_9352,Non-Rural,Combined,1.47,4,1,10,4,162,400,132,176,Approved
Institution_9353,Non-Rural,Diploma,1.88,16,4,0,12,208,650,132,572,Approved
Institution_9354,Non-Rural,Combined,2.4,4,1,10,2,163,600,132,369,Approved
Institution_9355,Rural,Combined,11.02,8,2,20,2,80,550,132,202,Not Approved
Institution_9356,Non-Rural,PG,2.51,12,3,30,9,259,450,132,137,Approved
Institution_9357,Rural,Combined,10.55,20,5,50,15,72,550,132,178,Not Approved
Institution_9358,Rural,UG,8.57,12,3,0,3,146,550,132,312,Not Approved
Institution_9359,Rural,PG,7.83,20,5,50,20,241,550,132,499,Not Approved
Institution_9360,Rural,UG,8.34,16,4,0,4,291,450,132,100,Not Approved
Institution_9361,Rural,Combined,11.41,16,4,40,8,168,500,132,586,Approved
Institution_9362,Rural,Diploma,4.33,4,1,0,1,278,400,132,419,Not Approved
Institution_9363,Rural,Combined,7.74,16,4,40,12,187,450,132,377,Approved
Institution_9364,Rural,Combined,6.52,16,4,40,8,191,400,132,571,Approved
Institution_9365,Rural,Diploma,5.8,16,4,0,8,283,650,132,544,Approved
Institution_9366,Non-Rural,Diploma,1.47,12,3,0,6,258,650,132,437,Not Approved
Institution_9367,Non-Rural,Diploma,1.9,20,5,0,20,227,600,132,475,Approved
Institution_9368,Non-Rural,UG,4.15,8,2,0,2,100,600,132,534,Not Approved
Institution_9369,Rural,Combined,11.84,20,5,50,20,191,450,132,354,Approved
Institution_9370,Rural,Diploma,6.9,16,4,0,12,190,550,132,330,Approved
Institution_9371,Non-Rural,Diploma,1.77,8,2,0,8,275,500,132,473,Approved
Institution_9372,Rural,Combined,5.83,12,3,30,3,255,650,132,501,Approved
Institution_9373,Rural,UG,7.55,12,3,0,6,296,650,132,455,Not Approved
Institution_9374,Rural,UG,9.16,12,3,0,6,125,400,132,583,Not Approved
Institution_9375,Rural,Combined,12.2,12,3,30,6,68,450,132,561,Not Approved
Institution_9376,Non-Rural,Combined,3.45,12,3,30,12,201,450,132,164,Approved
Institution_9377,Non-Rural,Diploma,1.89,4,1,0,3,237,600,132,232,Approved
Institution_9378,Rural,PG,7.2,4,1,10,3,205,450,132,151,Not Approved
Institution_9379,Rural,Diploma,6.22,16,4,0,4,202,650,132,337,Approved
Institution_9380,Non-Rural,Combined,4.72,4,1,10,1,222,550,132,532,Approved
Institution_9381,Rural,Combined,13.5,16,4,40,16,170,600,132,306,Approved
Institution_9382,Rural,UG,11.29,8,2,0,2,139,600,132,547,Not Approved
Institution_9383,Non-Rural,Diploma,1.9,8,2,0,2,181,550,132,557,Approved
Institution_9384,Rural,Combined,14.02,8,2,20,4,251,550,132,247,Approved
Institution_9385,Non-Rural,Diploma,1.51,8,2,0,4,78,500,132,593,Not Approved
Institution_9386,Non-Rural,PG,1.74,12,3,30,12,249,500,132,518,Not Approved
Institution_9387,Non-Rural,UG,4.7,4,1,0,4,184,550,132,341,Approved
Institution_9388,Non-Rural,Combined,2.4,4,1,10,2,163,600,132,369,Approved
Institution_9389,Non-Rural,Combined,0.53,4,1,10,4,201,450,132,525,Approved
Institution_9390,Non-Rural,PG,3.2,16,4,40,16,225,550,132,371,Approved
Institution_9391,Non-Rural,UG,3.18,8,2,0,8,82,600,132,598,Not Approved
Institution_9392,Rural,Diploma,6.22,16,4,0,4,202,650,132,337,Approved
Institution_9393,Rural,PG,9.22,8,2,20,6,291,650,132,491,Not Approved
Institution_9394,Non-Rural,Combined,0.72,4,1,10,1,288,550,132,570,Approved
Institution_9395,Rural,Combined,7.69,12,3,30,3,106,550,132,132,Not Approved
Institution_9396,Non-Rural,Combined,2.01,4,1,10,4,184,550,132,372,Approved
Institution_9397,Non-Rural,Combined,3.89,8,2,20,2,90,500,132,551,Not Approved
Institution_9398,Non-Rural,PG,2.24,8,2,20,6,249,650,132,320,Not Approved
Institution_9399,Rural,Combined,5.83,12,3,30,3,255,650,132,501,Approved
Institution_9400,Rural,PG,9.6,4,1,10,1,193,450,132,416,Not Approved
Institution_9401,Rural,Combined,14.71,20,5,50,10,52,450,132,484,Not Approved
Institution_9402,Rural,Diploma,4.33,16,4,0,16,77,500,132,190,Not Approved
Institution_9403,Non-Rural,PG,0.51,8,2,20,4,185,550,132,358,Not Approved
Institution_9404,Non-Rural,Combined,2.05,20,5,50,10,69,450,132,442,Not Approved
Institution_9405,Rural,UG,7.55,16,4,0,8,184,600,132,281,Not Approved
Institution_9406,Non-Rural,UG,1.39,20,5,0,10,268,450,132,386,Not Approved
Institution_9407,Rural,Diploma,8.32,4,1,0,4,157,550,132,100,Approved
Institution_9408,Rural,Combined,11.02,8,2,20,2,299,550,132,202,Approved
Institution_9409,Rural,PG,12.07,20,5,50,20,192,650,132,175,Approved
Institution_9410,Rural,PG,5.5,12,3,30,6,241,650,132,490,Not Approved
Institution_9411,Non-Rural,PG,3.99,8,2,20,4,226,550,132,133,Approved
Institution_9412,Non-Rural,PG,1.65,4,1,10,3,276,500,132,199,Not Approved
Institution_9413,Non-Rural,UG,3.44,8,2,0,8,222,500,132,402,Approved
Institution_9414,Rural,Diploma,7.06,12,3,0,3,200,650,132,162,Approved
Institution_9415,Rural,Diploma,3.13,4,1,0,3,242,600,132,524,Not Approved
Institution_9416,Non-Rural,Diploma,1.31,20,5,0,10,206,500,132,217,Not Approved
Institution_9417,Non-Rural,Diploma,0.56,8,2,0,6,236,450,132,427,Not Approved
Institution_9418,Non-Rural,Combined,4.92,8,2,20,6,222,600,132,496,Approved
Institution_9419,Rural,Combined,11.55,16,4,40,4,116,600,132,114,Not Approved
Institution_9420,Rural,PG,14.27,12,3,30,6,71,600,132,462,Not Approved
Institution_9421,Non-Rural,Diploma,1.36,12,3,0,9,71,450,132,462,Not Approved
Institution_9422,Rural,Combined,13.21,16,4,40,16,213,400,132,567,Approved
Institution_9423,Non-Rural,PG,0.94,8,2,20,6,256,600,132,280,Not Approved
Institution_9424,Non-Rural,Diploma,1.96,4,1,0,3,124,650,132,571,Not Approved
Institution_9425,Non-Rural,PG,4.06,4,1,10,2,101,650,132,225,Not Approved
Institution_9426,Rural,Diploma,3.47,20,5,0,15,259,400,132,303,Not Approved
Institution_9427,Non-Rural,Combined,2.11,8,2,20,6,283,500,132,103,Approved
Institution_9428,Rural,Diploma,6.58,12,3,0,9,213,600,132,353,Approved
Institution_9429,Rural,Combined,12.19,8,2,20,4,269,550,132,581,Approved
Institution_9430,Non-Rural,PG,3.24,16,4,40,16,73,500,132,553,Not Approved
Institution_9431,Non-Rural,UG,3.57,12,3,0,12,218,450,132,499,Approved
Institution_9432,Non-Rural,Diploma,0.57,12,3,0,9,81,600,132,593,Not Approved
Institution_9433,Non-Rural,Combined,1.73,16,4,40,16,172,650,132,274,Approved
Institution_9434,Rural,UG,10.41,16,4,0,12,276,600,132,244,Approved
Institution_9435,Non-Rural,Diploma,1.89,4,1,0,3,237,600,132,232,Approved
Institution_9436,Rural,PG,5.34,12,3,30,12,130,600,132,391,Not Approved
Institution_9437,Non-Rural,Combined,0.54,12,3,30,12,261,500,132,568,Approved
Institution_9438,Non-Rural,UG,4.74,8,2,0,2,93,600,132,135,Not Approved
Institution_9439,Rural,PG,8.27,16,4,40,4,172,400,132,317,Not Approved
Institution_9440,Non-Rural,Diploma,0.73,4,1,0,3,143,400,132,384,Not Approved
Institution_9441,Non-Rural,Combined,4.81,8,2,20,4,288,550,132,239,Approved
Institution_9442,Rural,Diploma,9.24,12,3,0,6,215,400,132,158,Approved
Institution_9443,Rural,Combined,12.11,8,2,20,6,244,650,132,460,Approved
Institution_9444,Rural,Combined,8.32,20,5,50,10,290,400,132,387,Approved
Institution_9445,Non-Rural,UG,4.08,8,2,0,6,71,600,132,283,Not Approved
Institution_9446,Rural,UG,5.33,20,5,0,20,292,450,132,468,Not Approved
Institution_9447,Non-Rural,PG,3.52,8,2,20,2,147,550,132,259,Not Approved
Institution_9448,Rural,Diploma,6.27,4,1,0,4,102,550,132,190,Not Approved
Institution_9449,Rural,PG,9.65,12,3,30,9,294,600,132,410,Not Approved
Institution_9450,Non-Rural,Diploma,0.97,4,1,0,4,261,650,132,568,Not Approved
Institution_9451,Rural,Combined,14.79,4,1,10,3,66,600,132,159,Not Approved
Institution_9452,Rural,PG,7.63,20,5,50,20,58,600,132,336,Not Approved
Institution_9453,Rural,Combined,10.01,4,1,10,2,208,650,132,264,Approved
Institution_9454,Non-Rural,Combined,2.63,20,5,50,15,268,650,132,380,Approved
Institution_9455,Rural,Diploma,8.29,12,3,0,6,241,400,132,405,Approved
Institution_9456,Non-Rural,PG,2.28,8,2,20,4,78,500,132,329,Not Approved
Institution_9457,Rural,Combined,7.09,8,2,20,4,190,600,132,108,Approved
Institution_9458,Rural,UG,7.23,12,3,0,6,242,450,132,389,Not Approved
Institution_9459,Rural,Diploma,9.25,8,2,0,8,297,450,132,555,Approved
Institution_9460,Rural,PG,9.18,8,2,20,2,259,650,132,185,Not Approved
Institution_9461,Rural,Diploma,7.59,16,4,0,12,154,650,132,579,Approved
Institution_9462,Rural,Diploma,9.42,4,1,0,1,235,450,132,179,Approved
Institution_9463,Non-Rural,Diploma,1.31,12,3,0,12,169,650,132,287,Not Approved
Institution_9464,Non-Rural,UG,1.62,20,5,0,5,264,400,132,258,Not Approved
Institution_9465,Non-Rural,UG,4.93,16,4,0,16,174,650,132,318,Approved
Institution_9466,Non-Rural,UG,2.35,20,5,0,20,87,550,132,508,Not Approved
Institution_9467,Non-Rural,PG,4.55,4,1,10,4,171,600,132,240,Approved
Institution_9468,Non-Rural,UG,3.89,16,4,0,12,158,500,132,408,Approved
Institution_9469,Rural,Diploma,5.79,4,1,0,3,267,400,132,123,Approved
Institution_9470,Rural,Diploma,7.1,12,3,0,12,98,450,132,172,Not Approved
Institution_9471,Non-Rural,Diploma,1.38,12,3,0,9,176,400,132,220,Not Approved
Institution_9472,Rural,Combined,12.11,8,2,20,6,244,650,132,460,Approved
Institution_9473,Non-Rural,UG,0.76,8,2,0,6,80,550,132,139,Not Approved
Institution_9474,Non-Rural,Combined,4.36,20,5,50,10,156,550,132,562,Approved
Institution_9475,Non-Rural,PG,3.78,16,4,40,12,199,550,132,421,Approved
Institution_9476,Rural,PG,9.82,12,3,30,3,271,500,132,137,Not Approved
Institution_9477,Rural,Combined,8.05,12,3,30,3,260,450,132,307,Approved
Institution_9478,Non-Rural,Diploma,0.66,8,2,0,6,233,400,132,397,Not Approved
Institution_9479,Rural,UG,11.64,12,3,0,12,153,600,132,203,Approved
Institution_9480,Non-Rural,UG,3.7,4,1,0,2,142,650,132,217,Not Approved
Institution_9481,Non-Rural,Combined,2.6,16,4,40,16,267,400,132,395,Approved
Institution_9482,Non-Rural,Diploma,1.88,16,4,0,12,208,650,132,572,Approved
Institution_9483,Non-Rural,UG,3.74,16,4,0,4,138,550,132,521,Not Approved
Institution_9484,Rural,PG,7.07,4,1,10,2,283,450,132,381,Not Approved
Institution_9485,Non-Rural,Combined,2.24,16,4,40,4,298,500,132,378,Approved
Institution_9486,Non-Rural,UG,2.73,16,4,0,4,273,450,132,342,Approved
Institution_9487,Non-Rural,PG,3.02,12,3,30,3,107,450,132,129,Not Approved
Institution_9488,Rural,Diploma,2.4,4,1,0,2,300,450,132,131,Not Approved
Institution_9489,Rural,PG,14.47,20,5,50,10,61,600,132,265,Not Approved
Institution_9490,Rural,Combined,13.85,4,1,10,1,81,500,132,564,Not Approved
Institution_9491,Non-Rural,Diploma,1.17,8,2,0,8,121,550,132,401,Not Approved
Institution_9492,Rural,PG,9.86,8,2,20,4,264,600,132,574,Not Approved
Institution_9493,Rural,UG,6.5,4,1,0,4,97,600,132,360,Not Approved
Institution_9494,Non-Rural,UG,1.94,8,2,0,4,224,400,132,540,Not Approved
Institution_9495,Rural,PG,11.41,16,4,40,4,58,650,132,363,Not Approved
Institution_9496,Non-Rural,Combined,4.4,12,3,30,9,175,400,132,279,Approved
Institution_9497,Rural,Combined,11.49,20,5,50,15,246,650,132,566,Approved
Institution_9498,Non-Rural,PG,1.22,12,3,30,12,147,400,132,109,Not Approved
Institution_9499,Non-Rural,UG,1.09,12,3,0,12,185,400,132,432,Not Approved
Institution_4947,Rural,UG,12.28,16,4,0,12,204,550,132,546,Approved
Institution_6101,Non-Rural,Diploma,0.58,12,3,0,9,257,400,132,322,Not Approved
Institution_5459,Non-Rural,Combined,2.57,12,3,30,6,152,450,132,366,Approved
Institution_7937,Non-Rural,Combined,3.42,12,3,30,9,263,400,132,203,Approved
Institution_3454,Rural,Diploma,3.52,8,2,0,2,190,600,132,127,Not Approved
Institution_7325,Rural,PG,14.4,20,5,50,5,241,400,132,349,Approved
Institution_2550,Rural,Diploma,2.2,4,1,0,1,236,650,132,271,Not Approved
Institution_7826,Rural,PG,9.53,16,4,40,8,150,550,132,136,Not Approved
Institution_1357,Non-Rural,UG,4.7,4,1,0,2,250,550,132,273,Approved
Institution_1770,Non-Rural,PG,2.85,12,3,30,6,279,400,132,514,Approved
Institution_1670,Non-Rural,UG,4.93,16,4,0,16,174,650,132,318,Approved
Institution_7667,Rural,PG,10.29,8,2,20,8,200,650,132,551,Approved
Institution_1617,Non-Rural,PG,3.53,4,1,10,1,267,450,132,450,Approved
Institution_2364,Rural,Diploma,5.71,16,4,0,4,175,450,132,338,Approved
Institution_9818,Non-Rural,Diploma,1.12,20,5,0,5,276,550,132,173,Not Approved
Institution_2988,Non-Rural,UG,3.56,4,1,0,4,140,400,132,208,Not Approved
Institution_3629,Rural,Diploma,5.85,8,2,0,2,168,450,132,476,Approved
Institution_5456,Rural,PG,13.11,12,3,30,12,230,400,132,234,Approved
Institution_5173,Non-Rural,UG,3.1,8,2,0,6,151,550,132,557,Approved
Institution_3600,Non-Rural,UG,2.6,4,1,0,4,232,500,132,230,Approved
Institution_7419,Rural,Combined,7.76,8,2,20,4,270,650,132,479,Approved
Institution_5235,Rural,UG,12.41,12,3,0,6,195,600,132,358,Approved
Institution_6357,Non-Rural,UG,4.88,20,5,0,20,288,450,132,241,Approved
Institution_9494,Rural,Combined,9.32,4,1,10,1,112,650,132,287,Not Approved
Institution_8620,Non-Rural,UG,2.24,4,1,0,4,205,500,132,501,Not Approved
Institution_5601,Rural,UG,6.17,8,2,0,2,228,450,132,163,Not Approved
Institution_5544,Non-Rural,Diploma,0.54,12,3,0,9,300,650,132,416,Not Approved
Institution_8297,Rural,PG,10.55,20,5,50,10,241,500,132,258,Approved
Institution_1210,Non-Rural,UG,1.09,12,3,0,12,185,400,132,432,Not Approved
Institution_5122,Rural,PG,9.14,16,4,40,16,60,400,132,582,Not Approved
Institution_2782,Non-Rural,PG,3.09,8,2,20,4,79,400,132,447,Not Approved
Institution_8669,Non-Rural,PG,3.01,4,1,10,4,66,500,132,297,Not Approved
Institution_1594,Rural,UG,14.72,8,2,0,4,137,550,132,264,Not Approved
Institution_3408,Rural,Diploma,9.35,20,5,0,5,181,400,132,254,Approved
Institution_4537,Non-Rural,PG,2.61,8,2,20,8,269,450,132,524,Approved
Institution_4703,Rural,Combined,9.6,12,3,30,3,209,600,132,245,Approved
Institution_6130,Non-Rural,UG,4.64,16,4,0,16,299,550,132,277,Approved
Institution_5631,Rural,UG,13.93,12,3,0,3,238,400,132,514,Approved
Institution_1640,Rural,Diploma,6.5,8,2,0,2,172,600,132,325,Approved
Institution_6483,Rural,Combined,12.78,16,4,40,8,237,400,132,104,Approved
Institution_1946,Rural,Diploma,6.6,8,2,0,8,226,650,132,279,Approved
Institution_3286,Non-Rural,UG,2.06,20,5,0,15,185,400,132,380,Not Approved
Institution_7057,Non-Rural,Diploma,0.73,8,2,0,6,282,450,132,589,Not Approved
Institution_8702,Rural,Combined,13.21,16,4,40,16,139,400,132,567,Not Approved
Institution_3613,Non-Rural,Diploma,1.07,20,5,0,20,72,400,132,449,Not Approved
Institution_2237,Rural,Combined,8.95,4,1,10,3,270,500,132,162,Approved
Institution_8690,Rural,Diploma,3.77,12,3,0,9,214,500,132,317,Not Approved
Institution_5088,Rural,Combined,5.34,8,2,20,6,182,400,132,340,Approved
Institution_8612,Non-Rural,Combined,4.08,4,1,10,1,121,600,132,548,Not Approved
Institution_2314,Non-Rural,Combined,1.91,8,2,20,4,102,500,132,449,Not Approved
Institution_1918,Rural,Diploma,6.58,12,3,0,9,213,600,132,353,Approved
Institution_2179,Rural,Diploma,9.68,4,1,0,3,74,650,132,429,Not Approved
Institution_5809,Rural,PG,9.54,4,1,10,4,286,450,132,275,Not Approved
Institution_3563,Non-Rural,Combined,2.12,12,3,30,3,153,600,132,180,Approved
Institution_4248,Rural,Diploma,4.33,12,3,0,9,144,600,132,501,Not Approved
Institution_8099,Rural,PG,8.47,8,2,20,6,252,600,132,306,Not Approved
Institution_8280,Non-Rural,UG,0.63,16,4,0,12,51,550,132,102,Not Approved
Institution_7965,Rural,Combined,10.4,20,5,50,10,155,400,132,586,Approved
Institution_8969,Rural,Combined,6.1,4,1,10,1,63,400,132,550,Not Approved
Institution_3042,Rural,Diploma,6.43,12,3,0,9,139,500,132,181,Not Approved
Institution_1865,Non-Rural,UG,4.59,16,4,0,4,293,450,132,512,Approved
Institution_3044,Non-Rural,Combined,4.86,20,5,50,5,259,650,132,222,Approved
Institution_5431,Non-Rural,PG,2.16,16,4,40,4,289,600,132,206,Not Approved
Institution_9710,Rural,PG,14.59,16,4,40,4,103,400,132,264,Not Approved
Institution_2952,Rural,Diploma,9.94,16,4,0,16,256,500,132,225,Approved
Institution_2404,Non-Rural,Diploma,1.17,8,2,0,8,91,550,132,401,Not Approved
Institution_8946,Rural,Combined,8.05,12,3,30,3,260,450,132,307,Approved
Institution_2694,Non-Rural,Combined,4.96,8,2,20,8,99,500,132,277,Not Approved
Institution_8720,Rural,UG,8.87,12,3,0,12,196,600,132,143,Not Approved
Institution_8874,Rural,PG,6.41,4,1,10,3,280,600,132,468,Not Approved
Institution_8500,Rural,PG,13.86,16,4,40,4,85,550,132,218,Not Approved
Institution_6672,Non-Rural,UG,4.15,8,2,0,2,232,600,132,534,Approved
Institution_5675,Rural,Combined,11.67,12,3,30,3,153,550,132,314,Approved
Institution_2109,Non-Rural,UG,4.82,8,2,0,2,251,500,132,425,Approved
Institution_6649,Non-Rural,PG,2.86,16,4,40,8,262,400,132,535,Approved
Institution_9474,Non-Rural,Combined,1.08,16,4,40,4,165,400,132,105,Approved
Institution_5425,Rural,PG,8.74,20,5,50,20,77,650,132,123,Not Approved
Institution_1107,Rural,Diploma,7.45,16,4,0,12,214,550,132,229,Approved
Institution_4642,Non-Rural,Diploma,1.77,8,2,0,8,83,650,132,360,Not Approved
Institution_1034,Non-Rural,UG,4.56,4,1,0,3,195,450,132,528,Approved
Institution_4761,Non-Rural,PG,2.62,16,4,40,12,181,650,132,336,Approved
Institution_7998,Rural,UG,12.6,20,5,0,15,110,650,132,458,Not Approved
Institution_5988,Rural,UG,7.1,4,1,0,3,207,450,132,572,Not Approved
Institution_6189,Non-Rural,PG,3.19,4,1,10,3,135,550,132,214,Not Approved
Institution_3739,Non-Rural,UG,4.8,8,2,0,6,168,400,132,491,Approved
Institution_7229,Rural,Combined,9.83,4,1,10,4,193,500,132,290,Approved
Institution_3241,Rural,Combined,13.5,16,4,40,16,124,600,132,306,Not Approved
Institution_8318,Rural,UG,11.29,8,2,0,2,163,600,132,547,Approved
Institution_1629,Non-Rural,UG,3.46,8,2,0,6,156,600,132,433,Approved
Institution_8140,Non-Rural,Diploma,1.96,8,2,0,8,151,550,132,318,Approved
Institution_1645,Rural,UG,6.5,4,1,0,4,151,600,132,360,Not Approved
Institution_3400,Rural,Diploma,6.9,16,4,0,12,190,550,132,330,Approved
Institution_5757,Non-Rural,Combined,3.35,16,4,40,12,168,550,132,422,Approved
Institution_3632,Non-Rural,PG,2.6,16,4,40,16,206,400,132,300,Approved
Institution_2864,Rural,UG,5.25,20,5,0,5,282,550,132,515,Not Approved
Institution_9889,Non-Rural,Diploma,1.49,20,5,0,10,190,400,132,129,Not Approved
Institution_1614,Rural,Combined,5.53,12,3,30,12,253,400,132,430,Approved
Institution_5449,Non-Rural,UG,2.35,20,5,0,20,223,550,132,508,Not Approved
Institution_7815,Rural,PG,8.66,12,3,30,3,269,450,132,178,Not Approved
Institution_6805,Non-Rural,UG,2.26,12,3,0,3,53,550,132,204,Not Approved
Institution_4448,Rural,Combined,11.02,8,2,20,2,108,550,132,202,Not Approved
Institution_9515,Non-Rural,Combined,1.76,8,2,20,6,116,400,132,543,Not Approved
Institution_2920,Non-Rural,Combined,2.25,8,2,20,8,156,550,132,373,Approved
Institution_3402,Rural,UG,12.16,12,3,0,12,294,500,132,348,Approved
Institution_2215,Rural,Combined,8.86,4,1,10,4,229,500,132,253,Approved
Institution_9802,Rural,Diploma,4.04,16,4,0,16,277,500,132,593,Not Approved
Institution_8545,Non-Rural,Combined,2.18,8,2,20,6,289,550,132,231,Approved
Institution_4222,Rural,PG,5.58,12,3,30,6,60,500,132,292,Not Approved
Institution_2930,Rural,Diploma,7.98,8,2,0,8,259,450,132,403,Approved
Institution_2543,Rural,UG,10.05,8,2,0,4,140,550,132,498,Not Approved
Institution_5690,Non-Rural,UG,3.15,4,1,0,1,155,450,132,342,Approved
Institution_6868,Rural,UG,8.34,16,4,0,4,55,450,132,100,Not Approved
Institution_4183,Non-Rural,UG,3.0,20,5,0,10,259,500,132,269,Approved
Institution_5086,Rural,Diploma,2.34,12,3,0,3,104,600,132,207,Not Approved
Institution_3594,Rural,PG,9.22,8,2,20,6,291,650,132,491,Not Approved
Institution_4264,Rural,Diploma,4.44,4,1,0,4,114,400,132,287,Not Approved
Institution_5398,Rural,Diploma,2.52,12,3,0,6,258,500,132,282,Not Approved
Institution_9571,Rural,UG,8.98,16,4,0,4,295,550,132,559,Not Approved
Institution_2828,Non-Rural,PG,4.76,8,2,20,8,256,500,132,166,Approved
Institution_8437,Non-Rural,PG,2.28,8,2,20,4,167,500,132,329,Not Approved
Institution_4424,Non-Rural,Combined,4.25,4,1,10,3,277,600,132,285,Approved
Institution_7894,Rural,UG,5.49,12,3,0,3,173,450,132,520,Not Approved
Institution_1433,Non-Rural,PG,3.45,4,1,10,2,294,400,132,574,Approved
Institution_5858,Non-Rural,Diploma,1.3,4,1,0,4,110,400,132,446,Not Approved
Institution_2503,Rural,Diploma,8.66,16,4,0,8,80,450,132,166,Not Approved
Institution_8976,Non-Rural,Diploma,0.82,4,1,0,4,186,600,132,479,Not Approved
Institution_3702,Non-Rural,Combined,1.12,4,1,10,2,71,600,132,215,Not Approved
Institution_7391,Non-Rural,Combined,3.43,12,3,30,12,259,450,132,471,Approved
Institution_6671,Non-Rural,PG,4.08,12,3,30,3,108,650,132,412,Not Approved
Institution_5784,Non-Rural,Diploma,1.77,8,2,0,8,275,500,132,473,Approved
Institution_8104,Rural,UG,9.23,20,5,0,5,214,650,132,406,Not Approved
Institution_2300,Non-Rural,PG,4.79,16,4,40,12,196,500,132,516,Approved
Institution_9547,Non-Rural,Combined,3.07,16,4,40,12,189,650,132,520,Approved
Institution_7766,Rural,PG,11.15,8,2,20,2,189,650,132,201,Approved
Institution_4732,Rural,UG,12.12,4,1,0,4,296,500,132,528,Approved
Institution_6831,Rural,UG,12.48,8,2,0,4,290,400,132,300,Approved
Institution_5929,Rural,Diploma,5.18,12,3,0,3,216,500,132,356,Approved
Institution_2793,Non-Rural,Combined,4.97,4,1,10,4,178,650,132,465,Approved
Institution_4138,Rural,PG,9.65,12,3,30,9,294,600,132,410,Not Approved
Institution_6795,Rural,UG,6.86,16,4,0,16,168,550,132,583,Not Approved
Institution_4366,Non-Rural,Combined,3.06,8,2,20,6,95,400,132,175,Not Approved
Institution_2497,Rural,Diploma,6.85,4,1,0,2,98,500,132,453,Not Approved
Institution_7548,Rural,UG,5.43,8,2,0,4,249,500,132,244,Not Approved
Institution_6527,Rural,UG,10.02,4,1,0,1,231,450,132,563,Approved
Institution_8007,Non-Rural,PG,4.52,12,3,30,12,293,400,132,592,Approved
Institution_6673,Non-Rural,Combined,0.89,8,2,20,4,214,400,132,210,Approved
Institution_3719,Non-Rural,Diploma,1.7,12,3,0,3,290,550,132,211,Approved
Institution_5662,Rural,UG,7.28,16,4,0,8,276,450,132,219,Not Approved
Institution_6043,Non-Rural,Combined,2.99,4,1,10,3,195,650,132,108,Approved
Institution_6907,Non-Rural,UG,4.66,8,2,0,4,245,500,132,490,Approved
Institution_9215,Rural,Diploma,6.53,8,2,0,8,202,600,132,536,Approved
Institution_2060,Rural,UG,13.44,4,1,0,3,292,450,132,452,Approved
Institution_8468,Rural,UG,8.86,8,2,0,4,264,500,132,165,Not Approved
Institution_3034,Non-Rural,PG,5.0,12,3,30,3,273,450,132,538,Approved
Institution_3081,Non-Rural,UG,0.88,16,4,0,4,236,550,132,413,Not Approved
Institution_2264,Rural,Diploma,3.73,12,3,0,9,80,400,132,321,Not Approved
Institution_9369,Non-Rural,Combined,2.63,20,5,50,15,268,650,132,380,Approved
Institution_6722,Rural,Combined,6.1,8,2,20,6,269,600,132,473,Approved
Institution_2353,Non-Rural,Combined,3.05,8,2,20,4,176,450,132,399,Approved
Institution_9984,Non-Rural,UG,3.21,8,2,0,6,221,600,132,316,Approved
Institution_6741,Non-Rural,PG,3.24,16,4,40,16,287,500,132,553,Approved
Institution_3790,Rural,Combined,5.52,4,1,10,1,280,450,132,279,Approved
Institution_7000,Rural,Diploma,8.15,8,2,0,8,188,500,132,136,Approved
Institution_8541,Rural,PG,11.22,12,3,30,6,139,600,132,287,Not Approved
Institution_2633,Non-Rural,PG,2.04,8,2,20,4,195,650,132,468,Not Approved
Institution_9646,Non-Rural,Combined,1.69,8,2,20,6,278,500,132,479,Approved
Institution_5302,Non-Rural,Combined,3.08,20,5,50,20,206,500,132,367,Approved
Institution_3871,Non-Rural,Diploma,0.7,4,1,0,3,282,650,132,212,Not Approved
Institution_9085,Non-Rural,Combined,0.67,4,1,10,2,104,500,132,131,Not Approved
Institution_7712,Rural,UG,9.37,12,3,0,6,216,600,132,270,Not Approved
Institution_5249,Rural,PG,6.92,20,5,50,5,128,450,132,151,Not Approved
Institution_1750,Rural,PG,9.17,4,1,10,2,230,600,132,391,Not Approved
Institution_3171,Non-Rural,UG,3.14,12,3,0,9,211,450,132,569,Approved
Institution_7066,Non-Rural,Diploma,1.88,4,1,0,1,277,600,132,168,Approved
Institution_3612,Non-Rural,Diploma,1.19,16,4,0,8,114,450,132,283,Not Approved
Institution_5808,Rural,Diploma,7.64,20,5,0,20,121,400,132,353,Not Approved
Institution_8293,Rural,Combined,10.38,20,5,50,20,253,600,132,251,Approved
Institution_4855,Non-Rural,Diploma,1.9,8,2,0,2,181,550,132,557,Approved
Institution_7143,Non-Rural,Diploma,0.69,16,4,0,16,211,400,132,542,Not Approved
Institution_2955,Non-Rural,UG,3.44,8,2,0,8,55,500,132,402,Not Approved
Institution_6884,Non-Rural,Combined,3.24,8,2,20,8,178,400,132,280,Approved
Institution_7676,Rural,Diploma,6.22,16,4,0,4,202,650,132,337,Approved
Institution_3082,Rural,Diploma,4.43,16,4,0,12,204,550,132,204,Not Approved
Institution_4811,Rural,UG,7.61,20,5,0,10,165,450,132,336,Not Approved
Institution_9043,Non-Rural,PG,0.96,20,5,50,5,77,550,132,251,Not Approved
Institution_2000,Rural,Diploma,8.79,16,4,0,4,268,600,132,212,Approved
Institution_7615,Rural,Combined,10.01,4,1,10,2,208,650,132,264,Approved
Institution_2003,Rural,Diploma,9.99,8,2,0,6,283,650,132,212,Approved
Institution_6471,Non-Rural,Diploma,1.76,12,3,0,9,74,600,132,516,Not Approved
Institution_5481,Rural,PG,8.38,4,1,10,4,178,650,132,215,Not Approved
Institution_8627,Non-Rural,PG,4.55,12,3,30,6,219,600,132,595,Approved
Institution_1355,Non-Rural,Combined,0.54,12,3,30,12,261,500,132,568,Approved
Institution_3007,Non-Rural,Combined,3.92,16,4,40,16,87,600,132,100,Not Approved
Institution_3553,Rural,PG,7.07,4,1,10,2,283,450,132,381,Not Approved
Institution_2241,Rural,PG,12.13,8,2,20,2,206,450,132,429,Approved
Institution_8495,Non-Rural,PG,2.68,8,2,20,6,156,550,132,199,Approved
Institution_1099,Rural,PG,12.1,4,1,10,3,98,450,132,407,Not Approved
Institution_6021,Non-Rural,Combined,4.4,16,4,40,4,238,550,132,294,Approved
Institution_8903,Non-Rural,Combined,4.81,8,2,20,4,126,550,132,239,Not Approved
Institution_4266,Non-Rural,UG,4.15,8,2,0,6,241,450,132,449,Approved
Institution_8642,Non-Rural,Combined,2.94,20,5,50,10,288,600,132,412,Approved
Institution_2096,Non-Rural,UG,2.05,16,4,0,12,214,550,132,289,Not Approved
Institution_1551,Rural,Combined,12.42,4,1,10,2,275,500,132,194,Approved
Institution_6914,Rural,UG,8.73,20,5,0,20,92,600,132,520,Not Approved
Institution_2099,Rural,Combined,12.54,16,4,40,8,291,650,132,144,Approved
Institution_7858,Non-Rural,Combined,1.62,8,2,20,8,273,650,132,181,Approved
Institution_1289,Non-Rural,Combined,2.68,20,5,50,15,159,650,132,127,Approved
Institution_8059,Non-Rural,PG,0.51,8,2,20,4,185,550,132,358,Not Approved
Institution_3703,Non-Rural,PG,4.32,12,3,30,12,74,450,132,265,Not Approved
Institution_6702,Rural,Combined,7.6,8,2,20,8,103,500,132,158,Not Approved
Institution_7874,Non-Rural,PG,4.84,12,3,30,3,104,600,132,401,Not Approved
Institution_5741,Rural,PG,8.0,12,3,30,6,251,450,132,156,Not Approved
Institution_6148,Rural,Diploma,6.16,12,3,0,3,257,650,132,198,Approved
Institution_8158,Non-Rural,UG,4.49,16,4,0,16,252,600,132,327,Approved
Institution_1025,Rural,UG,7.96,8,2,0,2,237,500,132,414,Not Approved
Institution_6293,Rural,Diploma,2.72,20,5,0,15,187,600,132,172,Not Approved
Institution_2415,Non-Rural,Diploma,1.76,4,1,0,3,294,600,132,126,Approved
Institution_5820,Rural,PG,6.13,20,5,50,20,204,550,132,466,Not Approved
Institution_6827,Non-Rural,Diploma,1.96,4,1,0,3,124,500,132,260,Not Approved
Institution_1676,Non-Rural,UG,4.37,16,4,0,8,219,650,132,187,Approved
Institution_2855,Rural,PG,6.14,8,2,20,6,62,500,132,441,Not Approved
Institution_3006,Rural,Diploma,7.99,20,5,0,15,107,500,132,527,Not Approved
Institution_1239,Non-Rural,PG,2.08,8,2,20,8,193,650,132,386,Not Approved
Institution_8830,Non-Rural,Diploma,0.53,20,5,0,15,285,600,132,174,Not Approved
Institution_4365,Rural,UG,14.43,12,3,0,9,225,500,132,199,Approved
Institution_8025,Rural,PG,9.41,4,1,10,3,189,550,132,328,Not Approved
Institution_1108,Non-Rural,UG,1.42,16,4,0,16,168,550,132,563,Not Approved
Institution_5557,Rural,Diploma,2.27,8,2,0,2,150,600,132,314,Not Approved
Institution_8486,Non-Rural,Combined,3.75,4,1,10,2,293,400,132,357,Approved
Institution_6475,Rural,Diploma,2.62,12,3,0,12,160,600,132,560,Not Approved
Institution_8767,Non-Rural,PG,1.34,8,2,20,4,191,650,132,215,Not Approved
Institution_6888,Non-Rural,UG,1.65,4,1,0,2,124,400,132,450,Not Approved
Institution_8337,Non-Rural,Diploma,1.12,4,1,0,4,276,450,132,116,Not Approved
Institution_3394,Non-Rural,PG,3.45,20,5,50,15,93,400,132,411,Not Approved
Institution_5925,Rural,PG,12.15,20,5,50,5,168,400,132,446,Approved
Institution_9393,Rural,Combined,7.29,8,2,20,4,259,600,132,288,Approved
Institution_6797,Rural,UG,8.57,12,3,0,3,131,550,132,312,Not Approved
Institution_4485,Non-Rural,Combined,3.03,12,3,30,3,129,450,132,221,Not Approved
Institution_5617,Rural,PG,14.47,20,5,50,10,285,600,132,265,Approved
Institution_2582,Non-Rural,UG,1.75,16,4,0,8,63,400,132,443,Not Approved
Institution_4573,Rural,Diploma,4.48,12,3,0,6,123,500,132,303,Not Approved
Institution_5585,Non-Rural,PG,4.03,20,5,50,20,163,600,132,161,Approved
Institution_8103,Rural,UG,6.03,8,2,0,6,176,650,132,557,Not Approved
Institution_3870,Non-Rural,PG,2.71,20,5,50,20,65,600,132,426,Not Approved
Institution_4212,Rural,PG,5.58,12,3,30,3,140,550,132,348,Not Approved
Institution_5682,Non-Rural,Combined,3.88,12,3,30,6,168,450,132,326,Approved
Institution_6447,Rural,Diploma,2.78,8,2,0,4,205,550,132,521,Not Approved
Institution_2786,Rural,Combined,5.75,20,5,50,15,54,550,132,464,Not Approved
Institution_7054,Non-Rural,Combined,4.78,4,1,10,1,267,400,132,510,Approved
Institution_5325,Rural,Combined,11.76,20,5,50,10,187,400,132,338,Approved
Institution_9000,Rural,Diploma,3.21,20,5,0,10,224,600,132,364,Not Approved
Institution_3198,Non-Rural,Diploma,0.7,8,2,0,8,154,400,132,546,Not Approved
Institution_2331,Non-Rural,Combined,3.47,12,3,30,6,230,550,132,344,Approved
Institution_1909,Rural,PG,13.25,4,1,10,2,197,550,132,229,Approved
Institution_5501,Non-Rural,Combined,3.45,12,3,30,12,89,450,132,164,Not Approved
Institution_8011,Non-Rural,PG,1.51,16,4,40,16,257,500,132,336,Not Approved
Institution_4947,Non-Rural,Combined,1.23,20,5,50,20,240,650,132,265,Approved
Institution_3530,Rural,Combined,8.51,12,3,30,6,296,500,132,582,Approved
Institution_2129,Non-Rural,UG,2.2,12,3,0,9,273,650,132,117,Not Approved
Institution_7649,Rural,Combined,10.42,16,4,40,8,114,400,132,459,Not Approved
Institution_9818,Non-Rural,PG,1.24,16,4,40,12,227,650,132,442,Not Approved
Institution_4623,Rural,Combined,9.91,8,2,20,4,82,650,132,246,Not Approved
Institution_4899,Rural,PG,5.85,20,5,50,10,278,650,132,101,Not Approved
Institution_7855,Non-Rural,Combined,3.53,4,1,10,3,231,550,132,401,Approved
Institution_1008,Rural,Combined,11.63,16,4,40,12,237,450,132,563,Approved
Institution_3751,Non-Rural,UG,0.76,8,2,0,6,133,550,132,139,Not Approved
Institution_9909,Rural,UG,10.41,16,4,0,12,132,600,132,244,Not Approved
Institution_9359,Rural,Combined,6.52,20,5,50,10,291,400,132,326,Approved
Institution_8917,Non-Rural,Diploma,1.17,12,3,0,6,255,600,132,270,Not Approved
Institution_1798,Non-Rural,Combined,1.54,20,5,50,5,166,500,132,361,Approved
Institution_5973,Non-Rural,PG,3.78,16,4,40,12,115,550,132,421,Not Approved
Institution_7154,Non-Rural,PG,1.76,12,3,30,3,117,550,132,159,Not Approved
Institution_2683,Rural,PG,12.49,16,4,40,16,262,450,132,207,Approved
Institution_6471,Non-Rural,PG,3.94,8,2,20,4,268,400,132,534,Approved
Institution_9937,Rural,PG,13.43,8,2,20,2,101,550,132,102,Not Approved
Institution_5618,Non-Rural,Combined,4.01,16,4,40,8,112,550,132,194,Not Approved
Institution_8658,Non-Rural,UG,3.96,8,2,0,4,286,650,132,244,Approved
Institution_5863,Rural,Diploma,5.05,20,5,0,15,148,400,132,178,Not Approved
Institution_1858,Rural,Combined,13.82,16,4,40,8,239,500,132,422,Approved
Institution_6129,Non-Rural,Diploma,0.93,20,5,0,15,274,550,132,206,Not Approved
Institution_8031,Rural,PG,6.9,8,2,20,8,236,550,132,533,Not Approved
Institution_4259,Non-Rural,UG,1.44,4,1,0,2,209,550,132,192,Not Approved
Institution_9763,Non-Rural,PG,0.94,8,2,20,6,256,600,132,280,Not Approved
Institution_7433,Rural,Diploma,9.62,8,2,0,6,267,600,132,579,Approved
Institution_7118,Rural,Diploma,9.02,8,2,0,8,284,500,132,374,Approved
Institution_3961,Rural,UG,11.64,4,1,0,4,121,550,132,151,Not Approved
Institution_3882,Non-Rural,Diploma,0.79,4,1,0,1,123,550,132,490,Not Approved
Institution_2541,Rural,PG,11.46,16,4,40,16,72,500,132,461,Not Approved
Institution_7305,Non-Rural,Diploma,1.36,8,2,0,2,161,450,132,203,Not Approved
Institution_8585,Non-Rural,Combined,0.64,16,4,40,4,54,600,132,191,Not Approved
Institution_7389,Rural,PG,14.44,8,2,20,2,150,400,132,568,Approved
Institution_7524,Non-Rural,PG,2.06,12,3,30,12,186,550,132,456,Not Approved
Institution_2266,Non-Rural,Diploma,1.3,8,2,0,2,68,550,132,278,Not Approved
Institution_3621,Rural,UG,10.62,16,4,0,8,181,500,132,442,Approved
Institution_6934,Non-Rural,Diploma,0.84,20,5,0,15,229,550,132,247,Not Approved
Institution_6491,Non-Rural,Diploma,1.37,20,5,0,15,179,450,132,316,Not Approved
Institution_7667,Non-Rural,PG,1.58,12,3,30,6,144,500,132,452,Not Approved
Institution_7113,Non-Rural,Combined,1.73,16,4,40,16,70,650,132,274,Not Approved
Institution_4408,Rural,Combined,10.27,20,5,50,20,287,400,132,297,Approved
Institution_9414,Non-Rural,PG,4.47,16,4,40,12,276,650,132,132,Approved
Institution_7557,Non-Rural,PG,3.5,8,2,20,4,284,650,132,173,Approved
Institution_9583,Non-Rural,UG,1.57,4,1,0,1,241,600,132,247,Not Approved
Institution_1370,Rural,UG,14.08,20,5,0,20,177,600,132,229,Approved
Institution_2961,Non-Rural,PG,3.07,16,4,40,4,125,650,132,164,Not Approved
Institution_3524,Non-Rural,Diploma,1.01,16,4,0,8,223,400,132,296,Not Approved
Institution_8166,Rural,UG,10.57,16,4,0,12,223,600,132,507,Approved
Institution_7793,Rural,Combined,11.07,16,4,40,12,60,650,132,280,Not Approved
Institution_8560,Rural,Combined,9.54,12,3,30,6,288,500,132,172,Approved
Institution_9389,Non-Rural,PG,3.15,4,1,10,3,106,400,132,593,Not Approved
Institution_8546,Non-Rural,Diploma,1.13,16,4,0,16,99,600,132,284,Not Approved
Institution_1045,Non-Rural,UG,3.52,16,4,0,8,137,650,132,202,Not Approved
Institution_2154,Rural,Diploma,3.74,8,2,0,6,259,450,132,488,Not Approved
Institution_6228,Rural,Diploma,6.32,12,3,0,9,140,650,132,128,Not Approved
Institution_1672,Non-Rural,Combined,2.51,12,3,30,12,173,450,132,450,Approved
Institution_5935,Non-Rural,Combined,3.43,16,4,40,16,232,400,132,234,Approved
Institution_2419,Rural,Diploma,3.11,4,1,0,4,195,650,132,193,Not Approved
Institution_1208,Non-Rural,PG,2.7,12,3,30,9,68,450,132,428,Not Approved
Institution_3336,Non-Rural,Combined,4.77,8,2,20,8,157,650,132,506,Approved
Institution_4619,Rural,Diploma,9.17,16,4,0,8,278,600,132,292,Approved
Institution_9739,Rural,UG,6.94,8,2,0,8,266,650,132,362,Not Approved
Institution_3613,Non-Rural,Diploma,1.04,20,5,0,10,215,650,132,272,Not Approved
Institution_6510,Non-Rural,Combined,4.92,8,2,20,6,222,600,132,496,Approved
Institution_7307,Non-Rural,Combined,3.25,20,5,50,20,148,650,132,221,Not Approved
Institution_7946,Rural,PG,12.95,20,5,50,20,153,500,132,350,Approved
Institution_5101,Rural,Diploma,10.0,16,4,0,4,99,600,132,454,Not Approved
Institution_4951,Rural,Combined,12.73,4,1,10,3,189,500,132,586,Approved
Institution_2784,Rural,Combined,13.41,4,1,10,2,163,400,132,252,Approved
Institution_3419,Rural,PG,10.8,4,1,10,4,138,500,132,364,Not Approved
Institution_6125,Rural,Combined,8.48,4,1,10,3,206,650,132,123,Approved
Institution_2833,Non-Rural,Combined,3.52,4,1,10,1,268,550,132,430,Approved
Institution_2989,Non-Rural,UG,2.73,4,1,0,3,166,450,132,120,Approved
Institution_8004,Rural,PG,10.37,8,2,20,6,240,600,132,549,Approved
Institution_9542,Rural,UG,7.23,12,3,0,6,121,450,132,389,Not Approved
Institution_2058,Rural,PG,9.85,12,3,30,6,270,600,132,310,Not Approved
Institution_2238,Rural,Diploma,5.68,20,5,0,5,256,550,132,239,Approved
Institution_2391,Rural,UG,12.58,12,3,0,3,285,600,132,284,Approved
Institution_6338,Rural,PG,7.82,16,4,40,16,212,400,132,591,Not Approved
Institution_9229,Non-Rural,Diploma,0.88,4,1,0,2,154,550,132,245,Not Approved
Institution_9945,Non-Rural,PG,2.99,12,3,30,6,217,650,132,400,Approved
Institution_7811,Non-Rural,PG,2.66,16,4,40,8,69,650,132,345,Not Approved
Institution_1670,Non-Rural,Diploma,1.47,4,1,0,2,209,500,132,160,Not Approved
Institution_4157,Rural,Combined,10.25,12,3,30,12,220,550,132,239,Approved
Institution_3703,Non-Rural,Combined,4.11,8,2,20,2,58,550,132,367,Not Approved
Institution_7109,Non-Rural,UG,3.49,4,1,0,1,155,600,132,468,Approved
Institution_4807,Non-Rural,Diploma,1.62,16,4,0,12,144,550,132,453,Not Approved
Institution_8828,Non-Rural,Combined,1.8,12,3,30,12,210,400,132,482,Approved
Institution_7677,Rural,PG,8.22,12,3,30,3,97,650,132,311,Not Approved
Institution_8698,Rural,UG,11.24,20,5,0,15,151,550,132,223,Approved
Institution_7730,Non-Rural,Diploma,0.89,20,5,0,15,300,450,132,288,Not Approved
Institution_5058,Rural,Combined,6.4,12,3,30,9,163,550,132,467,Approved
Institution_4552,Rural,Combined,14.63,4,1,10,2,128,450,132,186,Not Approved
Institution_7101,Non-Rural,UG,1.53,8,2,0,4,127,650,132,329,Not Approved
Institution_7745,Rural,Combined,14.78,8,2,20,4,287,650,132,401,Approved
Institution_4852,Rural,Diploma,8.68,8,2,0,2,72,650,132,199,Not Approved
Institution_3610,Non-Rural,Combined,3.2,12,3,30,9,86,600,132,450,Not Approved
Institution_1413,Non-Rural,Diploma,0.71,20,5,0,10,70,550,132,170,Not Approved
Institution_9264,Non-Rural,Diploma,1.31,20,5,0,5,153,500,132,143,Not Approved
Institution_9749,Non-Rural,Diploma,1.43,4,1,0,4,242,500,132,466,Not Approved
Institution_1992,Non-Rural,UG,4.62,16,4,0,12,82,500,132,519,Not Approved
Institution_9065,Non-Rural,Diploma,1.1,4,1,0,1,187,550,132,474,Not Approved
Institution_5245,Rural,Diploma,6.26,4,1,0,3,235,400,132,197,Approved
Institution_5290,Rural,Diploma,8.29,12,3,0,3,85,450,132,416,Not Approved
Institution_4088,Non-Rural,Combined,4.73,4,1,10,2,247,500,132,532,Approved
Institution_8229,Non-Rural,UG,2.45,12,3,0,3,94,600,132,382,Not Approved
Institution_2962,Rural,UG,14.4,4,1,0,1,293,500,132,452,Approved
Institution_1136,Non-Rural,PG,3.36,4,1,10,2,121,550,132,126,Not Approved
Institution_3218,Rural,PG,13.21,20,5,50,5,216,400,132,470,Approved
Institution_2867,Rural,UG,7.88,20,5,0,20,93,550,132,423,Not Approved
Institution_1280,Rural,PG,7.69,16,4,40,4,168,600,132,257,Not Approved
Institution_6722,Non-Rural,Diploma,1.48,8,2,0,2,248,500,132,130,Not Approved
Institution_3059,Non-Rural,UG,3.89,16,4,0,16,116,650,132,257,Not Approved
Institution_1461,Non-Rural,Diploma,1.0,8,2,0,2,79,650,132,433,Not Approved
Institution_2889,Rural,PG,9.6,4,1,10,1,193,450,132,416,Not Approved
Institution_2653,Rural,PG,6.33,12,3,30,6,212,400,132,148,Not Approved
Institution_8525,Rural,Combined,5.5,8,2,20,6,106,400,132,394,Not Approved
Institution_4978,Rural,Combined,10.41,16,4,40,16,206,500,132,321,Approved
Institution_5287,Rural,PG,6.5,4,1,10,4,229,450,132,427,Not Approved
Institution_9992,Non-Rural,UG,3.18,4,1,0,3,58,550,132,309,Not Approved
Institution_2208,Rural,UG,7.95,8,2,0,6,200,650,132,146,Not Approved
Institution_6921,Rural,Diploma,2.37,8,2,0,2,168,400,132,166,Not Approved
Institution_5495,Non-Rural,Combined,2.63,12,3,30,9,101,650,132,100,Not Approved
Institution_1772,Non-Rural,PG,3.17,4,1,10,1,142,550,132,497,Not Approved
Institution_7645,Rural,UG,9.43,20,5,0,15,74,600,132,425,Not Approved
Institution_3605,Non-Rural,Diploma,1.56,20,5,0,5,236,500,132,572,Approved
Institution_6218,Rural,UG,10.94,12,3,0,6,198,650,132,477,Approved
Institution_8349,Rural,PG,13.02,8,2,20,8,197,450,132,243,Approved
Institution_9353,Rural,PG,13.96,4,1,10,3,205,400,132,281,Approved
Institution_5275,Rural,Combined,13.25,20,5,50,15,211,500,132,271,Approved
Institution_1188,Non-Rural,UG,2.69,12,3,0,6,266,600,132,492,Approved
Institution_7239,Non-Rural,UG,2.73,16,4,0,4,273,450,132,342,Approved
Institution_6674,Rural,Diploma,9.53,12,3,0,12,200,400,132,271,Approved
Institution_2108,Rural,PG,7.83,20,5,50,20,241,550,132,499,Not Approved
Institution_2150,Non-Rural,PG,4.55,4,1,10,4,171,600,132,240,Approved
Institution_8357,Rural,Diploma,6.27,4,1,0,4,236,550,132,190,Approved
Institution_2357,Non-Rural,Diploma,1.54,16,4,0,12,77,600,132,299,Not Approved
Institution_2905,Rural,PG,6.27,8,2,20,4,276,550,132,161,Not Approved
Institution_3171,Non-Rural,Diploma,1.4,20,5,0,15,151,400,132,524,Not Approved
Institution_4565,Rural,UG,14.31,12,3,0,3,192,500,132,152,Approved
Institution_6753,Rural,PG,14.81,4,1,10,1,98,450,132,598,Not Approved
Institution_6686,Rural,UG,5.86,4,1,0,1,221,450,132,513,Not Approved
Institution_7919,Non-Rural,UG,3.64,8,2,0,8,169,650,132,123,Approved
Institution_8648,Rural,Combined,12.42,4,1,10,4,201,550,132,541,Approved
Institution_6197,Non-Rural,Combined,1.42,8,2,20,4,223,500,132,504,Approved
Institution_4582,Non-Rural,PG,3.43,16,4,40,4,182,650,132,512,Approved
Institution_9412,Non-Rural,UG,3.63,20,5,0,20,177,650,132,231,Approved
Institution_9772,Rural,Combined,6.91,12,3,30,6,106,500,132,319,Not Approved
Institution_9903,Rural,Combined,9.46,8,2,20,6,224,650,132,578,Approved
Institution_4942,Non-Rural,UG,4.89,20,5,0,20,212,450,132,198,Approved
Institution_7086,Rural,Diploma,6.64,16,4,0,8,210,500,132,359,Approved
Institution_3966,Non-Rural,Combined,3.31,4,1,10,1,209,400,132,346,Approved
Institution_1736,Rural,Combined,14.08,20,5,50,5,297,450,132,370,Approved
Institution_6098,Non-Rural,PG,1.42,16,4,40,4,142,400,132,129,Not Approved
Institution_6177,Non-Rural,Combined,2.13,16,4,40,12,276,650,132,427,Approved
Institution_9230,Non-Rural,UG,4.15,8,2,0,8,51,600,132,204,Not Approved
Institution_1368,Non-Rural,PG,3.02,12,3,30,3,238,450,132,129,Approved
Institution_5261,Rural,Combined,11.08,16,4,40,16,90,600,132,572,Not Approved
Institution_9515,Non-Rural,UG,4.35,8,2,0,2,132,500,132,566,Not Approved
Institution_4366,Rural,Diploma,3.13,8,2,0,6,193,450,132,208,Not Approved
Institution_1433,Rural,PG,7.93,12,3,30,3,248,450,132,395,Not Approved
Institution_4002,Non-Rural,PG,4.87,12,3,30,3,210,600,132,326,Approved
Institution_8553,Rural,PG,10.11,12,3,30,12,93,500,132,174,Not Approved
Institution_6223,Rural,Combined,6.56,20,5,50,20,243,550,132,134,Approved
Institution_1856,Non-Rural,Combined,1.81,20,5,50,15,143,450,132,252,Not Approved
Institution_2768,Rural,Combined,5.43,8,2,20,4,93,600,132,432,Not Approved
Institution_6921,Non-Rural,Combined,1.47,4,1,10,1,208,550,132,214,Approved
Institution_5086,Rural,PG,10.28,12,3,30,9,90,550,132,319,Not Approved
Institution_3800,Non-Rural,Combined,2.05,20,5,50,10,54,450,132,442,Not Approved
Institution_1783,Rural,PG,9.24,12,3,30,9,105,500,132,227,Not Approved
Institution_6809,Rural,Diploma,4.32,16,4,0,16,109,550,132,321,Not Approved
Institution_3221,Rural,Combined,11.76,16,4,40,12,109,550,132,301,Not Approved
Institution_6737,Rural,PG,13.4,16,4,40,8,99,400,132,269,Not Approved
Institution_2607,Non-Rural,Combined,1.61,16,4,40,8,276,650,132,190,Approved
Institution_9325,Rural,UG,13.43,20,5,0,5,71,500,132,195,Not Approved
Institution_7562,Rural,UG,10.11,20,5,0,15,63,450,132,351,Not Approved
Institution_5481,Rural,PG,10.78,12,3,30,9,286,600,132,557,Approved
Institution_1994,Rural,PG,8.26,12,3,30,3,194,650,132,446,Not Approved
Institution_5223,Rural,Combined,7.69,12,3,30,3,232,550,132,132,Approved
Institution_1734,Non-Rural,Combined,4.63,8,2,20,4,241,400,132,302,Approved
Institution_5710,Rural,Diploma,7.16,16,4,0,4,245,450,132,174,Approved
Institution_6295,Non-Rural,Diploma,0.76,20,5,0,10,110,500,132,125,Not Approved
Institution_4011,Non-Rural,PG,2.37,20,5,50,20,156,450,132,430,Not Approved
Institution_8835,Non-Rural,PG,1.58,12,3,30,12,237,500,132,310,Not Approved
Institution_6991,Non-Rural,Diploma,1.27,16,4,0,12,278,500,132,459,Not Approved
Institution_6987,Rural,PG,13.79,8,2,20,6,202,450,132,221,Approved
Institution_7665,Non-Rural,PG,1.64,20,5,50,20,272,400,132,246,Not Approved
Institution_9027,Rural,Diploma,4.33,4,1,0,1,278,400,132,419,Not Approved
Institution_4944,Rural,PG,14.94,20,5,50,15,243,400,132,519,Approved
Institution_9055,Rural,Diploma,2.52,20,5,0,20,196,450,132,416,Not Approved
Institution_1685,Non-Rural,PG,2.55,16,4,40,4,227,600,132,244,Approved
Institution_3084,Non-Rural,Combined,4.36,20,5,50,10,156,550,132,562,Approved
Institution_5014,Non-Rural,PG,3.28,8,2,20,6,194,400,132,343,Approved
Institution_8565,Non-Rural,UG,0.75,16,4,0,16,134,500,132,104,Not Approved
Institution_7092,Non-Rural,PG,1.77,8,2,20,2,285,500,132,200,Not Approved
Institution_4197,Non-Rural,Combined,2.05,8,2,20,8,116,450,132,265,Not Approved
Institution_1804,Non-Rural,Combined,0.94,8,2,20,8,166,550,132,108,Approved
Institution_8797,Non-Rural,Diploma,0.97,4,1,0,4,261,650,132,568,Not Approved
Institution_5576,Non-Rural,UG,2.95,20,5,0,20,276,550,132,450,Approved
Institution_1939,Non-Rural,PG,3.59,12,3,30,3,166,500,132,190,Approved
Institution_2181,Non-Rural,Diploma,0.9,16,4,0,8,209,550,132,134,Not Approved
Institution_1853,Non-Rural,PG,2.24,8,2,20,6,249,650,132,320,Not Approved
Institution_4860,Non-Rural,UG,3.86,20,5,0,15,277,450,132,213,Approved
Institution_7610,Non-Rural,Diploma,1.88,16,4,0,12,75,650,132,572,Not Approved
Institution_9670,Rural,UG,10.01,20,5,0,10,99,550,132,541,Not Approved
Institution_7660,Rural,PG,5.49,12,3,30,9,156,650,132,353,Not Approved
Institution_7856,Non-Rural,Combined,2.39,20,5,50,15,119,600,132,548,Not Approved
Institution_1859,Rural,Diploma,8.27,20,5,0,20,194,550,132,197,Approved
Institution_4181,Non-Rural,Combined,4.72,4,1,10,1,222,550,132,532,Approved
Institution_8554,Non-Rural,Combined,3.07,16,4,40,4,258,650,132,233,Approved
Institution_7236,Non-Rural,PG,2.07,4,1,10,2,239,500,132,541,Not Approved
Institution_4575,Non-Rural,Combined,3.07,20,5,50,10,288,450,132,409,Approved
Institution_5172,Non-Rural,PG,1.44,20,5,50,15,242,550,132,450,Not Approved
Institution_2636,Non-Rural,PG,2.03,12,3,30,3,56,650,132,539,Not Approved
Institution_7774,Non-Rural,Combined,4.22,4,1,10,1,299,500,132,294,Approved
Institution_7608,Non-Rural,UG,2.18,16,4,0,4,255,550,132,481,Not Approved
Institution_4766,Rural,UG,9.46,4,1,0,4,234,450,132,426,Not Approved
Institution_2717,Non-Rural,PG,1.13,20,5,50,10,200,650,132,395,Not Approved
Institution_9756,Non-Rural,Diploma,1.35,16,4,0,4,264,650,132,134,Not Approved
Institution_6719,Non-Rural,Combined,4.36,4,1,10,1,187,450,132,221,Approved
Institution_6963,Non-Rural,Diploma,0.54,8,2,0,6,211,500,132,557,Not Approved
Institution_8377,Rural,Combined,6.56,20,5,50,15,118,600,132,255,Not Approved
Institution_5625,Rural,UG,5.55,12,3,0,3,296,650,132,555,Not Approved
Institution_1044,Rural,PG,7.2,4,1,10,3,120,450,132,151,Not Approved
Institution_3136,Rural,Diploma,9.57,4,1,0,1,96,400,132,317,Not Approved
Institution_9783,Non-Rural,PG,1.06,4,1,10,2,264,650,132,285,Not Approved
Institution_1182,Non-Rural,UG,4.02,16,4,0,16,220,400,132,371,Approved
Institution_1272,Rural,PG,11.22,4,1,10,3,195,650,132,149,Approved
Institution_3558,Rural,Diploma,4.44,12,3,0,6,131,450,132,128,Not Approved
Institution_6368,Non-Rural,UG,1.78,4,1,0,4,221,550,132,335,Not Approved
Institution_1929,Non-Rural,Diploma,1.08,4,1,0,4,288,600,132,536,Not Approved
Institution_9431,Rural,UG,6.94,8,2,0,6,192,650,132,109,Not Approved
Institution_6933,Rural,PG,11.48,4,1,10,3,130,400,132,382,Not Approved
Institution_4415,Non-Rural,PG,1.18,4,1,10,4,152,450,132,256,Not Approved
Institution_4620,Non-Rural,PG,4.47,12,3,30,9,265,650,132,458,Approved
Institution_8328,Non-Rural,UG,2.73,4,1,0,4,133,600,132,340,Not Approved
Institution_9493,Rural,Diploma,4.69,4,1,0,4,123,550,132,294,Not Approved
Institution_5551,Non-Rural,PG,3.99,8,2,20,4,226,550,132,133,Approved
Institution_3381,Non-Rural,UG,3.7,4,1,0,2,265,650,132,217,Approved
Institution_3269,Non-Rural,PG,4.04,12,3,30,9,136,600,132,556,Not Approved
Institution_4679,Non-Rural,UG,1.62,20,5,0,5,264,400,132,258,Not Approved
Institution_1475,Rural,Diploma,9.24,12,3,0,6,215,400,132,158,Approved
Institution_9870,Non-Rural,PG,2.96,4,1,10,4,53,500,132,570,Not Approved
Institution_5024,Non-Rural,UG,2.89,12,3,0,12,257,650,132,258,Approved
Institution_5254,Rural,Diploma,9.7,20,5,0,5,150,400,132,220,Approved
Institution_4736,Non-Rural,PG,2.72,8,2,20,4,215,400,132,314,Approved
Institution_2441,Non-Rural,Combined,0.8,4,1,10,4,293,450,132,362,Approved
Institution_9670,Rural,Combined,10.74,12,3,30,12,151,450,132,249,Approved
Institution_5168,Rural,UG,14.84,4,1,0,1,239,500,132,366,Approved
Institution_9781,Non-Rural,Diploma,1.41,20,5,0,10,209,650,132,525,Not Approved
Institution_3910,Non-Rural,PG,2.23,12,3,30,9,253,450,132,252,Not Approved
Institution_2370,Non-Rural,Diploma,1.91,16,4,0,8,177,500,132,576,Approved
Institution_5845,Non-Rural,Diploma,1.27,4,1,0,2,298,400,132,491,Not Approved
Institution_9023,Non-Rural,Diploma,1.93,4,1,0,2,168,650,132,355,Approved
Institution_2620,Rural,UG,12.83,8,2,0,6,187,400,132,323,Approved
Institution_6074,Rural,Combined,10.55,20,5,50,15,169,550,132,178,Approved
Institution_3570,Rural,Combined,10.04,8,2,20,8,243,650,132,264,Approved
Institution_9649,Rural,UG,7.72,8,2,0,8,283,400,132,147,Not Approved
Institution_3023,Non-Rural,Diploma,0.75,12,3,0,6,276,500,132,142,Not Approved
Institution_3841,Rural,PG,11.59,20,5,50,10,156,450,132,135,Approved
Institution_6344,Rural,Combined,9.54,16,4,40,4,196,450,132,211,Approved
Institution_9240,Non-Rural,UG,4.72,20,5,0,20,243,650,132,551,Approved
Institution_3016,Non-Rural,Combined,3.32,20,5,50,5,299,450,132,295,Approved
Institution_3563,Non-Rural,UG,1.87,12,3,0,12,238,550,132,541,Not Approved
Institution_5785,Rural,Combined,14.61,4,1,10,2,83,400,132,476,Not Approved
Institution_9491,Rural,Diploma,8.29,12,3,0,6,241,400,132,405,Approved
Institution_4353,Rural,Combined,11.64,12,3,30,9,181,650,132,548,Approved
Institution_4292,Non-Rural,PG,4.15,8,2,20,4,241,550,132,225,Approved
Institution_8375,Non-Rural,Combined,4.52,8,2,20,2,139,500,132,423,Not Approved
Institution_4372,Non-Rural,PG,4.62,8,2,20,2,278,450,132,465,Approved
Institution_1232,Non-Rural,UG,4.14,8,2,0,8,96,550,132,372,Not Approved
Institution_6620,Non-Rural,PG,0.94,4,1,10,3,74,400,132,309,Not Approved
Institution_7899,Non-Rural,UG,1.26,8,2,0,2,198,550,132,190,Not Approved
Institution_9007,Non-Rural,UG,1.31,20,5,0,10,176,400,132,199,Not Approved
Institution_4762,Rural,PG,9.82,12,3,30,3,113,500,132,137,Not Approved
Institution_7878,Non-Rural,Diploma,1.6,20,5,0,20,187,450,132,486,Approved
Institution_9673,Non-Rural,Combined,0.96,12,3,30,12,83,650,132,545,Not Approved
Institution_8115,Non-Rural,Combined,4.4,12,3,30,9,112,400,132,279,Not Approved
Institution_9273,Rural,PG,6.59,16,4,40,16,272,650,132,145,Not Approved
Institution_3495,Non-Rural,UG,4.47,16,4,0,8,261,500,132,224,Approved
Institution_1664,Non-Rural,UG,1.89,4,1,0,2,112,600,132,380,Not Approved
Institution_4592,Rural,PG,10.02,12,3,30,12,177,500,132,593,Approved
Institution_4975,Non-Rural,UG,4.75,4,1,0,3,204,550,132,570,Approved
Institution_4769,Non-Rural,PG,1.24,20,5,50,20,294,500,132,528,Not Approved
Institution_2216,Rural,PG,14.7,4,1,10,2,261,450,132,530,Approved
Institution_4140,Rural,Diploma,9.46,4,1,0,3,87,600,132,220,Not Approved
Institution_7252,Non-Rural,UG,2.9,16,4,0,8,269,400,132,460,Approved
Institution_8412,Rural,Combined,14.71,16,4,40,12,275,600,132,208,Approved
Institution_1092,Rural,Diploma,5.8,16,4,0,8,283,650,132,544,Approved
Institution_8653,Non-Rural,PG,1.79,4,1,10,3,189,400,132,328,Not Approved
Institution_6693,Non-Rural,PG,4.24,8,2,20,4,107,400,132,364,Not Approved
Institution_7595,Non-Rural,PG,4.53,8,2,20,6,161,600,132,487,Approved
Institution_6207,Non-Rural,UG,3.86,12,3,0,3,195,650,132,294,Approved
Institution_4709,Rural,Combined,14.71,20,5,50,10,78,450,132,484,Not Approved
Institution_5072,Non-Rural,Combined,2.14,12,3,30,12,271,400,132,161,Approved
Institution_6474,Rural,Diploma,9.23,4,1,0,1,194,550,132,384,Approved
Institution_9848,Rural,PG,12.07,20,5,50,20,57,650,132,175,Not Approved
Institution_6419,Non-Rural,PG,1.31,12,3,30,3,289,550,132,111,Not Approved
Institution_1751,Non-Rural,UG,2.79,4,1,0,2,267,450,132,124,Approved
Institution_9818,Rural,UG,10.83,4,1,0,4,177,650,132,494,Approved
Institution_3704,Non-Rural,Combined,0.53,4,1,10,4,201,450,132,525,Approved
Institution_2305,Non-Rural,PG,1.81,8,2,20,6,263,550,132,437,Not Approved
Institution_1044,Non-Rural,Diploma,1.54,12,3,0,3,122,550,132,245,Not Approved
Institution_3184,Rural,Diploma,2.65,12,3,0,12,253,450,132,591,Not Approved
Institution_7624,Rural,UG,9.29,16,4,0,12,157,500,132,586,Not Approved
Institution_5208,Non-Rural,Diploma,0.53,20,5,0,5,169,600,132,377,Not Approved
Institution_7316,Non-Rural,UG,4.74,8,2,0,2,252,600,132,135,Approved
Institution_1660,Non-Rural,Diploma,1.96,4,1,0,3,257,650,132,571,Approved
Institution_6967,Non-Rural,Combined,2.07,4,1,10,2,296,400,132,287,Approved
Institution_4272,Rural,PG,8.08,8,2,20,6,172,400,132,398,Not Approved
Institution_9863,Rural,PG,9.1,12,3,30,9,233,400,132,469,Not Approved
Institution_7288,Non-Rural,UG,0.84,8,2,0,2,289,550,132,196,Not Approved
Institution_5319,Rural,Diploma,3.54,20,5,0,10,111,400,132,260,Not Approved
Institution_4291,Non-Rural,PG,2.09,12,3,30,12,82,650,132,386,Not Approved
Institution_1322,Rural,UG,14.94,12,3,0,12,184,600,132,331,Approved
Institution_2738,Non-Rural,Diploma,0.77,20,5,0,15,173,600,132,407,Not Approved
Institution_7079,Non-Rural,Diploma,0.77,8,2,0,2,202,650,132,520,Not Approved
Institution_8604,Rural,UG,8.14,4,1,0,4,293,400,132,214,Not Approved
Institution_1725,Non-Rural,Diploma,1.99,16,4,0,12,194,650,132,381,Approved
Institution_4147,Non-Rural,Combined,1.48,12,3,30,3,286,650,132,256,Approved
Institution_7895,Rural,Combined,9.5,4,1,10,4,113,600,132,307,Not Approved
Institution_7155,Rural,Diploma,3.22,20,5,0,5,237,550,132,261,Not Approved
Institution_7689,Rural,PG,14.45,4,1,10,3,271,650,132,198,Approved
Institution_8597,Non-Rural,Diploma,0.66,12,3,0,6,150,450,132,229,Not Approved
Institution_5060,Non-Rural,UG,3.46,4,1,0,3,83,650,132,513,Not Approved
Institution_3692,Rural,Combined,8.32,20,5,50,10,122,400,132,387,Not Approved
Institution_2025,Non-Rural,UG,2.26,20,5,0,10,285,550,132,449,Not Approved
Institution_3006,Non-Rural,UG,1.26,12,3,0,3,98,600,132,467,Not Approved
Institution_1506,Non-Rural,PG,3.92,20,5,50,15,298,500,132,216,Approved
Institution_4742,Non-Rural,UG,3.6,4,1,0,4,231,400,132,386,Approved
Institution_6469,Non-Rural,Combined,4.47,16,4,40,12,118,550,132,513,Not Approved
Institution_4951,Rural,UG,9.16,12,3,0,6,109,400,132,583,Not Approved
Institution_2477,Non-Rural,Diploma,0.73,4,1,0,3,95,400,132,384,Not Approved
Institution_9220,Non-Rural,PG,2.51,12,3,30,9,259,450,132,137,Approved
Institution_7918,Non-Rural,Diploma,0.66,8,2,0,6,233,400,132,397,Not Approved
Institution_1420,Non-Rural,Diploma,1.36,12,3,0,9,193,450,132,462,Not Approved
Institution_2541,Non-Rural,Combined,4.17,16,4,40,16,237,500,132,323,Approved
Institution_8363,Rural,UG,13.16,4,1,0,4,159,550,132,590,Approved
Institution_6154,Rural,Combined,10.66,8,2,20,2,132,450,132,155,Not Approved
Institution_2061,Non-Rural,Diploma,1.9,20,5,0,20,91,600,132,475,Not Approved
Institution_9775,Rural,Combined,14.88,12,3,30,9,166,550,132,596,Approved
Institution_4614,Non-Rural,Combined,3.84,16,4,40,8,267,600,132,238,Approved
Institution_9936,Rural,UG,12.1,8,2,0,4,214,600,132,354,Approved
Institution_5447,Non-Rural,Combined,4.93,20,5,50,10,80,600,132,154,Not Approved
Institution_6423,Rural,Diploma,5.79,4,1,0,3,267,400,132,123,Approved
Institution_6408,Non-Rural,Diploma,1.6,8,2,0,4,280,400,132,328,Approved
Institution_8212,Rural,PG,5.17,12,3,30,9,209,550,132,319,Not Approved
Institution_4223,Non-Rural,UG,3.37,8,2,0,8,105,450,132,182,Not Approved
Institution_9958,Rural,Diploma,2.62,12,3,0,9,168,500,132,234,Not Approved
Institution_7159,Rural,Diploma,7.06,12,3,0,3,124,650,132,162,Not Approved
Institution_2344,Rural,UG,7.88,4,1,0,2,161,650,132,435,Not Approved
Institution_7741,Rural,Diploma,9.42,4,1,0,1,235,450,132,179,Approved
Institution_5826,Rural,PG,9.9,12,3,30,6,91,550,132,225,Not Approved
Institution_4434,Non-Rural,Diploma,1.61,12,3,0,3,155,450,132,440,Approved
Institution_2111,Rural,Combined,13.75,12,3,30,3,176,650,132,212,Approved
Institution_8696,Rural,UG,8.01,20,5,0,10,170,650,132,296,Not Approved
Institution_5365,Non-Rural,PG,3.9,20,5,50,10,90,550,132,498,Not Approved
Institution_3196,Rural,Combined,6.05,16,4,40,16,187,650,132,468,Approved
Institution_8137,Non-Rural,Combined,1.74,20,5,50,15,293,450,132,210,Approved
Institution_6704,Rural,Diploma,4.09,20,5,0,5,74,400,132,170,Not Approved
Institution_7902,Rural,PG,12.59,20,5,50,5,92,600,132,324,Not Approved
Institution_9023,Rural,PG,12.9,8,2,20,8,118,600,132,589,Not Approved
Institution_4419,Non-Rural,Diploma,0.69,16,4,0,16,85,450,132,108,Not Approved
Institution_1012,Non-Rural,UG,2.68,16,4,0,16,148,550,132,202,Not Approved
Institution_2489,Non-Rural,Diploma,0.57,12,3,0,9,235,600,132,593,Not Approved
Institution_8943,Non-Rural,PG,1.36,20,5,50,5,263,550,132,433,Not Approved
Institution_7255,Non-Rural,PG,3.19,4,1,10,2,175,550,132,166,Approved
Institution_4117,Rural,Combined,10.06,20,5,50,15,198,600,132,557,Approved
Institution_3018,Non-Rural,UG,0.56,16,4,0,16,141,500,132,135,Not Approved
Institution_6588,Non-Rural,PG,2.23,20,5,50,10,208,550,132,493,Not Approved
Institution_3804,Rural,PG,5.13,16,4,40,16,102,450,132,436,Not Approved
Institution_4706,Rural,Diploma,8.86,20,5,0,15,141,650,132,466,Not Approved
Institution_8083,Non-Rural,PG,1.22,12,3,30,12,246,400,132,109,Not Approved
Institution_3323,Non-Rural,Diploma,1.47,12,3,0,6,69,650,132,437,Not Approved
Institution_3239,Rural,UG,13.42,16,4,0,4,227,400,132,481,Approved
Institution_6047,Non-Rural,PG,3.31,20,5,50,5,260,500,132,308,Approved
Institution_3481,Rural,Combined,7.07,12,3,30,6,208,500,132,304,Approved
Institution_4313,Rural,Combined,5.83,12,3,30,3,255,650,132,501,Approved
Institution_6238,Rural,Diploma,8.95,8,2,0,8,145,500,132,178,Not Approved
Institution_6382,Rural,Combined,10.38,12,3,30,12,238,550,132,416,Approved
Institution_2000,Non-Rural,Combined,3.89,8,2,20,2,299,500,132,551,Approved
Institution_7205,Non-Rural,Combined,2.19,16,4,40,4,237,500,132,438,Approved
Institution_8873,Non-Rural,UG,3.64,20,5,0,5,269,650,132,524,Approved
Institution_6453,Rural,UG,5.92,20,5,0,5,171,550,132,411,Not Approved
Institution_5311,Non-Rural,Diploma,1.89,4,1,0,3,237,600,132,232,Approved
Institution_7788,Non-Rural,Diploma,1.88,8,2,0,8,237,400,132,220,Approved
Institution_7473,Non-Rural,Combined,1.75,8,2,20,4,250,650,132,294,Approved
Institution_9203,Rural,Combined,13.85,4,1,10,1,249,500,132,564,Approved
Institution_5113,Rural,Diploma,8.83,16,4,0,8,181,550,132,123,Approved
Institution_9779,Non-Rural,UG,4.77,8,2,0,8,212,450,132,145,Approved
Institution_8176,Non-Rural,Diploma,1.51,4,1,0,1,269,600,132,470,Approved
Institution_9420,Non-Rural,Diploma,0.87,8,2,0,6,236,400,132,218,Not Approved
Institution_1091,Rural,UG,14.99,4,1,0,4,60,600,132,376,Not Approved
Institution_2096,Non-Rural,Combined,1.37,12,3,30,6,73,550,132,268,Not Approved
Institution_5254,Rural,Combined,12.2,12,3,30,6,204,450,132,561,Approved
Institution_4280,Non-Rural,Diploma,1.08,4,1,0,2,266,400,132,381,Not Approved
Institution_5506,Rural,Combined,12.89,16,4,40,8,102,500,132,326,Not Approved
Institution_2500,Non-Rural,Combined,3.94,16,4,40,12,193,600,132,155,Approved
Institution_2026,Non-Rural,UG,3.46,4,1,0,4,251,450,132,372,Approved
Institution_6090,Non-Rural,PG,1.27,20,5,50,5,294,600,132,600,Not Approved
Institution_9523,Rural,PG,9.86,8,2,20,4,264,600,132,574,Not Approved
Institution_6594,Non-Rural,Diploma,1.43,8,2,0,8,298,450,132,400,Not Approved
Institution_2875,Non-Rural,UG,0.95,8,2,0,2,188,500,132,260,Not Approved
Institution_2715,Non-Rural,Diploma,0.55,16,4,0,16,287,500,132,403,Not Approved
Institution_3366,Rural,UG,8.13,4,1,0,4,261,500,132,139,Not Approved
Institution_7102,Rural,Diploma,3.66,16,4,0,8,224,400,132,562,Not Approved
Institution_5911,Rural,Combined,14.41,16,4,40,8,200,600,132,105,Approved
Institution_2232,Rural,PG,12.89,8,2,20,4,182,600,132,221,Approved
Institution_1244,Rural,Diploma,8.96,8,2,0,6,266,400,132,177,Approved
Institution_8782,Rural,Diploma,3.13,4,1,0,3,242,600,132,524,Not Approved
Institution_1228,Non-Rural,PG,4.19,20,5,50,10,56,650,132,324,Not Approved
Institution_5307,Non-Rural,Combined,0.68,12,3,30,3,99,500,132,308,Not Approved
Institution_1156,Rural,Diploma,9.58,12,3,0,12,258,400,132,181,Approved
Institution_4978,Rural,UG,10.04,16,4,0,8,253,400,132,126,Approved
Institution_8202,Rural,UG,10.91,4,1,0,1,106,500,132,141,Not Approved
Institution_4914,Non-Rural,Diploma,1.04,12,3,0,12,297,450,132,259,Not Approved
Institution_2539,Non-Rural,Combined,0.82,16,4,40,8,55,500,132,550,Not Approved
Institution_3781,Non-Rural,Diploma,1.49,20,5,0,20,258,500,132,533,Not Approved
Institution_6442,Non-Rural,UG,2.38,4,1,0,3,298,600,132,104,Not Approved
Institution_7948,Rural,Combined,7.11,8,2,20,8,142,650,132,314,Not Approved
Institution_3820,Rural,PG,10.47,16,4,40,12,131,400,132,210,Not Approved
Institution_6708,Rural,Combined,8.36,12,3,30,9,96,500,132,369,Not Approved
Institution_1703,Non-Rural,PG,1.84,8,2,20,8,195,550,132,580,Not Approved
Institution_6137,Rural,Combined,13.57,4,1,10,1,161,400,132,189,Approved
Institution_9237,Non-Rural,Combined,3.71,16,4,40,12,117,650,132,455,Not Approved
Institution_4884,Rural,UG,11.02,12,3,0,9,231,450,132,144,Approved
Institution_8362,Non-Rural,UG,4.08,8,2,0,6,259,600,132,283,Approved
Institution_7123,Non-Rural,UG,4.63,4,1,0,4,240,500,132,347,Approved
Institution_6013,Non-Rural,Diploma,0.93,20,5,0,10,181,600,132,567,Not Approved
Institution_3141,Rural,UG,11.38,12,3,0,9,259,450,132,138,Approved
Institution_4638,Rural,Diploma,2.06,16,4,0,16,296,650,132,525,Not Approved
Institution_9458,Non-Rural,PG,3.52,8,2,20,2,300,550,132,259,Approved
Institution_2304,Non-Rural,PG,2.23,16,4,40,16,201,500,132,499,Not Approved
Institution_4552,Rural,PG,10.12,12,3,30,6,139,650,132,276,Not Approved
Institution_9500,Non-Rural,Diploma,1.31,12,3,0,12,169,650,132,287,Not Approved
Institution_9526,Rural,PG,5.59,12,3,30,6,112,550,132,337,Not Approved
Institution_6753,Rural,UG,6.49,12,3,0,12,131,400,132,320,Not Approved
Institution_6644,Rural,UG,7.54,16,4,0,4,260,600,132,208,Not Approved
Institution_8235,Non-Rural,UG,1.62,8,2,0,4,229,650,132,279,Not Approved
Institution_6438,Non-Rural,UG,1.2,4,1,0,1,175,400,132,572,Not Approved
Institution_9746,Non-Rural,UG,4.21,8,2,0,2,210,450,132,166,Approved
Institution_7966,Rural,UG,7.1,20,5,0,10,175,450,132,383,Not Approved
Institution_9900,Rural,PG,11.92,16,4,40,16,140,650,132,118,Not Approved
Institution_3354,Rural,Diploma,4.16,20,5,0,10,71,650,132,400,Not Approved
Institution_1374,Rural,UG,8.03,8,2,0,8,175,400,132,389,Not Approved
Institution_6763,Rural,PG,5.5,12,3,30,6,241,650,132,490,Not Approved
Institution_6934,Non-Rural,Diploma,1.31,20,5,0,10,66,500,132,217,Not Approved
Institution_7482,Rural,Combined,11.57,4,1,10,4,232,500,132,129,Approved
Institution_6361,Non-Rural,PG,2.7,4,1,10,3,128,450,132,519,Not Approved
Institution_4021,Non-Rural,UG,4.7,4,1,0,2,142,550,132,275,Not Approved
Institution_2190,Rural,UG,9.82,20,5,0,10,253,650,132,166,Not Approved
Institution_1541,Rural,PG,7.87,12,3,30,9,160,600,132,231,Not Approved
Institution_1084,Non-Rural,Combined,3.49,16,4,40,12,139,500,132,226,Not Approved
Institution_5945,Rural,Diploma,3.47,20,5,0,15,259,400,132,303,Not Approved
Institution_6923,Rural,Combined,6.0,16,4,40,4,72,500,132,244,Not Approved
Institution_1864,Rural,Combined,6.62,16,4,40,8,176,550,132,546,Approved
Institution_4567,Rural,Diploma,3.16,12,3,0,12,151,500,132,211,Not Approved
Institution_1896,Rural,UG,11.86,20,5,0,5,121,650,132,246,Not Approved
Institution_9818,Rural,Combined,8.56,16,4,40,8,248,550,132,550,Approved
Institution_1806,Non-Rural,Combined,2.56,12,3,30,9,220,600,132,549,Approved
Institution_7762,Rural,Diploma,4.33,16,4,0,16,109,500,132,190,Not Approved
Institution_8548,Rural,UG,7.43,20,5,0,10,272,600,132,492,Not Approved
Institution_2225,Rural,UG,11.35,20,5,0,10,269,450,132,582,Approved
Institution_8005,Rural,Diploma,3.14,16,4,0,4,239,650,132,479,Not Approved
Institution_7704,Rural,PG,10.77,12,3,30,6,208,500,132,384,Approved
Institution_1719,Non-Rural,Diploma,1.86,12,3,0,9,203,650,132,571,Approved
Institution_1405,Non-Rural,Combined,2.4,4,1,10,2,112,600,132,369,Not Approved
Institution_4215,Non-Rural,PG,3.47,20,5,50,5,165,400,132,509,Approved
Institution_1373,Non-Rural,PG,4.45,12,3,30,9,216,500,132,274,Approved
Institution_2996,Rural,PG,11.41,16,4,40,4,83,650,132,363,Not Approved
Institution_8653,Rural,PG,11.36,4,1,10,3,240,550,132,177,Approved
Institution_6018,Rural,UG,7.55,16,4,0,8,184,600,132,281,Not Approved
Institution_2575,Rural,PG,12.21,12,3,30,3,122,500,132,457,Not Approved
Institution_3196,Rural,PG,13.52,20,5,50,5,157,650,132,147,Approved
Institution_5904,Non-Rural,Combined,3.85,8,2,20,8,230,650,132,271,Approved
Institution_2269,Rural,Diploma,8.03,12,3,0,12,281,450,132,538,Approved
Institution_2737,Non-Rural,UG,0.57,16,4,0,12,155,600,132,154,Not Approved
Institution_1483,Rural,UG,9.59,4,1,0,2,242,450,132,487,Not Approved
Institution_4916,Non-Rural,PG,3.88,8,2,20,6,125,500,132,233,Not Approved
Institution_4135,Non-Rural,PG,1.65,4,1,10,3,276,500,132,199,Not Approved
Institution_1440,Non-Rural,PG,4.15,16,4,40,16,272,500,132,522,Approved
Institution_5087,Rural,Diploma,7.68,20,5,0,20,189,450,132,147,Approved
Institution_9665,Rural,UG,7.55,12,3,0,6,296,650,132,455,Not Approved
Institution_9177,Non-Rural,Diploma,0.56,8,2,0,6,94,450,132,427,Not Approved
Institution_6461,Non-Rural,Diploma,1.26,4,1,0,1,194,400,132,454,Not Approved
Institution_1079,Rural,Diploma,6.1,16,4,0,12,131,600,132,474,Not Approved
Institution_4007,Rural,UG,6.66,4,1,0,3,157,550,132,193,Not Approved
Institution_9384,Non-Rural,Diploma,0.94,8,2,0,6,125,550,132,262,Not Approved
Institution_6451,Non-Rural,PG,1.57,4,1,10,2,283,650,132,101,Not Approved
Institution_6531,Rural,Diploma,8.04,12,3,0,12,206,600,132,119,Approved
Institution_2880,Rural,Combined,7.09,8,2,20,4,190,600,132,108,Approved
Institution_4677,Non-Rural,Diploma,1.43,8,2,0,6,211,650,132,472,Not Approved
Institution_9755,Non-Rural,UG,4.7,4,1,0,4,184,550,132,341,Approved
Institution_4970,Non-Rural,PG,0.99,16,4,40,16,293,500,132,543,Not Approved
Institution_8589,Rural,Combined,14.91,12,3,30,12,293,600,132,230,Approved
Institution_9595,Rural,Combined,5.71,8,2,20,6,272,400,132,519,Approved
Institution_1523,Non-Rural,UG,1.62,12,3,0,6,102,450,132,229,Not Approved
Institution_2880,Rural,Combined,7.24,16,4,40,16,85,400,132,409,Not Approved
Institution_9027,Rural,Diploma,2.4,4,1,0,2,300,450,132,131,Not Approved
Institution_4179,Rural,PG,14.37,8,2,20,4,61,400,132,243,Not Approved
Institution_9368,Non-Rural,PG,4.81,16,4,40,16,176,650,132,340,Approved
Institution_7470,Rural,Diploma,6.86,4,1,0,4,166,600,132,411,Approved
Institution_7215,Non-Rural,Diploma,1.53,8,2,0,2,234,400,132,454,Approved
Institution_4339,Rural,UG,10.36,4,1,0,3,169,600,132,116,Approved
Institution_7755,Non-Rural,Combined,3.05,8,2,20,4,137,650,132,245,Not Approved
Institution_5828,Non-Rural,PG,1.57,20,5,50,15,207,550,132,313,Not Approved
Institution_9154,Non-Rural,Combined,2.11,8,2,20,6,94,500,132,103,Not Approved
Institution_1598,Non-Rural,Combined,0.72,4,1,10,1,145,550,132,570,Not Approved
Institution_9170,Rural,Diploma,3.1,20,5,0,5,202,550,132,252,Not Approved
Institution_4200,Rural,Diploma,7.59,16,4,0,12,154,650,132,579,Approved
Institution_4390,Rural,Combined,6.73,8,2,20,6,261,600,132,312,Approved
Institution_3908,Rural,Diploma,3.05,8,2,0,8,248,550,132,210,Not Approved
Institution_2496,Non-Rural,Diploma,1.49,16,4,0,4,210,400,132,358,Not Approved
Institution_1482,Rural,Combined,14.02,8,2,20,4,251,550,132,247,Approved
Institution_2810,Non-Rural,PG,4.76,16,4,40,12,198,400,132,525,Approved
Institution_1558,Rural,Diploma,4.5,12,3,0,12,231,500,132,537,Not Approved
Institution_2756,Rural,UG,5.22,8,2,0,8,281,650,132,500,Not Approved
Institution_7674,Non-Rural,UG,3.27,8,2,0,8,217,550,132,241,Approved
Institution_9720,Rural,Combined,6.52,16,4,40,8,191,400,132,571,Approved
Institution_1110,Rural,UG,6.97,8,2,0,8,239,600,132,320,Not Approved
Institution_8820,Non-Rural,UG,3.74,16,4,0,4,187,550,132,521,Approved
Institution_4039,Non-Rural,UG,1.8,4,1,0,3,285,400,132,177,Not Approved
Institution_7398,Non-Rural,Combined,2.6,16,4,40,16,115,400,132,395,Not Approved
Institution_7842,Non-Rural,UG,1.94,8,2,0,4,224,400,132,540,Not Approved
Institution_5776,Non-Rural,Diploma,0.68,20,5,0,5,58,500,132,101,Not Approved
Institution_6595,Non-Rural,Diploma,1.06,8,2,0,4,232,650,132,592,Not Approved
Institution_9295,Non-Rural,Combined,3.15,20,5,50,15,173,500,132,335,Approved
Institution_7025,Non-Rural,Combined,0.97,20,5,50,10,162,550,132,520,Approved
Institution_6006,Rural,UG,8.14,20,5,0,10,285,650,132,111,Not Approved
Institution_5119,Rural,Diploma,4.98,20,5,0,15,150,600,132,194,Not Approved
Institution_4736,Non-Rural,Diploma,1.38,12,3,0,9,176,400,132,220,Not Approved
Institution_6814,Non-Rural,PG,4.05,12,3,30,6,300,400,132,569,Approved
Institution_9433,Non-Rural,Combined,1.94,12,3,30,6,180,600,132,207,Approved
Institution_3609,Rural,PG,9.18,8,2,20,2,259,650,132,185,Not Approved
Institution_4688,Non-Rural,Combined,3.03,12,3,30,9,129,500,132,271,Not Approved
Institution_2385,Rural,UG,5.61,20,5,0,15,178,450,132,571,Not Approved
Institution_4950,Rural,PG,12.95,16,4,40,8,176,650,132,409,Approved
Institution_3476,Rural,UG,12.86,12,3,0,9,176,550,132,366,Approved
Institution_4585,Rural,PG,11.34,16,4,40,8,253,450,132,277,Approved
Institution_8634,Non-Rural,UG,2.84,8,2,0,2,176,400,132,389,Approved
Institution_1559,Rural,Combined,9.4,8,2,20,2,147,400,132,143,Not Approved
Institution_2245,Non-Rural,UG,0.83,4,1,0,3,141,550,132,473,Not Approved
Institution_5353,Non-Rural,PG,3.98,20,5,50,15,270,600,132,548,Approved
Institution_2312,Non-Rural,Combined,0.51,8,2,20,8,208,500,132,261,Approved
Institution_7620,Rural,Combined,13.95,12,3,30,9,256,500,132,509,Approved
Institution_5213,Non-Rural,UG,3.89,16,4,0,12,158,500,132,408,Approved
Institution_1553,Non-Rural,Diploma,0.57,20,5,0,5,265,400,132,449,Not Approved
Institution_6677,Non-Rural,Combined,2.24,16,4,40,4,298,500,132,378,Approved
Institution_1875,Non-Rural,UG,4.68,8,2,0,2,135,400,132,196,Not Approved
Institution_6216,Rural,Combined,11.36,20,5,50,10,77,500,132,240,Not Approved
Institution_9666,Non-Rural,UG,0.79,16,4,0,8,281,650,132,168,Not Approved
Institution_6835,Rural,PG,12.32,16,4,40,12,115,500,132,201,Not Approved
Institution_8478,Non-Rural,PG,3.23,8,2,20,4,275,550,132,490,Approved
Institution_2581,Rural,UG,10.51,20,5,0,15,131,600,132,211,Not Approved
Institution_2455,Rural,PG,5.34,12,3,30,12,294,600,132,391,Not Approved
Institution_8283,Non-Rural,PG,1.74,12,3,30,12,93,500,132,518,Not Approved
Institution_5085,Rural,PG,13.98,8,2,20,2,231,600,132,229,Approved
Institution_2885,Rural,Diploma,6.02,20,5,0,5,197,600,132,450,Approved
Institution_3780,Non-Rural,PG,0.85,12,3,30,12,66,500,132,430,Not Approved
Institution_7549,Rural,UG,8.18,16,4,0,12,66,400,132,463,Not Approved
Institution_5497,Non-Rural,Combined,0.98,8,2,20,6,84,450,132,460,Not Approved
Institution_5212,Non-Rural,UG,4.7,8,2,0,4,224,400,132,455,Approved
Institution_1971,Rural,PG,7.69,4,1,10,1,247,550,132,328,Not Approved
Institution_1485,Rural,PG,8.65,8,2,20,4,294,500,132,397,Not Approved
Institution_5892,Rural,Diploma,9.4,20,5,0,5,228,600,132,545,Approved
Institution_8070,Rural,UG,12.33,20,5,0,5,213,550,132,530,Approved
Institution_5848,Non-Rural,Diploma,1.88,8,2,0,4,126,650,132,472,Not Approved
Institution_4809,Rural,PG,10.05,12,3,30,3,205,650,132,435,Approved
Institution_2231,Rural,Diploma,2.18,8,2,0,4,236,500,132,124,Not Approved
Institution_8285,Rural,Diploma,4.28,8,2,0,4,205,400,132,468,Not Approved
Institution_3246,Non-Rural,Combined,2.46,12,3,30,6,221,450,132,245,Approved
Institution_1321,Rural,Diploma,3.92,12,3,0,6,195,400,132,404,Not Approved
Institution_8132,Non-Rural,PG,1.94,12,3,30,9,151,550,132,414,Not Approved
Institution_6152,Non-Rural,PG,0.99,8,2,20,2,192,650,132,481,Not Approved
Institution_3015,Non-Rural,Combined,3.96,12,3,30,9,198,400,132,211,Approved
Institution_4855,Rural,PG,12.32,4,1,10,1,249,500,132,394,Approved
Institution_2341,Rural,Diploma,3.37,12,3,0,9,255,650,132,577,Not Approved
Institution_1696,Rural,PG,13.23,20,5,50,10,186,600,132,413,Approved
Institution_2181,Non-Rural,UG,3.57,12,3,0,12,218,450,132,499,Approved
Institution_6139,Rural,Diploma,4.33,20,5,0,20,213,450,132,170,Not Approved
Institution_1181,Non-Rural,Diploma,1.21,12,3,0,3,140,400,132,109,Not Approved
Institution_2780,Rural,Combined,9.78,8,2,20,6,163,500,132,390,Approved
Institution_5047,Rural,PG,5.8,4,1,10,2,267,550,132,430,Not Approved
Institution_8830,Non-Rural,PG,4.56,4,1,10,1,106,500,132,407,Not Approved
Institution_1527,Non-Rural,PG,1.79,4,1,10,2,199,500,132,180,Not Approved
Institution_2235,Non-Rural,PG,3.43,12,3,30,3,138,500,132,455,Not Approved
Institution_3814,Rural,Diploma,7.96,20,5,0,5,295,400,132,114,Approved
Institution_9573,Non-Rural,Diploma,1.77,8,2,0,8,293,400,132,573,Approved
Institution_8255,Non-Rural,PG,2.84,8,2,20,8,197,500,132,310,Approved
Institution_8568,Non-Rural,Combined,2.54,12,3,30,9,240,600,132,396,Approved
Institution_6104,Rural,Combined,12.19,8,2,20,4,269,550,132,581,Approved
Institution_1968,Rural,Combined,8.89,4,1,10,1,166,600,132,424,Approved
Institution_5241,Rural,Combined,11.49,20,5,50,15,246,650,132,566,Approved
Institution_7810,Rural,PG,10.12,16,4,40,16,256,500,132,107,Approved
Institution_2733,Rural,Diploma,7.25,20,5,0,10,53,450,132,595,Not Approved
Institution_8459,Rural,Combined,5.69,8,2,20,2,218,550,132,196,Approved
Institution_3536,Rural,PG,7.59,4,1,10,2,298,400,132,145,Not Approved
Institution_2562,Non-Rural,UG,1.39,20,5,0,10,268,450,132,386,Not Approved
Institution_9738,Non-Rural,PG,1.2,16,4,40,16,242,500,132,317,Not Approved
Institution_3393,Non-Rural,PG,3.89,20,5,50,15,277,650,132,348,Approved
Institution_1140,Rural,PG,9.23,8,2,20,6,108,450,132,176,Not Approved
Institution_8470,Non-Rural,Combined,0.92,16,4,40,8,166,500,132,480,Approved
Institution_1575,Non-Rural,UG,5.0,8,2,0,2,240,500,132,586,Approved
Institution_1699,Rural,Combined,10.62,20,5,50,10,96,450,132,197,Not Approved
Institution_8952,Rural,PG,6.22,4,1,10,1,167,600,132,251,Not Approved
Institution_7715,Rural,Combined,13.59,4,1,10,2,277,600,132,451,Approved
Institution_1988,Non-Rural,Combined,4.53,8,2,20,6,137,400,132,246,Not Approved
Institution_8945,Non-Rural,PG,3.22,12,3,30,6,215,550,132,208,Approved
Institution_9766,Non-Rural,UG,2.97,4,1,0,1,281,600,132,368,Approved
Institution_7849,Rural,Diploma,7.34,16,4,0,12,124,650,132,199,Not Approved
Institution_7093,Rural,PG,8.27,16,4,40,4,172,400,132,317,Not Approved
Institution_8107,Non-Rural,UG,4.17,8,2,0,2,212,400,132,299,Approved
Institution_2198,Rural,UG,14.71,4,1,0,4,250,400,132,555,Approved
Institution_9390,Rural,Diploma,2.58,16,4,0,8,271,500,132,239,Not Approved
Institution_1432,Non-Rural,PG,2.51,4,1,10,4,261,650,132,389,Approved
Institution_2250,Non-Rural,Diploma,0.94,20,5,0,10,238,650,132,397,Not Approved
Institution_7755,Rural,Combined,9.68,4,1,10,2,99,550,132,239,Not Approved
Institution_6207,Non-Rural,Diploma,1.88,4,1,0,3,286,500,132,172,Approved
Institution_6163,Non-Rural,Combined,4.1,16,4,40,16,186,550,132,274,Approved
Institution_1581,Non-Rural,Combined,4.44,20,5,50,5,222,650,132,414,Approved
Institution_6860,Non-Rural,PG,2.52,16,4,40,12,244,550,132,307,Approved
Institution_6539,Non-Rural,UG,3.12,12,3,0,9,218,500,132,261,Approved
Institution_1464,Rural,Combined,11.41,16,4,40,8,168,500,132,586,Approved
Institution_5711,Rural,Combined,9.08,20,5,50,5,102,600,132,141,Not Approved
Institution_3908,Rural,Combined,12.56,12,3,30,6,245,500,132,546,Approved
Institution_2920,Non-Rural,PG,4.77,8,2,20,8,285,550,132,480,Approved
Institution_1759,Rural,Combined,11.55,16,4,40,4,165,600,132,114,Approved
Institution_9335,Rural,PG,12.12,16,4,40,16,155,500,132,313,Approved
Institution_5884,Rural,Combined,14.16,8,2,20,6,206,400,132,320,Approved
Institution_7040,Non-Rural,PG,2.81,12,3,30,9,103,500,132,144,Not Approved
Institution_4574,Rural,PG,7.63,20,5,50,20,115,600,132,336,Not Approved
Institution_6563,Rural,UG,12.33,12,3,0,3,152,650,132,151,Approved
Institution_9582,Non-Rural,UG,1.04,4,1,0,4,201,500,132,290,Not Approved
Institution_3776,Rural,Combined,7.74,16,4,40,12,187,450,132,377,Approved
Institution_8449,Rural,PG,6.68,12,3,30,6,91,550,132,279,Not Approved
Institution_9404,Rural,UG,5.33,20,5,0,20,292,450,132,468,Not Approved
Institution_3724,Rural,Diploma,9.73,20,5,0,10,203,550,132,217,Approved
Institution_5450,Rural,Diploma,9.25,8,2,0,8,297,450,132,555,Approved
Institution_9688,Non-Rural,Combined,3.82,8,2,20,4,168,650,132,528,Approved
Institution_1587,Rural,Combined,6.1,8,2,20,2,291,650,132,548,Approved
Institution_2708,Non-Rural,UG,3.34,12,3,0,12,182,450,132,381,Approved
Institution_6972,Non-Rural,Combined,3.76,20,5,50,20,54,650,132,548,Not Approved
Institution_9162,Rural,Diploma,3.93,20,5,0,15,196,650,132,319,Not Approved
Institution_4219,Rural,Diploma,5.09,4,1,0,4,63,600,132,145,Not Approved
Institution_2226,Rural,PG,14.47,12,3,30,6,282,500,132,227,Approved
Institution_9466,Non-Rural,Combined,2.01,4,1,10,4,184,550,132,372,Approved
Institution_6668,Non-Rural,PG,1.63,8,2,20,2,95,600,132,428,Not Approved
Institution_7644,Rural,Combined,13.36,12,3,30,6,152,650,132,530,Approved
Institution_7711,Rural,Diploma,4.88,8,2,0,2,210,550,132,395,Not Approved
Institution_4313,Non-Rural,PG,3.14,20,5,50,15,205,500,132,472,Approved
Institution_6198,Non-Rural,UG,0.63,4,1,0,3,105,400,132,375,Not Approved
Institution_7913,Rural,PG,5.63,20,5,50,20,122,550,132,541,Not Approved
Institution_2868,Rural,Diploma,9.48,20,5,0,20,259,550,132,572,Approved
Institution_8404,Rural,Diploma,2.74,8,2,0,4,220,550,132,174,Not Approved
Institution_3672,Non-Rural,UG,4.93,16,4,0,16,185,550,132,556,Approved
Institution_1062,Rural,PG,9.22,4,1,10,4,270,550,132,487,Not Approved
Institution_6871,Rural,Diploma,8.32,4,1,0,4,157,550,132,100,Approved
Institution_8364,Non-Rural,Diploma,0.85,20,5,0,15,197,650,132,441,Not Approved
Institution_2277,Non-Rural,Diploma,1.09,8,2,0,2,148,400,132,239,Not Approved
Institution_6206,Non-Rural,Diploma,1.33,12,3,0,12,66,500,132,168,Not Approved
Institution_6049,Rural,PG,13.03,8,2,20,4,258,450,132,326,Approved
Institution_4706,Non-Rural,UG,3.18,8,2,0,8,188,600,132,598,Approved
Institution_6754,Non-Rural,Combined,4.66,16,4,40,8,174,450,132,449,Approved
Institution_3667,Rural,UG,11.64,12,3,0,12,76,600,132,203,Not Approved
Institution_9935,Rural,PG,7.42,12,3,30,6,258,450,132,582,Not Approved
Institution_7454,Rural,Combined,9.52,8,2,20,8,71,450,132,216,Not Approved
Institution_1079,Rural,Diploma,5.58,8,2,0,6,145,550,132,350,Not Approved
Institution_4029,Non-Rural,PG,2.02,8,2,20,8,169,450,132,423,Not Approved
Institution_2079,Rural,Diploma,7.1,12,3,0,12,120,450,132,172,Not Approved
Institution_1862,Non-Rural,UG,1.22,4,1,0,1,257,550,132,586,Not Approved
Institution_6906,Rural,Diploma,7.26,8,2,0,6,151,600,132,255,Approved
Institution_1252,Non-Rural,Combined,1.65,8,2,20,4,160,400,132,392,Approved
Institution_3899,Non-Rural,Combined,2.1,4,1,10,2,53,400,132,102,Not Approved
Institution_7483,Rural,Combined,12.57,4,1,10,2,223,400,132,474,Approved
Institution_4073,Non-Rural,Combined,1.94,16,4,40,4,64,600,132,312,Not Approved
Institution_8036,Non-Rural,Combined,2.07,20,5,50,10,192,450,132,543,Approved
Institution_5174,Rural,Combined,14.3,8,2,20,6,181,600,132,453,Approved
Institution_9598,Rural,UG,12.17,20,5,0,10,221,500,132,533,Approved
Institution_6011,Non-Rural,Combined,4.55,8,2,20,4,89,500,132,172,Not Approved
Institution_3779,Non-Rural,Combined,2.19,20,5,50,5,272,400,132,106,Approved
Institution_7599,Rural,PG,12.5,16,4,40,8,260,450,132,390,Approved
Institution_9980,Rural,UG,13.33,12,3,0,9,139,550,132,115,Not Approved
Institution_5364,Non-Rural,Diploma,1.06,16,4,0,4,258,650,132,463,Not Approved
Institution_5496,Non-Rural,Diploma,0.71,8,2,0,6,114,450,132,479,Not Approved
Institution_7484,Rural,PG,14.27,12,3,30,6,298,600,132,462,Approved
Institution_3295,Rural,Combined,5.83,16,4,40,12,200,450,132,505,Approved
Institution_7741,Rural,Diploma,6.71,8,2,0,6,103,500,132,148,Not Approved
Institution_1941,Non-Rural,Diploma,1.69,16,4,0,8,191,650,132,289,Approved
Institution_1637,Non-Rural,Diploma,0.71,4,1,0,4,186,500,132,433,Not Approved
Institution_9232,Rural,UG,5.35,4,1,0,4,279,450,132,592,Not Approved
Institution_5262,Rural,UG,6.63,16,4,0,8,166,550,132,403,Not Approved
Institution_8880,Rural,UG,14.94,16,4,0,4,104,500,132,424,Not Approved
Institution_8794,Non-Rural,UG,1.01,4,1,0,1,130,400,132,269,Not Approved
Institution_7874,Rural,Diploma,5.96,12,3,0,6,167,650,132,271,Approved
Institution_2081,Non-Rural,Combined,3.5,8,2,20,4,163,450,132,400,Approved
Institution_6777,Non-Rural,PG,3.6,16,4,40,4,164,450,132,346,Approved
Institution_3291,Rural,Combined,14.05,4,1,10,1,187,550,132,104,Approved
Institution_4700,Rural,UG,6.36,16,4,0,12,170,500,132,360,Not Approved
Institution_7604,Rural,UG,11.65,16,4,0,16,202,600,132,234,Approved
Institution_3677,Non-Rural,Combined,1.2,4,1,10,1,284,650,132,153,Approved
Institution_4211,Non-Rural,Diploma,1.8,8,2,0,2,298,500,132,359,Approved
Institution_2455,Non-Rural,Diploma,1.06,20,5,0,20,240,450,132,304,Not Approved
Institution_9434,Rural,PG,5.49,16,4,40,12,293,400,132,144,Not Approved
Institution_4922,Rural,PG,13.89,8,2,20,8,191,500,132,238,Approved
Institution_5871,Non-Rural,Diploma,1.19,4,1,0,1,111,450,132,302,Not Approved
Institution_9282,Non-Rural,PG,3.2,16,4,40,16,225,550,132,371,Approved
Institution_3631,Non-Rural,Diploma,1.23,12,3,0,12,139,600,132,503,Not Approved
Institution_4715,Rural,Combined,13.38,8,2,20,2,83,500,132,415,Not Approved
Institution_2088,Non-Rural,Combined,3.25,12,3,30,12,50,650,132,123,Not Approved
Institution_3745,Non-Rural,Combined,4.74,8,2,20,8,69,550,132,576,Not Approved
Institution_1230,Non-Rural,UG,2.96,20,5,0,20,139,500,132,567,Not Approved
Institution_5266,Non-Rural,UG,2.12,8,2,0,8,252,450,132,276,Not Approved
Institution_7881,Non-Rural,Diploma,1.32,12,3,0,6,50,600,132,254,Not Approved
Institution_7129,Non-Rural,Diploma,0.7,8,2,0,6,150,400,132,334,Not Approved
Institution_6128,Non-Rural,Combined,1.7,16,4,40,16,206,400,132,385,Approved
Institution_5976,Rural,PG,5.26,20,5,50,5,216,400,132,129,Not Approved
Institution_4230,Rural,Diploma,9.44,4,1,0,3,59,600,132,202,Not Approved
Institution_9606,Non-Rural,Combined,1.47,4,1,10,4,162,400,132,176,Approved
Institution_4362,Rural,UG,7.38,12,3,0,9,122,400,132,335,Not Approved
Institution_5750,Non-Rural,PG,1.23,8,2,20,4,250,400,132,409,Not Approved
Institution_8933,Non-Rural,Diploma,1.51,8,2,0,4,125,500,132,593,Not Approved
Institution_3818,Non-Rural,UG,2.74,8,2,0,8,207,650,132,400,Approved
Institution_4591,Rural,UG,7.55,8,2,0,8,296,500,132,423,Not Approved
Institution_2659,Non-Rural,PG,4.06,4,1,10,2,161,650,132,225,Approved
Institution_8376,Non-Rural,Diploma,1.54,20,5,0,5,91,400,132,186,Not Approved
Institution_1708,Rural,UG,6.13,12,3,0,6,114,450,132,588,Not Approved
Institution_6221,Rural,UG,5.36,20,5,0,20,262,650,132,581,Not Approved
Institution_3084,Rural,Combined,11.84,20,5,50,20,61,450,132,354,Not Approved
Institution_2817,Rural,UG,14.8,4,1,0,1,65,400,132,480,Not Approved
Institution_1937,Non-Rural,PG,2.49,20,5,50,5,146,450,132,168,Not Approved
Institution_8541,Rural,UG,5.56,8,2,0,6,175,550,132,364,Not Approved
Institution_6063,Rural,UG,6.47,12,3,0,9,231,450,132,409,Not Approved
Institution_4653,Non-Rural,UG,2.54,8,2,0,2,69,550,132,409,Not Approved
Institution_2319,Non-Rural,PG,3.81,12,3,30,6,167,600,132,101,Approved
Institution_6763,Non-Rural,Diploma,0.97,12,3,0,12,178,650,132,578,Not Approved
Institution_4441,Rural,Combined,14.79,4,1,10,3,174,600,132,159,Approved
Institution_8269,Rural,PG,5.92,16,4,40,12,167,650,132,315,Not Approved
Institution_3209,Rural,Diploma,6.51,12,3,0,9,236,450,132,118,Approved
Institution_6063,Rural,UG,8.68,16,4,0,8,195,450,132,274,Not Approved
Institution_2038,Rural,Combined,12.11,8,2,20,6,69,650,132,460,Not Approved
Institution_6062,Rural,PG,11.62,4,1,10,4,108,550,132,381,Not Approved
Institution_6205,Non-Rural,Combined,2.4,16,4,40,8,63,400,132,164,Not Approved
Institution_9000,Rural,UG,6.97,8,2,0,8,96,600,132,320,Not Approved
Institution_9001,Non-Rural,UG,4.72,20,5,0,20,80,650,132,551,Not Approved
Institution_9002,Rural,UG,11.64,12,3,0,12,153,600,132,203,Approved
Institution_9003,Rural,PG,5.17,12,3,30,9,209,550,132,319,Not Approved
Institution_9004,Non-Rural,Combined,3.88,12,3,30,6,146,450,132,326,Not Approved
Institution_9005,Non-Rural,Diploma,1.3,8,2,0,2,142,550,132,278,Not Approved
Institution_9006,Non-Rural,Combined,1.74,20,5,50,15,293,450,132,210,Approved
Institution_9007,Non-Rural,UG,2.26,12,3,0,3,207,550,132,204,Not Approved
Institution_9008,Rural,UG,7.72,8,2,0,8,283,400,132,147,Not Approved
Institution_9009,Non-Rural,UG,2.45,12,3,0,3,173,600,132,382,Not Approved
Institution_9010,Non-Rural,UG,2.95,20,5,0,20,132,550,132,450,Not Approved
Institution_9011,Non-Rural,Diploma,1.0,8,2,0,2,180,650,132,433,Not Approved
Institution_9012,Non-Rural,Diploma,1.13,16,4,0,16,272,600,132,284,Not Approved
Institution_9013,Rural,UG,8.18,16,4,0,12,76,400,132,463,Not Approved
Institution_9014,Rural,Combined,5.69,8,2,20,2,218,550,132,196,Approved
Institution_9015,Non-Rural,UG,4.64,16,4,0,16,299,550,132,277,Approved
Institution_9016,Non-Rural,UG,4.75,4,1,0,3,204,550,132,570,Approved
Institution_9017,Non-Rural,UG,1.04,4,1,0,4,201,500,132,290,Not Approved
Institution_9018,Rural,PG,9.82,12,3,30,3,271,500,132,137,Not Approved
Institution_9019,Non-Rural,PG,2.72,8,2,20,4,215,400,132,314,Approved
Institution_9020,Rural,UG,7.1,4,1,0,3,207,450,132,572,Not Approved
Institution_9021,Non-Rural,Diploma,0.7,8,2,0,6,150,400,132,334,Not Approved
Institution_9022,Rural,PG,7.93,12,3,30,3,248,450,132,395,Not Approved
Institution_9023,Non-Rural,PG,3.53,4,1,10,1,267,450,132,450,Approved
Institution_9024,Non-Rural,Combined,2.99,4,1,10,3,195,650,132,108,Approved
Institution_9025,Non-Rural,Combined,4.77,8,2,20,8,157,650,132,506,Approved
Institution_9026,Non-Rural,UG,1.26,12,3,0,3,89,600,132,467,Not Approved
Institution_9027,Non-Rural,UG,3.86,20,5,0,15,141,450,132,213,Not Approved
Institution_9028,Rural,UG,9.82,20,5,0,10,253,650,132,166,Not Approved
Institution_9029,Rural,Combined,9.5,4,1,10,4,140,600,132,307,Not Approved
Institution_9030,Non-Rural,Combined,3.03,12,3,30,3,288,450,132,221,Approved
Institution_9031,Rural,PG,9.65,12,3,30,9,294,600,132,410,Not Approved
Institution_9032,Rural,PG,6.14,8,2,20,6,254,500,132,441,Not Approved
Institution_9033,Rural,Combined,13.57,4,1,10,1,161,400,132,189,Approved
Institution_9034,Non-Rural,PG,4.84,12,3,30,3,56,600,132,401,Not Approved
Institution_9035,Non-Rural,Combined,3.45,12,3,30,12,201,450,132,164,Approved
Institution_9036,Non-Rural,PG,2.72,8,2,20,4,215,400,132,314,Approved
Institution_9037,Non-Rural,Diploma,1.93,4,1,0,2,168,650,132,355,Approved
Institution_9038,Rural,Combined,10.27,20,5,50,20,287,400,132,297,Approved
Institution_9039,Non-Rural,PG,2.6,16,4,40,16,206,400,132,300,Approved
Institution_9040,Non-Rural,UG,4.62,16,4,0,12,126,500,132,519,Not Approved
Institution_9041,Non-Rural,PG,0.94,4,1,10,3,110,400,132,309,Not Approved
Institution_9042,Rural,Diploma,7.64,20,5,0,20,122,400,132,353,Not Approved
Institution_9043,Rural,Diploma,7.98,8,2,0,8,259,450,132,403,Approved
Institution_9044,Rural,Combined,11.36,20,5,50,10,223,500,132,240,Approved
Institution_9045,Rural,UG,8.68,16,4,0,8,195,450,132,274,Not Approved
Institution_9046,Rural,UG,12.6,20,5,0,15,86,650,132,458,Not Approved
Institution_9047,Rural,UG,9.23,20,5,0,5,214,650,132,406,Not Approved
Institution_9048,Non-Rural,PG,2.96,4,1,10,4,273,500,132,570,Approved
Institution_9049,Non-Rural,Diploma,1.93,4,1,0,2,168,650,132,355,Approved
Institution_9050,Rural,UG,8.14,4,1,0,4,68,400,132,214,Not Approved
Institution_9051,Non-Rural,Combined,2.46,12,3,30,6,221,450,132,245,Approved
Institution_9052,Non-Rural,PG,1.64,20,5,50,20,121,400,132,246,Not Approved
Institution_9053,Non-Rural,UG,2.69,12,3,0,6,266,600,132,492,Approved
Institution_9054,Rural,Diploma,4.28,8,2,0,4,205,400,132,468,Not Approved
Institution_9055,Rural,Combined,10.06,20,5,50,15,198,600,132,557,Approved
Institution_9056,Non-Rural,PG,1.74,12,3,30,12,249,500,132,518,Not Approved
Institution_9057,Rural,UG,6.13,12,3,0,6,145,450,132,588,Not Approved
Institution_9058,Non-Rural,UG,4.7,4,1,0,2,250,550,132,273,Approved
Institution_9059,Non-Rural,PG,4.47,16,4,40,12,276,650,132,132,Approved
Institution_9060,Non-Rural,Diploma,1.0,8,2,0,2,180,650,132,433,Not Approved
Institution_9061,Non-Rural,Diploma,0.54,12,3,0,9,300,650,132,416,Not Approved
Institution_9062,Non-Rural,PG,1.2,16,4,40,16,242,500,132,317,Not Approved
Institution_9063,Rural,UG,10.05,8,2,0,4,124,550,132,498,Not Approved
Institution_9064,Non-Rural,PG,4.76,16,4,40,12,198,400,132,525,Approved
Institution_9065,Non-Rural,Diploma,0.54,8,2,0,6,119,500,132,557,Not Approved
Institution_9066,Non-Rural,PG,1.23,8,2,20,4,82,400,132,409,Not Approved
Institution_9067,Non-Rural,Combined,1.91,8,2,20,4,60,500,132,449,Not Approved
Institution_9068,Rural,PG,7.2,4,1,10,3,205,450,132,151,Not Approved
Institution_9069,Rural,UG,13.93,12,3,0,3,238,400,132,514,Approved
Institution_9070,Rural,PG,7.87,12,3,30,9,160,600,132,231,Not Approved
Institution_9071,Rural,UG,12.33,12,3,0,3,152,650,132,151,Approved
Institution_9072,Non-Rural,PG,2.7,4,1,10,3,211,450,132,519,Approved
Institution_9073,Non-Rural,Diploma,1.17,8,2,0,8,78,550,132,401,Not Approved
Institution_9074,Non-Rural,Diploma,0.55,16,4,0,16,61,500,132,403,Not Approved
Institution_9075,Rural,Combined,13.21,16,4,40,16,213,400,132,567,Approved
Institution_9076,Rural,PG,12.5,16,4,40,8,260,450,132,390,Approved
Institution_9077,Non-Rural,Combined,4.47,16,4,40,12,267,550,132,513,Approved
Institution_9078,Rural,UG,10.36,4,1,0,3,103,600,132,116,Not Approved
Institution_9079,Rural,UG,7.55,12,3,0,6,296,650,132,455,Not Approved
Institution_9080,Non-Rural,Combined,4.63,8,2,20,4,87,400,132,302,Not Approved
Institution_9081,Rural,UG,7.96,8,2,0,2,237,500,132,414,Not Approved
Institution_9082,Non-Rural,Diploma,1.09,8,2,0,2,294,400,132,239,Not Approved
Institution_9083,Rural,UG,5.22,8,2,0,8,115,650,132,500,Not Approved
Institution_9084,Rural,Diploma,7.16,16,4,0,4,66,450,132,174,Not Approved
Institution_9085,Rural,Combined,10.38,20,5,50,20,56,600,132,251,Not Approved
Institution_9086,Non-Rural,Diploma,1.96,4,1,0,3,257,650,132,571,Approved
Institution_9087,Rural,Diploma,4.69,4,1,0,4,289,550,132,294,Not Approved
Institution_9088,Non-Rural,UG,1.62,8,2,0,4,94,650,132,279,Not Approved
Institution_9089,Rural,UG,14.94,12,3,0,12,184,600,132,331,Approved
Institution_9090,Rural,UG,10.83,4,1,0,4,177,650,132,494,Approved
Institution_9091,Rural,Diploma,2.78,8,2,0,4,205,550,132,521,Not Approved
Institution_9092,Non-Rural,PG,1.81,8,2,20,6,263,550,132,437,Not Approved
Institution_9093,Non-Rural,Combined,2.14,12,3,30,12,271,400,132,161,Approved
Institution_9094,Non-Rural,PG,2.84,8,2,20,8,118,500,132,310,Not Approved
Institution_9095,Non-Rural,UG,3.86,12,3,0,3,195,650,132,294,Approved
Institution_9096,Rural,UG,13.43,20,5,0,5,88,500,132,195,Not Approved
Institution_9097,Rural,PG,10.29,8,2,20,8,127,650,132,551,Not Approved
Institution_9098,Rural,Diploma,6.53,8,2,0,8,202,600,132,536,Approved
Institution_9099,Non-Rural,UG,4.68,8,2,0,2,62,400,132,196,Not Approved
Institution_9100,Non-Rural,Diploma,0.54,12,3,0,9,300,650,132,416,Not Approved
Institution_9101,Non-Rural,Diploma,1.04,20,5,0,10,99,650,132,272,Not Approved
Institution_9102,Non-Rural,Diploma,0.85,20,5,0,15,197,650,132,441,Not Approved
Institution_9103,Non-Rural,UG,2.9,16,4,0,8,269,400,132,460,Approved
Institution_9104,Non-Rural,Diploma,1.61,12,3,0,3,155,450,132,440,Approved
Institution_9105,Non-Rural,UG,2.95,20,5,0,20,108,550,132,450,Not Approved
Institution_9106,Non-Rural,Diploma,1.23,12,3,0,12,113,600,132,503,Not Approved
Institution_9107,Non-Rural,Diploma,1.37,20,5,0,15,179,450,132,316,Not Approved
Institution_9108,Non-Rural,Diploma,0.93,20,5,0,10,181,600,132,567,Not Approved
Institution_9109,Non-Rural,PG,2.23,20,5,50,10,208,550,132,493,Not Approved
Institution_9110,Non-Rural,Combined,2.25,8,2,20,8,156,550,132,373,Approved
Institution_9111,Rural,PG,13.4,16,4,40,8,52,400,132,269,Not Approved
Institution_9112,Rural,PG,10.47,16,4,40,12,132,400,132,210,Not Approved
Institution_9113,Rural,UG,10.83,4,1,0,4,177,650,132,494,Approved
Institution_9114,Rural,Diploma,4.33,16,4,0,16,142,500,132,190,Not Approved
Institution_9115,Rural,Diploma,4.33,12,3,0,9,205,600,132,501,Not Approved
Institution_9116,Non-Rural,PG,3.22,12,3,30,6,71,550,132,208,Not Approved
Institution_9117,Rural,Combined,10.27,20,5,50,20,287,400,132,297,Approved
Institution_9118,Rural,UG,5.61,20,5,0,15,178,450,132,571,Not Approved
Institution_9119,Rural,UG,10.91,4,1,0,1,193,500,132,141,Approved
Institution_9120,Rural,Combined,13.59,4,1,10,2,277,600,132,451,Approved
Institution_9121,Rural,Combined,5.75,20,5,50,15,251,550,132,464,Approved
Institution_9122,Non-Rural,PG,1.44,20,5,50,15,242,550,132,450,Not Approved
Institution_9123,Rural,UG,8.68,16,4,0,8,195,450,132,274,Not Approved
Institution_9124,Non-Rural,UG,3.86,12,3,0,3,195,650,132,294,Approved
Institution_9125,Rural,Combined,10.38,12,3,30,12,62,550,132,416,Not Approved
Institution_9126,Rural,Diploma,2.52,12,3,0,6,258,500,132,282,Not Approved
Institution_9127,Non-Rural,UG,1.78,4,1,0,4,221,550,132,335,Not Approved
Institution_9128,Non-Rural,Combined,4.52,8,2,20,2,74,500,132,423,Not Approved
Institution_9129,Rural,UG,14.4,4,1,0,1,293,500,132,452,Approved
Institution_9130,Non-Rural,Diploma,1.38,12,3,0,9,176,400,132,220,Not Approved
Institution_9131,Non-Rural,Combined,0.64,16,4,40,4,300,600,132,191,Approved
Institution_9132,Rural,PG,12.15,20,5,50,5,168,400,132,446,Approved
Institution_9133,Non-Rural,PG,3.45,4,1,10,2,127,400,132,574,Not Approved
Institution_9134,Non-Rural,Diploma,1.96,4,1,0,3,54,500,132,260,Not Approved
Institution_9135,Non-Rural,Diploma,1.51,4,1,0,1,269,600,132,470,Approved
Institution_9136,Non-Rural,Combined,3.08,20,5,50,20,206,500,132,367,Approved
Institution_9137,Non-Rural,Combined,3.06,8,2,20,6,193,400,132,175,Approved
Institution_9138,Rural,PG,11.41,16,4,40,4,179,650,132,363,Approved
Institution_9139,Non-Rural,Combined,4.74,8,2,20,8,186,550,132,576,Approved
Institution_9140,Rural,Combined,6.91,12,3,30,6,104,500,132,319,Not Approved
Institution_9141,Non-Rural,Combined,3.88,12,3,30,6,142,450,132,326,Not Approved
Institution_9142,Rural,Combined,8.86,4,1,10,4,229,500,132,253,Approved
Institution_9143,Non-Rural,Combined,3.31,4,1,10,1,209,400,132,346,Approved
Institution_9144,Rural,Diploma,8.32,4,1,0,4,114,550,132,100,Not Approved
Institution_9145,Non-Rural,UG,1.31,20,5,0,10,176,400,132,199,Not Approved
Institution_9146,Rural,Diploma,3.16,12,3,0,12,77,500,132,211,Not Approved
Institution_9147,Rural,PG,6.5,4,1,10,4,229,450,132,427,Not Approved
Institution_9148,Non-Rural,PG,1.34,8,2,20,4,191,650,132,215,Not Approved
Institution_9149,Rural,Diploma,8.32,4,1,0,4,157,550,132,100,Approved
Institution_9150,Rural,PG,13.89,8,2,20,8,59,500,132,238,Not Approved
Institution_9151,Rural,Diploma,3.37,12,3,0,9,78,650,132,577,Not Approved
Institution_9152,Non-Rural,PG,2.81,12,3,30,9,239,500,132,144,Approved
Institution_9153,Rural,Combined,14.91,12,3,30,12,293,600,132,230,Approved
Institution_9154,Rural,PG,10.12,16,4,40,16,256,500,132,107,Approved
Institution_9155,Rural,UG,7.55,8,2,0,8,296,500,132,423,Not Approved
Institution_9156,Rural,PG,7.69,16,4,40,4,93,600,132,257,Not Approved
Institution_9157,Non-Rural,UG,2.68,16,4,0,16,225,550,132,202,Approved
Institution_9158,Rural,Combined,13.82,16,4,40,8,239,500,132,422,Approved
Institution_9159,Rural,UG,10.51,20,5,0,15,269,600,132,211,Approved
Institution_9160,Rural,PG,12.95,20,5,50,20,153,500,132,350,Approved
Institution_9161,Non-Rural,PG,2.23,12,3,30,9,70,450,132,252,Not Approved
Institution_9162,Rural,Combined,11.76,20,5,50,10,187,400,132,338,Approved
Institution_9163,Rural,PG,8.22,12,3,30,3,135,650,132,311,Not Approved
Institution_9164,Rural,UG,7.43,20,5,0,10,272,600,132,492,Not Approved
Institution_9165,Non-Rural,Combined,1.23,20,5,50,20,147,650,132,265,Not Approved
Institution_9166,Rural,Diploma,6.16,12,3,0,3,257,650,132,198,Approved
Institution_9167,Rural,PG,14.7,4,1,10,2,261,450,132,530,Approved
Institution_9168,Non-Rural,Diploma,0.53,20,5,0,15,50,600,132,174,Not Approved
Institution_9169,Non-Rural,PG,1.94,12,3,30,9,71,550,132,414,Not Approved
Institution_9170,Rural,UG,13.44,4,1,0,3,119,450,132,452,Not Approved
Institution_9171,Rural,PG,9.22,8,2,20,6,291,650,132,491,Not Approved
Institution_9172,Non-Rural,Combined,3.88,12,3,30,6,118,450,132,326,Not Approved
Institution_9173,Non-Rural,Combined,4.11,8,2,20,2,103,550,132,367,Not Approved
Institution_9174,Rural,UG,8.03,8,2,0,8,175,400,132,389,Not Approved
Institution_9175,Rural,Diploma,6.9,16,4,0,12,190,550,132,330,Approved
Institution_9176,Rural,UG,8.57,12,3,0,3,60,550,132,312,Not Approved
Institution_9177,Rural,Diploma,5.18,12,3,0,3,97,500,132,356,Not Approved
Institution_9178,Rural,PG,5.34,12,3,30,12,74,600,132,391,Not Approved
Institution_9179,Non-Rural,UG,3.63,20,5,0,20,177,650,132,231,Approved
Institution_9180,Rural,UG,5.33,20,5,0,20,292,450,132,468,Not Approved
Institution_9181,Rural,UG,5.92,20,5,0,5,171,550,132,411,Not Approved
Institution_9182,Rural,Diploma,2.58,16,4,0,8,87,500,132,239,Not Approved
Institution_9183,Non-Rural,Combined,3.71,16,4,40,12,179,650,132,455,Approved
Institution_9184,Non-Rural,Diploma,0.73,8,2,0,6,282,450,132,589,Not Approved
Institution_9185,Non-Rural,UG,4.35,8,2,0,2,92,500,132,566,Not Approved
Institution_9186,Non-Rural,UG,4.93,16,4,0,16,185,550,132,556,Approved
Institution_9187,Rural,Diploma,7.64,20,5,0,20,52,400,132,353,Not Approved
Institution_9188,Non-Rural,Combined,2.99,4,1,10,3,58,650,132,108,Not Approved
Institution_9189,Non-Rural,Combined,0.96,12,3,30,12,212,650,132,545,Approved
Institution_9190,Rural,Combined,14.02,8,2,20,4,132,550,132,247,Not Approved
Institution_9191,Non-Rural,Diploma,0.66,8,2,0,6,147,400,132,397,Not Approved
Institution_9192,Non-Rural,UG,2.18,16,4,0,4,255,550,132,481,Not Approved
Institution_9193,Non-Rural,Diploma,1.89,4,1,0,3,237,600,132,232,Approved
Institution_9194,Rural,UG,10.01,20,5,0,10,192,550,132,541,Approved
Institution_9195,Non-Rural,PG,2.49,20,5,50,5,220,450,132,168,Not Approved
Institution_9196,Non-Rural,UG,4.08,8,2,0,6,123,600,132,283,Not Approved
Institution_9197,Rural,Combined,10.55,20,5,50,15,57,550,132,178,Not Approved
Institution_9198,Non-Rural,PG,1.63,8,2,20,2,144,600,132,428,Not Approved
Institution_9199,Rural,PG,12.21,12,3,30,3,68,500,132,457,Not Approved
Institution_9200,Non-Rural,Combined,3.84,16,4,40,8,267,600,132,238,Approved
Institution_9201,Non-Rural,Combined,3.76,20,5,50,20,217,650,132,548,Approved
Institution_9202,Non-Rural,PG,4.06,4,1,10,2,161,650,132,225,Approved
Institution_9203,Rural,Diploma,7.98,8,2,0,8,127,450,132,403,Not Approved
Institution_9204,Non-Rural,Combined,4.72,4,1,10,1,222,550,132,532,Approved
Institution_9205,Non-Rural,Combined,3.96,12,3,30,9,198,400,132,211,Approved
Institution_9206,Rural,Diploma,7.1,12,3,0,12,126,450,132,172,Not Approved
Institution_9207,Non-Rural,UG,2.26,20,5,0,10,285,550,132,449,Not Approved
Institution_9208,Rural,Diploma,9.42,4,1,0,1,235,450,132,179,Approved
Institution_9209,Rural,PG,10.55,20,5,50,10,50,500,132,258,Not Approved
Institution_9210,Non-Rural,UG,4.02,16,4,0,16,116,400,132,371,Not Approved
Institution_9211,Non-Rural,Combined,3.43,12,3,30,12,259,450,132,471,Approved
Institution_9212,Non-Rural,PG,3.43,16,4,40,4,182,650,132,512,Approved
Institution_9213,Rural,UG,14.31,12,3,0,3,192,500,132,152,Approved
Institution_9214,Non-Rural,Diploma,1.77,8,2,0,8,293,400,132,573,Approved
Institution_9215,Non-Rural,Combined,1.69,8,2,20,6,278,500,132,479,Approved
Institution_9216,Rural,Diploma,3.13,4,1,0,3,242,600,132,524,Not Approved
Institution_9217,Rural,PG,7.07,4,1,10,2,283,450,132,381,Not Approved
Institution_9218,Non-Rural,PG,2.23,20,5,50,10,208,550,132,493,Not Approved
Institution_9219,Rural,Combined,12.2,12,3,30,6,60,450,132,561,Not Approved
Institution_9220,Rural,UG,13.33,12,3,0,9,134,550,132,115,Not Approved
Institution_9221,Non-Rural,UG,4.8,8,2,0,6,168,400,132,491,Approved
Institution_9222,Non-Rural,UG,2.74,8,2,0,8,207,650,132,400,Approved
Institution_9223,Non-Rural,UG,2.73,4,1,0,3,166,450,132,120,Approved
Institution_9224,Rural,UG,11.02,12,3,0,9,231,450,132,144,Approved
Institution_9225,Rural,Diploma,7.25,20,5,0,10,110,450,132,595,Not Approved
Institution_9226,Rural,PG,5.92,16,4,40,12,167,650,132,315,Not Approved
Institution_9227,Rural,UG,12.1,8,2,0,4,214,600,132,354,Approved
Institution_9228,Rural,Combined,9.91,8,2,20,4,264,650,132,246,Approved
Institution_9229,Rural,Diploma,5.68,20,5,0,5,103,550,132,239,Not Approved
Institution_9230,Non-Rural,Combined,1.69,8,2,20,6,278,500,132,479,Approved
Institution_9231,Non-Rural,Combined,2.19,16,4,40,4,124,500,132,438,Not Approved
Institution_9232,Rural,Diploma,3.21,20,5,0,10,58,600,132,364,Not Approved
Institution_9233,Non-Rural,UG,4.68,8,2,0,2,79,400,132,196,Not Approved
Institution_9234,Non-Rural,Combined,2.54,12,3,30,9,54,600,132,396,Not Approved
Institution_9235,Non-Rural,Combined,0.96,12,3,30,12,51,650,132,545,Not Approved
Institution_9236,Rural,UG,8.01,20,5,0,10,120,650,132,296,Not Approved
Institution_9237,Non-Rural,Combined,1.69,8,2,20,6,278,500,132,479,Approved
Institution_9238,Non-Rural,Diploma,1.3,8,2,0,2,201,550,132,278,Not Approved
Institution_9239,Non-Rural,PG,2.06,12,3,30,12,186,550,132,456,Not Approved
Institution_9240,Non-Rural,Diploma,0.58,12,3,0,9,257,400,132,322,Not Approved
Institution_9241,Rural,PG,9.24,12,3,30,9,204,500,132,227,Not Approved
Institution_9242,Rural,UG,7.96,8,2,0,2,57,500,132,414,Not Approved
Institution_9243,Rural,UG,10.94,12,3,0,6,50,650,132,477,Not Approved
Institution_9244,Rural,PG,8.38,4,1,10,4,178,650,132,215,Not Approved
Institution_9245,Non-Rural,Combined,1.73,16,4,40,16,172,650,132,274,Approved
Institution_9246,Rural,UG,14.43,12,3,0,9,142,500,132,199,Not Approved
Institution_9247,Non-Rural,UG,3.63,20,5,0,20,131,650,132,231,Not Approved
Institution_9248,Rural,UG,6.5,4,1,0,4,151,600,132,360,Not Approved
Institution_9249,Non-Rural,PG,2.6,16,4,40,16,66,400,132,300,Not Approved
Institution_9250,Non-Rural,PG,3.78,16,4,40,12,199,550,132,421,Approved
Institution_9251,Rural,Diploma,8.32,4,1,0,4,157,550,132,100,Approved
Institution_9252,Non-Rural,UG,5.0,8,2,0,2,240,500,132,586,Approved
Institution_9253,Non-Rural,Combined,0.92,16,4,40,8,166,500,132,480,Approved
Institution_9254,Rural,PG,13.11,12,3,30,12,230,400,132,234,Approved
Institution_9255,Non-Rural,PG,3.94,8,2,20,4,268,400,132,534,Approved
Institution_9256,Non-Rural,Combined,4.1,16,4,40,16,186,550,132,274,Approved
Institution_9257,Rural,PG,6.5,4,1,10,4,229,450,132,427,Not Approved
Institution_9258,Rural,Combined,5.71,8,2,20,6,272,400,132,519,Approved
Institution_9259,Rural,Combined,11.63,16,4,40,12,148,450,132,563,Not Approved
Institution_9260,Rural,Diploma,9.46,4,1,0,3,169,600,132,220,Approved
Institution_9261,Rural,Combined,6.1,4,1,10,1,124,400,132,550,Not Approved
Institution_9262,Rural,Diploma,2.62,12,3,0,9,168,500,132,234,Not Approved
Institution_9263,Rural,Combined,8.95,4,1,10,3,270,500,132,162,Approved
Institution_9264,Rural,Combined,7.24,16,4,40,16,163,400,132,409,Approved
Institution_9265,Rural,UG,9.23,20,5,0,5,67,650,132,406,Not Approved
Institution_9266,Non-Rural,UG,1.44,4,1,0,2,209,550,132,192,Not Approved
Institution_9267,Rural,Combined,6.52,20,5,50,10,291,400,132,326,Approved
Institution_9268,Non-Rural,Combined,3.31,4,1,10,1,139,400,132,346,Not Approved
Institution_9269,Non-Rural,PG,4.32,12,3,30,12,219,450,132,265,Approved
Institution_9270,Non-Rural,Combined,4.63,8,2,20,4,241,400,132,302,Approved
Institution_9271,Rural,Combined,11.84,20,5,50,20,191,450,132,354,Approved
Institution_9272,Non-Rural,UG,3.89,16,4,0,12,112,500,132,408,Not Approved
Institution_9273,Rural,Combined,7.76,8,2,20,4,109,650,132,479,Not Approved
Institution_9274,Rural,Combined,11.07,16,4,40,12,271,650,132,280,Approved
Institution_9275,Non-Rural,PG,3.52,8,2,20,2,300,550,132,259,Approved
Institution_9276,Non-Rural,UG,4.62,16,4,0,12,109,500,132,519,Not Approved
Institution_9277,Rural,Diploma,2.52,12,3,0,6,258,500,132,282,Not Approved
Institution_9278,Rural,Diploma,2.72,20,5,0,15,187,600,132,172,Not Approved
Institution_9279,Rural,Diploma,9.62,8,2,0,6,267,600,132,579,Approved
Institution_9280,Non-Rural,UG,0.95,8,2,0,2,188,500,132,260,Not Approved
Institution_9281,Rural,PG,13.03,8,2,20,4,58,450,132,326,Not Approved
Institution_9282,Non-Rural,Combined,2.07,4,1,10,2,296,400,132,287,Approved
Institution_9283,Non-Rural,Combined,3.25,20,5,50,20,124,650,132,221,Not Approved
Institution_9284,Non-Rural,PG,4.15,16,4,40,16,69,500,132,522,Not Approved
Institution_9285,Non-Rural,Diploma,0.87,8,2,0,6,236,400,132,218,Not Approved
Institution_9286,Rural,UG,6.94,8,2,0,6,192,650,132,109,Not Approved
Institution_9287,Rural,UG,8.86,8,2,0,4,264,500,132,165,Not Approved
Institution_9288,Rural,PG,8.26,12,3,30,3,95,650,132,446,Not Approved
Institution_9289,Non-Rural,UG,3.86,20,5,0,15,277,450,132,213,Approved
Institution_9290,Rural,PG,14.44,8,2,20,2,150,400,132,568,Approved
Institution_9291,Non-Rural,PG,4.52,12,3,30,12,293,400,132,592,Approved
Institution_9292,Non-Rural,Combined,3.52,4,1,10,1,268,550,132,430,Approved
Institution_9293,Non-Rural,PG,4.53,8,2,20,6,136,600,132,487,Not Approved
Institution_9294,Non-Rural,UG,3.57,12,3,0,12,218,450,132,499,Approved
Institution_9295,Rural,Diploma,4.44,4,1,0,4,272,400,132,287,Not Approved
Institution_9296,Non-Rural,UG,2.69,12,3,0,6,63,600,132,492,Not Approved
Institution_9297,Rural,Combined,14.16,8,2,20,6,206,400,132,320,Approved
Institution_9298,Non-Rural,PG,1.42,16,4,40,4,155,400,132,129,Not Approved
Institution_9299,Rural,Combined,8.56,16,4,40,8,248,550,132,550,Approved
Institution_9300,Rural,Combined,7.11,8,2,20,8,258,650,132,314,Approved
Institution_9301,Rural,Diploma,6.51,12,3,0,9,236,450,132,118,Approved
Institution_9302,Non-Rural,UG,4.63,4,1,0,4,240,500,132,347,Approved
Institution_9303,Non-Rural,UG,2.97,4,1,0,1,281,600,132,368,Approved
Institution_9304,Non-Rural,PG,2.66,16,4,40,8,70,650,132,345,Not Approved
Institution_9305,Non-Rural,Diploma,1.88,4,1,0,3,80,500,132,172,Not Approved
Institution_9306,Non-Rural,PG,1.24,20,5,50,20,294,500,132,528,Not Approved
Institution_9307,Non-Rural,PG,4.81,16,4,40,16,176,650,132,340,Approved
Institution_9308,Rural,Combined,6.52,16,4,40,8,191,400,132,571,Approved
Institution_9309,Non-Rural,UG,2.26,20,5,0,10,285,550,132,449,Not Approved
Institution_9310,Rural,Diploma,7.06,12,3,0,3,200,650,132,162,Approved
Institution_9311,Non-Rural,PG,1.74,12,3,30,12,249,500,132,518,Not Approved
Institution_9312,Rural,Diploma,3.73,12,3,0,9,67,400,132,321,Not Approved
Institution_9313,Non-Rural,Diploma,1.62,16,4,0,12,169,550,132,453,Approved
Institution_9314,Non-Rural,Combined,3.03,12,3,30,3,288,450,132,221,Approved
Institution_9315,Non-Rural,PG,4.06,4,1,10,2,161,650,132,225,Approved
Institution_9316,Rural,Combined,8.95,4,1,10,3,270,500,132,162,Approved
Institution_9317,Rural,Diploma,9.7,20,5,0,5,150,400,132,220,Approved
Institution_9318,Rural,Diploma,2.18,8,2,0,4,236,500,132,124,Not Approved
Institution_9319,Rural,Diploma,9.02,8,2,0,8,51,500,132,374,Not Approved
Institution_9320,Rural,UG,6.94,8,2,0,6,192,650,132,109,Not Approved
Institution_9321,Rural,UG,12.12,4,1,0,4,296,500,132,528,Approved
Institution_9322,Rural,Diploma,6.22,16,4,0,4,202,650,132,337,Approved
Institution_9323,Non-Rural,UG,1.62,12,3,0,6,165,450,132,229,Not Approved
Institution_9324,Non-Rural,Diploma,1.37,20,5,0,15,143,450,132,316,Not Approved
Institution_9325,Rural,Combined,14.79,4,1,10,3,81,600,132,159,Not Approved
Institution_9326,Non-Rural,PG,3.43,16,4,40,4,86,650,132,512,Not Approved
Institution_9327,Rural,PG,5.17,12,3,30,9,209,550,132,319,Not Approved
Institution_9328,Non-Rural,Combined,3.07,20,5,50,10,288,450,132,409,Approved
Institution_9329,Non-Rural,Combined,4.17,16,4,40,16,64,500,132,323,Not Approved
Institution_9330,Non-Rural,Combined,3.07,16,4,40,12,189,650,132,520,Approved
Institution_9331,Rural,Diploma,2.65,12,3,0,12,253,450,132,591,Not Approved
Institution_9332,Rural,UG,10.62,16,4,0,8,181,500,132,442,Approved
Institution_9333,Non-Rural,Diploma,1.51,4,1,0,1,269,600,132,470,Approved
Institution_9334,Non-Rural,Combined,0.96,12,3,30,12,99,650,132,545,Not Approved
Institution_9335,Rural,Diploma,9.02,8,2,0,8,284,500,132,374,Approved
Institution_9336,Non-Rural,PG,1.57,20,5,50,15,68,550,132,313,Not Approved
Institution_9337,Non-Rural,PG,0.96,20,5,50,5,150,550,132,251,Not Approved
Institution_9338,Rural,UG,13.93,12,3,0,3,144,400,132,514,Not Approved
Institution_9339,Non-Rural,Diploma,1.12,4,1,0,4,276,450,132,116,Not Approved
Institution_9340,Non-Rural,Combined,0.97,20,5,50,10,162,550,132,520,Approved
Institution_9341,Non-Rural,PG,4.84,12,3,30,3,77,600,132,401,Not Approved
Institution_9342,Non-Rural,Combined,1.7,16,4,40,16,206,400,132,385,Approved
Institution_9343,Rural,UG,6.63,16,4,0,8,166,550,132,403,Not Approved
Institution_9344,Rural,Combined,5.34,8,2,20,6,182,400,132,340,Approved
Institution_9345,Non-Rural,UG,1.31,20,5,0,10,67,400,132,199,Not Approved
Institution_9346,Rural,PG,10.47,16,4,40,12,68,400,132,210,Not Approved
Institution_9347,Non-Rural,UG,1.8,4,1,0,3,285,400,132,177,Not Approved
Institution_9348,Rural,Combined,5.43,8,2,20,4,64,600,132,432,Not Approved
Institution_9349,Non-Rural,PG,2.66,16,4,40,8,258,650,132,345,Approved
Institution_9350,Non-Rural,UG,3.37,8,2,0,8,194,450,132,182,Approved
Institution_9351,Rural,UG,6.97,8,2,0,8,239,600,132,320,Not Approved
Institution_9352,Non-Rural,Combined,1.47,4,1,10,4,162,400,132,176,Approved
Institution_9353,Non-Rural,Diploma,1.88,16,4,0,12,208,650,132,572,Approved
Institution_9354,Non-Rural,Combined,2.4,4,1,10,2,163,600,132,369,Approved
Institution_9355,Rural,Combined,11.02,8,2,20,2,80,550,132,202,Not Approved
Institution_9356,Non-Rural,PG,2.51,12,3,30,9,259,450,132,137,Approved
Institution_9357,Rural,Combined,10.55,20,5,50,15,72,550,132,178,Not Approved
Institution_9358,Rural,UG,8.57,12,3,0,3,146,550,132,312,Not Approved
Institution_9359,Rural,PG,7.83,20,5,50,20,241,550,132,499,Not Approved
Institution_9360,Rural,UG,8.34,16,4,0,4,291,450,132,100,Not Approved
Institution_9361,Rural,Combined,11.41,16,4,40,8,168,500,132,586,Approved
Institution_9362,Rural,Diploma,4.33,4,1,0,1,278,400,132,419,Not Approved
Institution_9363,Rural,Combined,7.74,16,4,40,12,187,450,132,377,Approved
Institution_9364,Rural,Combined,6.52,16,4,40,8,191,400,132,571,Approved
Institution_9365,Rural,Diploma,5.8,16,4,0,8,283,650,132,544,Approved
Institution_9366,Non-Rural,Diploma,1.47,12,3,0,6,258,650,132,437,Not Approved
Institution_9367,Non-Rural,Diploma,1.9,20,5,0,20,227,600,132,475,Approved
Institution_9368,Non-Rural,UG,4.15,8,2,0,2,100,600,132,534,Not Approved
Institution_9369,Rural,Combined,11.84,20,5,50,20,191,450,132,354,Approved
Institution_9370,Rural,Diploma,6.9,16,4,0,12,190,550,132,330,Approved
Institution_9371,Non-Rural,Diploma,1.77,8,2,0,8,275,500,132,473,Approved
Institution_9372,Rural,Combined,5.83,12,3,30,3,255,650,132,501,Approved
Institution_9373,Rural,UG,7.55,12,3,0,6,296,650,132,455,Not Approved
Institution_9374,Rural,UG,9.16,12,3,0,6,125,400,132,583,Not Approved
Institution_9375,Rural,Combined,12.2,12,3,30,6,68,450,132,561,Not Approved
Institution_9376,Non-Rural,Combined,3.45,12,3,30,12,201,450,132,164,Approved
Institution_9377,Non-Rural,Diploma,1.89,4,1,0,3,237,600,132,232,Approved
Institution_9378,Rural,PG,7.2,4,1,10,3,205,450,132,151,Not Approved
Institution_9379,Rural,Diploma,6.22,16,4,0,4,202,650,132,337,Approved
Institution_9380,Non-Rural,Combined,4.72,4,1,10,1,222,550,132,532,Approved
Institution_9381,Rural,Combined,13.5,16,4,40,16,170,600,132,306,Approved
Institution_9382,Rural,UG,11.29,8,2,0,2,139,600,132,547,Not Approved
Institution_9383,Non-Rural,Diploma,1.9,8,2,0,2,181,550,132,557,Approved
Institution_9384,Rural,Combined,14.02,8,2,20,4,251,550,132,247,Approved
Institution_9385,Non-Rural,Diploma,1.51,8,2,0,4,78,500,132,593,Not Approved
Institution_9386,Non-Rural,PG,1.74,12,3,30,12,249,500,132,518,Not Approved
Institution_9387,Non-Rural,UG,4.7,4,1,0,4,184,550,132,341,Approved
Institution_9388,Non-Rural,Combined,2.4,4,1,10,2,163,600,132,369,Approved
Institution_9389,Non-Rural,Combined,0.53,4,1,10,4,201,450,132,525,Approved
Institution_9390,Non-Rural,PG,3.2,16,4,40,16,225,550,132,371,Approved
Institution_9391,Non-Rural,UG,3.18,8,2,0,8,82,600,132,598,Not Approved
Institution_9392,Rural,Diploma,6.22,16,4,0,4,202,650,132,337,Approved
Institution_9393,Rural,PG,9.22,8,2,20,6,291,650,132,491,Not Approved
Institution_9394,Non-Rural,Combined,0.72,4,1,10,1,288,550,132,570,Approved
Institution_9395,Rural,Combined,7.69,12,3,30,3,106,550,132,132,Not Approved
Institution_9396,Non-Rural,Combined,2.01,4,1,10,4,184,550,132,372,Approved
Institution_9397,Non-Rural,Combined,3.89,8,2,20,2,90,500,132,551,Not Approved
Institution_9398,Non-Rural,PG,2.24,8,2,20,6,249,650,132,320,Not Approved
Institution_9399,Rural,Combined,5.83,12,3,30,3,255,650,132,501,Approved
Institution_9400,Rural,PG,9.6,4,1,10,1,193,450,132,416,Not Approved
Institution_9401,Rural,Combined,14.71,20,5,50,10,52,450,132,484,Not Approved
Institution_9402,Rural,Diploma,4.33,16,4,0,16,77,500,132,190,Not Approved
Institution_9403,Non-Rural,PG,0.51,8,2,20,4,185,550,132,358,Not Approved
Institution_9404,Non-Rural,Combined,2.05,20,5,50,10,69,450,132,442,Not Approved
Institution_9405,Rural,UG,7.55,16,4,0,8,184,600,132,281,Not Approved
Institution_9406,Non-Rural,UG,1.39,20,5,0,10,268,450,132,386,Not Approved
Institution_9407,Rural,Diploma,8.32,4,1,0,4,157,550,132,100,Approved
Institution_9408,Rural,Combined,11.02,8,2,20,2,299,550,132,202,Approved
Institution_9409,Rural,PG,12.07,20,5,50,20,192,650,132,175,Approved
Institution_9410,Rural,PG,5.5,12,3,30,6,241,650,132,490,Not Approved
Institution_9411,Non-Rural,PG,3.99,8,2,20,4,226,550,132,133,Approved
Institution_9412,Non-Rural,PG,1.65,4,1,10,3,276,500,132,199,Not Approved
Institution_9413,Non-Rural,UG,3.44,8,2,0,8,222,500,132,402,Approved
Institution_9414,Rural,Diploma,7.06,12,3,0,3,200,650,132,162,Approved
Institution_9415,Rural,Diploma,3.13,4,1,0,3,242,600,132,524,Not Approved
Institution_9416,Non-Rural,Diploma,1.31,20,5,0,10,206,500,132,217,Not Approved
Institution_9417,Non-Rural,Diploma,0.56,8,2,0,6,236,450,132,427,Not Approved
Institution_9418,Non-Rural,Combined,4.92,8,2,20,6,222,600,132,496,Approved
Institution_9419,Rural,Combined,11.55,16,4,40,4,116,600,132,114,Not Approved
Institution_9420,Rural,PG,14.27,12,3,30,6,71,600,132,462,Not Approved
Institution_9421,Non-Rural,Diploma,1.36,12,3,0,9,71,450,132,462,Not Approved
Institution_9422,Rural,Combined,13.21,16,4,40,16,213,400,132,567,Approved
Institution_9423,Non-Rural,PG,0.94,8,2,20,6,256,600,132,280,Not Approved
Institution_9424,Non-Rural,Diploma,1.96,4,1,0,3,124,650,132,571,Not Approved
Institution_9425,Non-Rural,PG,4.06,4,1,10,2,101,650,132,225,Not Approved
Institution_9426,Rural,Diploma,3.47,20,5,0,15,259,400,132,303,Not Approved
Institution_9427,Non-Rural,Combined,2.11,8,2,20,6,283,500,132,103,Approved
Institution_9428,Rural,Diploma,6.58,12,3,0,9,213,600,132,353,Approved
Institution_9429,Rural,Combined,12.19,8,2,20,4,269,550,132,581,Approved
Institution_9430,Non-Rural,PG,3.24,16,4,40,16,73,500,132,553,Not Approved
Institution_9431,Non-Rural,UG,3.57,12,3,0,12,218,450,132,499,Approved
Institution_9432,Non-Rural,Diploma,0.57,12,3,0,9,81,600,132,593,Not Approved
Institution_9433,Non-Rural,Combined,1.73,16,4,40,16,172,650,132,274,Approved
Institution_9434,Rural,UG,10.41,16,4,0,12,276,600,132,244,Approved
Institution_9435,Non-Rural,Diploma,1.89,4,1,0,3,237,600,132,232,Approved
Institution_9436,Rural,PG,5.34,12,3,30,12,130,600,132,391,Not Approved
Institution_9437,Non-Rural,Combined,0.54,12,3,30,12,261,500,132,568,Approved
Institution_9438,Non-Rural,UG,4.74,8,2,0,2,93,600,132,135,Not Approved
Institution_9439,Rural,PG,8.27,16,4,40,4,172,400,132,317,Not Approved
Institution_9440,Non-Rural,Diploma,0.73,4,1,0,3,143,400,132,384,Not Approved
Institution_9441,Non-Rural,Combined,4.81,8,2,20,4,288,550,132,239,Approved
Institution_9442,Rural,Diploma,9.24,12,3,0,6,215,400,132,158,Approved
Institution_9443,Rural,Combined,12.11,8,2,20,6,244,650,132,460,Approved
Institution_9444,Rural,Combined,8.32,20,5,50,10,290,400,132,387,Approved
Institution_9445,Non-Rural,UG,4.08,8,2,0,6,71,600,132,283,Not Approved
Institution_9446,Rural,UG,5.33,20,5,0,20,292,450,132,468,Not Approved
Institution_9447,Non-Rural,PG,3.52,8,2,20,2,147,550,132,259,Not Approved
Institution_9448,Rural,Diploma,6.27,4,1,0,4,102,550,132,190,Not Approved
Institution_9449,Rural,PG,9.65,12,3,30,9,294,600,132,410,Not Approved
Institution_9450,Non-Rural,Diploma,0.97,4,1,0,4,261,650,132,568,Not Approved
Institution_9451,Rural,Combined,14.79,4,1,10,3,66,600,132,159,Not Approved
Institution_9452,Rural,PG,7.63,20,5,50,20,58,600,132,336,Not Approved
Institution_9453,Rural,Combined,10.01,4,1,10,2,208,650,132,264,Approved
Institution_9454,Non-Rural,Combined,2.63,20,5,50,15,268,650,132,380,Approved
Institution_9455,Rural,Diploma,8.29,12,3,0,6,241,400,132,405,Approved
Institution_9456,Non-Rural,PG,2.28,8,2,20,4,78,500,132,329,Not Approved
Institution_9457,Rural,Combined,7.09,8,2,20,4,190,600,132,108,Approved
Institution_9458,Rural,UG,7.23,12,3,0,6,242,450,132,389,Not Approved
Institution_9459,Rural,Diploma,9.25,8,2,0,8,297,450,132,555,Approved
Institution_9460,Rural,PG,9.18,8,2,20,2,259,650,132,185,Not Approved
Institution_9461,Rural,Diploma,7.59,16,4,0,12,154,650,132,579,Approved
Institution_9462,Rural,Diploma,9.42,4,1,0,1,235,450,132,179,Approved
Institution_9463,Non-Rural,Diploma,1.31,12,3,0,12,169,650,132,287,Not Approved
Institution_9464,Non-Rural,UG,1.62,20,5,0,5,264,400,132,258,Not Approved
Institution_9465,Non-Rural,UG,4.93,16,4,0,16,174,650,132,318,Approved
Institution_9466,Non-Rural,UG,2.35,20,5,0,20,87,550,132,508,Not Approved
Institution_9467,Non-Rural,PG,4.55,4,1,10,4,171,600,132,240,Approved
Institution_9468,Non-Rural,UG,3.89,16,4,0,12,158,500,132,408,Approved
Institution_9469,Rural,Diploma,5.79,4,1,0,3,267,400,132,123,Approved
Institution_9470,Rural,Diploma,7.1,12,3,0,12,98,450,132,172,Not Approved
Institution_9471,Non-Rural,Diploma,1.38,12,3,0,9,176,400,132,220,Not Approved
Institution_9472,Rural,Combined,12.11,8,2,20,6,244,650,132,460,Approved
Institution_9473,Non-Rural,UG,0.76,8,2,0,6,80,550,132,139,Not Approved
Institution_9474,Non-Rural,Combined,4.36,20,5,50,10,156,550,132,562,Approved
Institution_9475,Non-Rural,PG,3.78,16,4,40,12,199,550,132,421,Approved
Institution_9476,Rural,PG,9.82,12,3,30,3,271,500,132,137,Not Approved
Institution_9477,Rural,Combined,8.05,12,3,30,3,260,450,132,307,Approved
Institution_9478,Non-Rural,Diploma,0.66,8,2,0,6,233,400,132,397,Not Approved
Institution_9479,Rural,UG,11.64,12,3,0,12,153,600,132,203,Approved
Institution_9480,Non-Rural,UG,3.7,4,1,0,2,142,650,132,217,Not Approved
Institution_9481,Non-Rural,Combined,2.6,16,4,40,16,267,400,132,395,Approved
Institution_9482,Non-Rural,Diploma,1.88,16,4,0,12,208,650,132,572,Approved
Institution_9483,Non-Rural,UG,3.74,16,4,0,4,138,550,132,521,Not Approved
Institution_9484,Rural,PG,7.07,4,1,10,2,283,450,132,381,Not Approved
Institution_9485,Non-Rural,Combined,2.24,16,4,40,4,298,500,132,378,Approved
Institution_9486,Non-Rural,UG,2.73,16,4,0,4,273,450,132,342,Approved
Institution_9487,Non-Rural,PG,3.02,12,3,30,3,107,450,132,129,Not Approved
Institution_9488,Rural,Diploma,2.4,4,1,0,2,300,450,132,131,Not Approved
Institution_9489,Rural,PG,14.47,20,5,50,10,61,600,132,265,Not Approved
Institution_9490,Rural,Combined,13.85,4,1,10,1,81,500,132,564,Not Approved
Institution_9491,Non-Rural,Diploma,1.17,8,2,0,8,121,550,132,401,Not Approved
Institution_9492,Rural,PG,9.86,8,2,20,4,264,600,132,574,Not Approved
Institution_9493,Rural,UG,6.5,4,1,0,4,97,600,132,360,Not Approved
Institution_9494,Non-Rural,UG,1.94,8,2,0,4,224,400,132,540,Not Approved
Institution_9495,Rural,PG,11.41,16,4,40,4,58,650,132,363,Not Approved
Institution_9496,Non-Rural,Combined,4.4,12,3,30,9,175,400,132,279,Approved
Institution_9497,Rural,Combined,11.49,20,5,50,15,246,650,132,566,Approved
Institution_9498,Non-Rural,PG,1.22,12,3,30,12,147,400,132,109,Not Approved
Institution_9499,Non-Rural,UG,1.09,12,3,0,12,185,400,132,432,Not Approved
Institution_4947,Rural,UG,12.28,16,4,0,12,204,550,132,546,Approved
Institution_6101,Non-Rural,Diploma,0.58,12,3,0,9,257,400,132,322,Not Approved
Institution_5459,Non-Rural,Combined,2.57,12,3,30,6,152,450,132,366,Approved
Institution_7937,Non-Rural,Combined,3.42,12,3,30,9,263,400,132,203,Approved
Institution_3454,Rural,Diploma,3.52,8,2,0,2,190,600,132,127,Not Approved
Institution_7325,Rural,PG,14.4,20,5,50,5,241,400,132,349,Approved
Institution_2550,Rural,Diploma,2.2,4,1,0,1,236,650,132,271,Not Approved
Institution_7826,Rural,PG,9.53,16,4,40,8,150,550,132,136,Not Approved
Institution_1357,Non-Rural,UG,4.7,4,1,0,2,250,550,132,273,Approved
Institution_1770,Non-Rural,PG,2.85,12,3,30,6,279,400,132,514,Approved
Institution_1670,Non-Rural,UG,4.93,16,4,0,16,174,650,132,318,Approved
Institution_7667,Rural,PG,10.29,8,2,20,8,200,650,132,551,Approved
Institution_1617,Non-Rural,PG,3.53,4,1,10,1,267,450,132,450,Approved
Institution_2364,Rural,Diploma,5.71,16,4,0,4,175,450,132,338,Approved
Institution_9818,Non-Rural,Diploma,1.12,20,5,0,5,276,550,132,173,Not Approved
Institution_2988,Non-Rural,UG,3.56,4,1,0,4,140,400,132,208,Not Approved
Institution_3629,Rural,Diploma,5.85,8,2,0,2,168,450,132,476,Approved
Institution_5456,Rural,PG,13.11,12,3,30,12,230,400,132,234,Approved
Institution_5173,Non-Rural,UG,3.1,8,2,0,6,151,550,132,557,Approved
Institution_3600,Non-Rural,UG,2.6,4,1,0,4,232,500,132,230,Approved
Institution_7419,Rural,Combined,7.76,8,2,20,4,270,650,132,479,Approved
Institution_5235,Rural,UG,12.41,12,3,0,6,195,600,132,358,Approved
Institution_6357,Non-Rural,UG,4.88,20,5,0,20,288,450,132,241,Approved
Institution_9494,Rural,Combined,9.32,4,1,10,1,112,650,132,287,Not Approved
Institution_8620,Non-Rural,UG,2.24,4,1,0,4,205,500,132,501,Not Approved
Institution_5601,Rural,UG,6.17,8,2,0,2,228,450,132,163,Not Approved
Institution_5544,Non-Rural,Diploma,0.54,12,3,0,9,300,650,132,416,Not Approved
Institution_8297,Rural,PG,10.55,20,5,50,10,241,500,132,258,Approved
Institution_1210,Non-Rural,UG,1.09,12,3,0,12,185,400,132,432,Not Approved
Institution_5122,Rural,PG,9.14,16,4,40,16,60,400,132,582,Not Approved
Institution_2782,Non-Rural,PG,3.09,8,2,20,4,79,400,132,447,Not Approved
Institution_8669,Non-Rural,PG,3.01,4,1,10,4,66,500,132,297,Not Approved
Institution_1594,Rural,UG,14.72,8,2,0,4,137,550,132,264,Not Approved
Institution_3408,Rural,Diploma,9.35,20,5,0,5,181,400,132,254,Approved
Institution_4537,Non-Rural,PG,2.61,8,2,20,8,269,450,132,524,Approved
Institution_4703,Rural,Combined,9.6,12,3,30,3,209,600,132,245,Approved
Institution_6130,Non-Rural,UG,4.64,16,4,0,16,299,550,132,277,Approved
Institution_5631,Rural,UG,13.93,12,3,0,3,238,400,132,514,Approved
Institution_1640,Rural,Diploma,6.5,8,2,0,2,172,600,132,325,Approved
Institution_6483,Rural,Combined,12.78,16,4,40,8,237,400,132,104,Approved
Institution_1946,Rural,Diploma,6.6,8,2,0,8,226,650,132,279,Approved
Institution_3286,Non-Rural,UG,2.06,20,5,0,15,185,400,132,380,Not Approved
Institution_7057,Non-Rural,Diploma,0.73,8,2,0,6,282,450,132,589,Not Approved
Institution_8702,Rural,Combined,13.21,16,4,40,16,139,400,132,567,Not Approved
Institution_3613,Non-Rural,Diploma,1.07,20,5,0,20,72,400,132,449,Not Approved
Institution_2237,Rural,Combined,8.95,4,1,10,3,270,500,132,162,Approved
Institution_8690,Rural,Diploma,3.77,12,3,0,9,214,500,132,317,Not Approved
Institution_5088,Rural,Combined,5.34,8,2,20,6,182,400,132,340,Approved
Institution_8612,Non-Rural,Combined,4.08,4,1,10,1,121,600,132,548,Not Approved
Institution_2314,Non-Rural,Combined,1.91,8,2,20,4,102,500,132,449,Not Approved
Institution_1918,Rural,Diploma,6.58,12,3,0,9,213,600,132,353,Approved
Institution_2179,Rural,Diploma,9.68,4,1,0,3,74,650,132,429,Not Approved
Institution_5809,Rural,PG,9.54,4,1,10,4,286,450,132,275,Not Approved
Institution_3563,Non-Rural,Combined,2.12,12,3,30,3,153,600,132,180,Approved
Institution_4248,Rural,Diploma,4.33,12,3,0,9,144,600,132,501,Not Approved
Institution_8099,Rural,PG,8.47,8,2,20,6,252,600,132,306,Not Approved
Institution_8280,Non-Rural,UG,0.63,16,4,0,12,51,550,132,102,Not Approved
Institution_7965,Rural,Combined,10.4,20,5,50,10,155,400,132,586,Approved
Institution_8969,Rural,Combined,6.1,4,1,10,1,63,400,132,550,Not Approved
Institution_3042,Rural,Diploma,6.43,12,3,0,9,139,500,132,181,Not Approved
Institution_1865,Non-Rural,UG,4.59,16,4,0,4,293,450,132,512,Approved
Institution_3044,Non-Rural,Combined,4.86,20,5,50,5,259,650,132,222,Approved
Institution_5431,Non-Rural,PG,2.16,16,4,40,4,289,600,132,206,Not Approved
Institution_9710,Rural,PG,14.59,16,4,40,4,103,400,132,264,Not Approved
Institution_2952,Rural,Diploma,9.94,16,4,0,16,256,500,132,225,Approved
Institution_2404,Non-Rural,Diploma,1.17,8,2,0,8,91,550,132,401,Not Approved
Institution_8946,Rural,Combined,8.05,12,3,30,3,260,450,132,307,Approved
Institution_2694,Non-Rural,Combined,4.96,8,2,20,8,99,500,132,277,Not Approved
Institution_8720,Rural,UG,8.87,12,3,0,12,196,600,132,143,Not Approved
Institution_8874,Rural,PG,6.41,4,1,10,3,280,600,132,468,Not Approved
Institution_8500,Rural,PG,13.86,16,4,40,4,85,550,132,218,Not Approved
Institution_6672,Non-Rural,UG,4.15,8,2,0,2,232,600,132,534,Approved
Institution_5675,Rural,Combined,11.67,12,3,30,3,153,550,132,314,Approved
Institution_2109,Non-Rural,UG,4.82,8,2,0,2,251,500,132,425,Approved
Institution_6649,Non-Rural,PG,2.86,16,4,40,8,262,400,132,535,Approved
Institution_9474,Non-Rural,Combined,1.08,16,4,40,4,165,400,132,105,Approved
Institution_5425,Rural,PG,8.74,20,5,50,20,77,650,132,123,Not Approved
Institution_1107,Rural,Diploma,7.45,16,4,0,12,214,550,132,229,Approved
Institution_4642,Non-Rural,Diploma,1.77,8,2,0,8,83,650,132,360,Not Approved
Institution_1034,Non-Rural,UG,4.56,4,1,0,3,195,450,132,528,Approved
Institution_4761,Non-Rural,PG,2.62,16,4,40,12,181,650,132,336,Approved
Institution_7998,Rural,UG,12.6,20,5,0,15,110,650,132,458,Not Approved
Institution_5988,Rural,UG,7.1,4,1,0,3,207,450,132,572,Not Approved
Institution_6189,Non-Rural,PG,3.19,4,1,10,3,135,550,132,214,Not Approved
Institution_3739,Non-Rural,UG,4.8,8,2,0,6,168,400,132,491,Approved
Institution_7229,Rural,Combined,9.83,4,1,10,4,193,500,132,290,Approved
Institution_3241,Rural,Combined,13.5,16,4,40,16,124,600,132,306,Not Approved
Institution_8318,Rural,UG,11.29,8,2,0,2,163,600,132,547,Approved
Institution_1629,Non-Rural,UG,3.46,8,2,0,6,156,600,132,433,Approved
Institution_8140,Non-Rural,Diploma,1.96,8,2,0,8,151,550,132,318,Approved
Institution_1645,Rural,UG,6.5,4,1,0,4,151,600,132,360,Not Approved
Institution_3400,Rural,Diploma,6.9,16,4,0,12,190,550,132,330,Approved
Institution_5757,Non-Rural,Combined,3.35,16,4,40,12,168,550,132,422,Approved
Institution_3632,Non-Rural,PG,2.6,16,4,40,16,206,400,132,300,Approved
Institution_2864,Rural,UG,5.25,20,5,0,5,282,550,132,515,Not Approved
Institution_9889,Non-Rural,Diploma,1.49,20,5,0,10,190,400,132,129,Not Approved
Institution_1614,Rural,Combined,5.53,12,3,30,12,253,400,132,430,Approved
Institution_5449,Non-Rural,UG,2.35,20,5,0,20,223,550,132,508,Not Approved
Institution_7815,Rural,PG,8.66,12,3,30,3,269,450,132,178,Not Approved
Institution_6805,Non-Rural,UG,2.26,12,3,0,3,53,550,132,204,Not Approved
Institution_4448,Rural,Combined,11.02,8,2,20,2,108,550,132,202,Not Approved
Institution_9515,Non-Rural,Combined,1.76,8,2,20,6,116,400,132,543,Not Approved
Institution_2920,Non-Rural,Combined,2.25,8,2,20,8,156,550,132,373,Approved
Institution_3402,Rural,UG,12.16,12,3,0,12,294,500,132,348,Approved
Institution_2215,Rural,Combined,8.86,4,1,10,4,229,500,132,253,Approved
Institution_9802,Rural,Diploma,4.04,16,4,0,16,277,500,132,593,Not Approved
Institution_8545,Non-Rural,Combined,2.18,8,2,20,6,289,550,132,231,Approved
Institution_4222,Rural,PG,5.58,12,3,30,6,60,500,132,292,Not Approved
Institution_2930,Rural,Diploma,7.98,8,2,0,8,259,450,132,403,Approved
Institution_2543,Rural,UG,10.05,8,2,0,4,140,550,132,498,Not Approved
Institution_5690,Non-Rural,UG,3.15,4,1,0,1,155,450,132,342,Approved
Institution_6868,Rural,UG,8.34,16,4,0,4,55,450,132,100,Not Approved
Institution_4183,Non-Rural,UG,3.0,20,5,0,10,259,500,132,269,Approved
Institution_5086,Rural,Diploma,2.34,12,3,0,3,104,600,132,207,Not Approved
Institution_3594,Rural,PG,9.22,8,2,20,6,291,650,132,491,Not Approved
Institution_4264,Rural,Diploma,4.44,4,1,0,4,114,400,132,287,Not Approved
Institution_5398,Rural,Diploma,2.52,12,3,0,6,258,500,132,282,Not Approved
Institution_9571,Rural,UG,8.98,16,4,0,4,295,550,132,559,Not Approved
Institution_2828,Non-Rural,PG,4.76,8,2,20,8,256,500,132,166,Approved
Institution_8437,Non-Rural,PG,2.28,8,2,20,4,167,500,132,329,Not Approved
Institution_4424,Non-Rural,Combined,4.25,4,1,10,3,277,600,132,285,Approved
Institution_7894,Rural,UG,5.49,12,3,0,3,173,450,132,520,Not Approved
Institution_1433,Non-Rural,PG,3.45,4,1,10,2,294,400,132,574,Approved
Institution_5858,Non-Rural,Diploma,1.3,4,1,0,4,110,400,132,446,Not Approved
Institution_2503,Rural,Diploma,8.66,16,4,0,8,80,450,132,166,Not Approved
Institution_8976,Non-Rural,Diploma,0.82,4,1,0,4,186,600,132,479,Not Approved
Institution_3702,Non-Rural,Combined,1.12,4,1,10,2,71,600,132,215,Not Approved
Institution_7391,Non-Rural,Combined,3.43,12,3,30,12,259,450,132,471,Approved
Institution_6671,Non-Rural,PG,4.08,12,3,30,3,108,650,132,412,Not Approved
Institution_5784,Non-Rural,Diploma,1.77,8,2,0,8,275,500,132,473,Approved
Institution_8104,Rural,UG,9.23,20,5,0,5,214,650,132,406,Not Approved
Institution_2300,Non-Rural,PG,4.79,16,4,40,12,196,500,132,516,Approved
Institution_9547,Non-Rural,Combined,3.07,16,4,40,12,189,650,132,520,Approved
Institution_7766,Rural,PG,11.15,8,2,20,2,189,650,132,201,Approved
Institution_4732,Rural,UG,12.12,4,1,0,4,296,500,132,528,Approved
Institution_6831,Rural,UG,12.48,8,2,0,4,290,400,132,300,Approved
Institution_5929,Rural,Diploma,5.18,12,3,0,3,216,500,132,356,Approved
Institution_2793,Non-Rural,Combined,4.97,4,1,10,4,178,650,132,465,Approved
Institution_4138,Rural,PG,9.65,12,3,30,9,294,600,132,410,Not Approved
Institution_6795,Rural,UG,6.86,16,4,0,16,168,550,132,583,Not Approved
Institution_4366,Non-Rural,Combined,3.06,8,2,20,6,95,400,132,175,Not Approved
Institution_2497,Rural,Diploma,6.85,4,1,0,2,98,500,132,453,Not Approved
Institution_7548,Rural,UG,5.43,8,2,0,4,249,500,132,244,Not Approved
Institution_6527,Rural,UG,10.02,4,1,0,1,231,450,132,563,Approved
Institution_8007,Non-Rural,PG,4.52,12,3,30,12,293,400,132,592,Approved
Institution_6673,Non-Rural,Combined,0.89,8,2,20,4,214,400,132,210,Approved
Institution_3719,Non-Rural,Diploma,1.7,12,3,0,3,290,550,132,211,Approved
Institution_5662,Rural,UG,7.28,16,4,0,8,276,450,132,219,Not Approved
Institution_6043,Non-Rural,Combined,2.99,4,1,10,3,195,650,132,108,Approved
Institution_6907,Non-Rural,UG,4.66,8,2,0,4,245,500,132,490,Approved
Institution_9215,Rural,Diploma,6.53,8,2,0,8,202,600,132,536,Approved
Institution_2060,Rural,UG,13.44,4,1,0,3,292,450,132,452,Approved
Institution_8468,Rural,UG,8.86,8,2,0,4,264,500,132,165,Not Approved
Institution_3034,Non-Rural,PG,5.0,12,3,30,3,273,450,132,538,Approved
Institution_3081,Non-Rural,UG,0.88,16,4,0,4,236,550,132,413,Not Approved
Institution_2264,Rural,Diploma,3.73,12,3,0,9,80,400,132,321,Not Approved
Institution_9369,Non-Rural,Combined,2.63,20,5,50,15,268,650,132,380,Approved
Institution_6722,Rural,Combined,6.1,8,2,20,6,269,600,132,473,Approved
Institution_2353,Non-Rural,Combined,3.05,8,2,20,4,176,450,132,399,Approved
Institution_9984,Non-Rural,UG,3.21,8,2,0,6,221,600,132,316,Approved
Institution_6741,Non-Rural,PG,3.24,16,4,40,16,287,500,132,553,Approved
Institution_3790,Rural,Combined,5.52,4,1,10,1,280,450,132,279,Approved
Institution_7000,Rural,Diploma,8.15,8,2,0,8,188,500,132,136,Approved
Institution_8541,Rural,PG,11.22,12,3,30,6,139,600,132,287,Not Approved
Institution_2633,Non-Rural,PG,2.04,8,2,20,4,195,650,132,468,Not Approved
Institution_9646,Non-Rural,Combined,1.69,8,2,20,6,278,500,132,479,Approved
Institution_5302,Non-Rural,Combined,3.08,20,5,50,20,206,500,132,367,Approved
Institution_3871,Non-Rural,Diploma,0.7,4,1,0,3,282,650,132,212,Not Approved
Institution_9085,Non-Rural,Combined,0.67,4,1,10,2,104,500,132,131,Not Approved
Institution_7712,Rural,UG,9.37,12,3,0,6,216,600,132,270,Not Approved
Institution_5249,Rural,PG,6.92,20,5,50,5,128,450,132,151,Not Approved
Institution_1750,Rural,PG,9.17,4,1,10,2,230,600,132,391,Not Approved
Institution_3171,Non-Rural,UG,3.14,12,3,0,9,211,450,132,569,Approved
Institution_7066,Non-Rural,Diploma,1.88,4,1,0,1,277,600,132,168,Approved
Institution_3612,Non-Rural,Diploma,1.19,16,4,0,8,114,450,132,283,Not Approved
Institution_5808,Rural,Diploma,7.64,20,5,0,20,121,400,132,353,Not Approved
Institution_8293,Rural,Combined,10.38,20,5,50,20,253,600,132,251,Approved
Institution_4855,Non-Rural,Diploma,1.9,8,2,0,2,181,550,132,557,Approved
Institution_7143,Non-Rural,Diploma,0.69,16,4,0,16,211,400,132,542,Not Approved
Institution_2955,Non-Rural,UG,3.44,8,2,0,8,55,500,132,402,Not Approved
Institution_6884,Non-Rural,Combined,3.24,8,2,20,8,178,400,132,280,Approved
Institution_7676,Rural,Diploma,6.22,16,4,0,4,202,650,132,337,Approved
Institution_3082,Rural,Diploma,4.43,16,4,0,12,204,550,132,204,Not Approved
Institution_4811,Rural,UG,7.61,20,5,0,10,165,450,132,336,Not Approved
Institution_9043,Non-Rural,PG,0.96,20,5,50,5,77,550,132,251,Not Approved
Institution_2000,Rural,Diploma,8.79,16,4,0,4,268,600,132,212,Approved
Institution_7615,Rural,Combined,10.01,4,1,10,2,208,650,132,264,Approved
Institution_2003,Rural,Diploma,9.99,8,2,0,6,283,650,132,212,Approved
Institution_6471,Non-Rural,Diploma,1.76,12,3,0,9,74,600,132,516,Not Approved
Institution_5481,Rural,PG,8.38,4,1,10,4,178,650,132,215,Not Approved
Institution_8627,Non-Rural,PG,4.55,12,3,30,6,219,600,132,595,Approved
Institution_1355,Non-Rural,Combined,0.54,12,3,30,12,261,500,132,568,Approved
Institution_3007,Non-Rural,Combined,3.92,16,4,40,16,87,600,132,100,Not Approved
Institution_3553,Rural,PG,7.07,4,1,10,2,283,450,132,381,Not Approved
Institution_2241,Rural,PG,12.13,8,2,20,2,206,450,132,429,Approved
Institution_8495,Non-Rural,PG,2.68,8,2,20,6,156,550,132,199,Approved
Institution_1099,Rural,PG,12.1,4,1,10,3,98,450,132,407,Not Approved
Institution_6021,Non-Rural,Combined,4.4,16,4,40,4,238,550,132,294,Approved
Institution_8903,Non-Rural,Combined,4.81,8,2,20,4,126,550,132,239,Not Approved
Institution_4266,Non-Rural,UG,4.15,8,2,0,6,241,450,132,449,Approved
Institution_8642,Non-Rural,Combined,2.94,20,5,50,10,288,600,132,412,Approved
Institution_2096,Non-Rural,UG,2.05,16,4,0,12,214,550,132,289,Not Approved
Institution_1551,Rural,Combined,12.42,4,1,10,2,275,500,132,194,Approved
Institution_6914,Rural,UG,8.73,20,5,0,20,92,600,132,520,Not Approved
Institution_2099,Rural,Combined,12.54,16,4,40,8,291,650,132,144,Approved
Institution_7858,Non-Rural,Combined,1.62,8,2,20,8,273,650,132,181,Approved
Institution_1289,Non-Rural,Combined,2.68,20,5,50,15,159,650,132,127,Approved
Institution_8059,Non-Rural,PG,0.51,8,2,20,4,185,550,132,358,Not Approved
Institution_3703,Non-Rural,PG,4.32,12,3,30,12,74,450,132,265,Not Approved
Institution_6702,Rural,Combined,7.6,8,2,20,8,103,500,132,158,Not Approved
Institution_7874,Non-Rural,PG,4.84,12,3,30,3,104,600,132,401,Not Approved
Institution_5741,Rural,PG,8.0,12,3,30,6,251,450,132,156,Not Approved
Institution_6148,Rural,Diploma,6.16,12,3,0,3,257,650,132,198,Approved
Institution_8158,Non-Rural,UG,4.49,16,4,0,16,252,600,132,327,Approved
Institution_1025,Rural,UG,7.96,8,2,0,2,237,500,132,414,Not Approved
Institution_6293,Rural,Diploma,2.72,20,5,0,15,187,600,132,172,Not Approved
Institution_2415,Non-Rural,Diploma,1.76,4,1,0,3,294,600,132,126,Approved
Institution_5820,Rural,PG,6.13,20,5,50,20,204,550,132,466,Not Approved
Institution_6827,Non-Rural,Diploma,1.96,4,1,0,3,124,500,132,260,Not Approved
Institution_1676,Non-Rural,UG,4.37,16,4,0,8,219,650,132,187,Approved
Institution_2855,Rural,PG,6.14,8,2,20,6,62,500,132,441,Not Approved
Institution_3006,Rural,Diploma,7.99,20,5,0,15,107,500,132,527,Not Approved
Institution_1239,Non-Rural,PG,2.08,8,2,20,8,193,650,132,386,Not Approved
Institution_8830,Non-Rural,Diploma,0.53,20,5,0,15,285,600,132,174,Not Approved
Institution_4365,Rural,UG,14.43,12,3,0,9,225,500,132,199,Approved
Institution_8025,Rural,PG,9.41,4,1,10,3,189,550,132,328,Not Approved
Institution_1108,Non-Rural,UG,1.42,16,4,0,16,168,550,132,563,Not Approved
Institution_5557,Rural,Diploma,2.27,8,2,0,2,150,600,132,314,Not Approved
Institution_8486,Non-Rural,Combined,3.75,4,1,10,2,293,400,132,357,Approved
Institution_6475,Rural,Diploma,2.62,12,3,0,12,160,600,132,560,Not Approved
Institution_8767,Non-Rural,PG,1.34,8,2,20,4,191,650,132,215,Not Approved
Institution_6888,Non-Rural,UG,1.65,4,1,0,2,124,400,132,450,Not Approved
Institution_8337,Non-Rural,Diploma,1.12,4,1,0,4,276,450,132,116,Not Approved
Institution_3394,Non-Rural,PG,3.45,20,5,50,15,93,400,132,411,Not Approved
Institution_5925,Rural,PG,12.15,20,5,50,5,168,400,132,446,Approved
Institution_9393,Rural,Combined,7.29,8,2,20,4,259,600,132,288,Approved
Institution_6797,Rural,UG,8.57,12,3,0,3,131,550,132,312,Not Approved
Institution_4485,Non-Rural,Combined,3.03,12,3,30,3,129,450,132,221,Not Approved
Institution_5617,Rural,PG,14.47,20,5,50,10,285,600,132,265,Approved
Institution_2582,Non-Rural,UG,1.75,16,4,0,8,63,400,132,443,Not Approved
Institution_4573,Rural,Diploma,4.48,12,3,0,6,123,500,132,303,Not Approved
Institution_5585,Non-Rural,PG,4.03,20,5,50,20,163,600,132,161,Approved
Institution_8103,Rural,UG,6.03,8,2,0,6,176,650,132,557,Not Approved
Institution_3870,Non-Rural,PG,2.71,20,5,50,20,65,600,132,426,Not Approved
Institution_4212,Rural,PG,5.58,12,3,30,3,140,550,132,348,Not Approved
Institution_5682,Non-Rural,Combined,3.88,12,3,30,6,168,450,132,326,Approved
Institution_6447,Rural,Diploma,2.78,8,2,0,4,205,550,132,521,Not Approved
Institution_2786,Rural,Combined,5.75,20,5,50,15,54,550,132,464,Not Approved
Institution_7054,Non-Rural,Combined,4.78,4,1,10,1,267,400,132,510,Approved
Institution_5325,Rural,Combined,11.76,20,5,50,10,187,400,132,338,Approved
Institution_9000,Rural,Diploma,3.21,20,5,0,10,224,600,132,364,Not Approved
Institution_3198,Non-Rural,Diploma,0.7,8,2,0,8,154,400,132,546,Not Approved
Institution_2331,Non-Rural,Combined,3.47,12,3,30,6,230,550,132,344,Approved
Institution_1909,Rural,PG,13.25,4,1,10,2,197,550,132,229,Approved
Institution_5501,Non-Rural,Combined,3.45,12,3,30,12,89,450,132,164,Not Approved
Institution_8011,Non-Rural,PG,1.51,16,4,40,16,257,500,132,336,Not Approved
Institution_4947,Non-Rural,Combined,1.23,20,5,50,20,240,650,132,265,Approved
Institution_3530,Rural,Combined,8.51,12,3,30,6,296,500,132,582,Approved
Institution_2129,Non-Rural,UG,2.2,12,3,0,9,273,650,132,117,Not Approved
Institution_7649,Rural,Combined,10.42,16,4,40,8,114,400,132,459,Not Approved
Institution_9818,Non-Rural,PG,1.24,16,4,40,12,227,650,132,442,Not Approved
Institution_4623,Rural,Combined,9.91,8,2,20,4,82,650,132,246,Not Approved
Institution_4899,Rural,PG,5.85,20,5,50,10,278,650,132,101,Not Approved
Institution_7855,Non-Rural,Combined,3.53,4,1,10,3,231,550,132,401,Approved
Institution_1008,Rural,Combined,11.63,16,4,40,12,237,450,132,563,Approved
Institution_3751,Non-Rural,UG,0.76,8,2,0,6,133,550,132,139,Not Approved
Institution_9909,Rural,UG,10.41,16,4,0,12,132,600,132,244,Not Approved
Institution_9359,Rural,Combined,6.52,20,5,50,10,291,400,132,326,Approved
Institution_8917,Non-Rural,Diploma,1.17,12,3,0,6,255,600,132,270,Not Approved
Institution_1798,Non-Rural,Combined,1.54,20,5,50,5,166,500,132,361,Approved
Institution_5973,Non-Rural,PG,3.78,16,4,40,12,115,550,132,421,Not Approved
Institution_7154,Non-Rural,PG,1.76,12,3,30,3,117,550,132,159,Not Approved
Institution_2683,Rural,PG,12.49,16,4,40,16,262,450,132,207,Approved
Institution_6471,Non-Rural,PG,3.94,8,2,20,4,268,400,132,534,Approved
Institution_9937,Rural,PG,13.43,8,2,20,2,101,550,132,102,Not Approved
Institution_5618,Non-Rural,Combined,4.01,16,4,40,8,112,550,132,194,Not Approved
Institution_8658,Non-Rural,UG,3.96,8,2,0,4,286,650,132,244,Approved
Institution_5863,Rural,Diploma,5.05,20,5,0,15,148,400,132,178,Not Approved
Institution_1858,Rural,Combined,13.82,16,4,40,8,239,500,132,422,Approved
Institution_6129,Non-Rural,Diploma,0.93,20,5,0,15,274,550,132,206,Not Approved
Institution_8031,Rural,PG,6.9,8,2,20,8,236,550,132,533,Not Approved
Institution_4259,Non-Rural,UG,1.44,4,1,0,2,209,550,132,192,Not Approved
Institution_9763,Non-Rural,PG,0.94,8,2,20,6,256,600,132,280,Not Approved
Institution_7433,Rural,Diploma,9.62,8,2,0,6,267,600,132,579,Approved
Institution_7118,Rural,Diploma,9.02,8,2,0,8,284,500,132,374,Approved
Institution_3961,Rural,UG,11.64,4,1,0,4,121,550,132,151,Not Approved
Institution_3882,Non-Rural,Diploma,0.79,4,1,0,1,123,550,132,490,Not Approved
Institution_2541,Rural,PG,11.46,16,4,40,16,72,500,132,461,Not Approved
Institution_7305,Non-Rural,Diploma,1.36,8,2,0,2,161,450,132,203,Not Approved
Institution_8585,Non-Rural,Combined,0.64,16,4,40,4,54,600,132,191,Not Approved
Institution_7389,Rural,PG,14.44,8,2,20,2,150,400,132,568,Approved
Institution_7524,Non-Rural,PG,2.06,12,3,30,12,186,550,132,456,Not Approved
Institution_2266,Non-Rural,Diploma,1.3,8,2,0,2,68,550,132,278,Not Approved
Institution_3621,Rural,UG,10.62,16,4,0,8,181,500,132,442,Approved
Institution_6934,Non-Rural,Diploma,0.84,20,5,0,15,229,550,132,247,Not Approved
Institution_6491,Non-Rural,Diploma,1.37,20,5,0,15,179,450,132,316,Not Approved
Institution_7667,Non-Rural,PG,1.58,12,3,30,6,144,500,132,452,Not Approved
Institution_7113,Non-Rural,Combined,1.73,16,4,40,16,70,650,132,274,Not Approved
Institution_4408,Rural,Combined,10.27,20,5,50,20,287,400,132,297,Approved
Institution_9414,Non-Rural,PG,4.47,16,4,40,12,276,650,132,132,Approved
Institution_7557,Non-Rural,PG,3.5,8,2,20,4,284,650,132,173,Approved
Institution_9583,Non-Rural,UG,1.57,4,1,0,1,241,600,132,247,Not Approved
Institution_1370,Rural,UG,14.08,20,5,0,20,177,600,132,229,Approved
Institution_2961,Non-Rural,PG,3.07,16,4,40,4,125,650,132,164,Not Approved
Institution_3524,Non-Rural,Diploma,1.01,16,4,0,8,223,400,132,296,Not Approved
Institution_8166,Rural,UG,10.57,16,4,0,12,223,600,132,507,Approved
Institution_7793,Rural,Combined,11.07,16,4,40,12,60,650,132,280,Not Approved
Institution_8560,Rural,Combined,9.54,12,3,30,6,288,500,132,172,Approved
Institution_9389,Non-Rural,PG,3.15,4,1,10,3,106,400,132,593,Not Approved
Institution_8546,Non-Rural,Diploma,1.13,16,4,0,16,99,600,132,284,Not Approved
Institution_1045,Non-Rural,UG,3.52,16,4,0,8,137,650,132,202,Not Approved
Institution_2154,Rural,Diploma,3.74,8,2,0,6,259,450,132,488,Not Approved
Institution_6228,Rural,Diploma,6.32,12,3,0,9,140,650,132,128,Not Approved
Institution_1672,Non-Rural,Combined,2.51,12,3,30,12,173,450,132,450,Approved
Institution_5935,Non-Rural,Combined,3.43,16,4,40,16,232,400,132,234,Approved
Institution_2419,Rural,Diploma,3.11,4,1,0,4,195,650,132,193,Not Approved
Institution_1208,Non-Rural,PG,2.7,12,3,30,9,68,450,132,428,Not Approved
Institution_3336,Non-Rural,Combined,4.77,8,2,20,8,157,650,132,506,Approved
Institution_4619,Rural,Diploma,9.17,16,4,0,8,278,600,132,292,Approved
Institution_9739,Rural,UG,6.94,8,2,0,8,266,650,132,362,Not Approved
Institution_3613,Non-Rural,Diploma,1.04,20,5,0,10,215,650,132,272,Not Approved
Institution_6510,Non-Rural,Combined,4.92,8,2,20,6,222,600,132,496,Approved
Institution_7307,Non-Rural,Combined,3.25,20,5,50,20,148,650,132,221,Not Approved
Institution_7946,Rural,PG,12.95,20,5,50,20,153,500,132,350,Approved
Institution_5101,Rural,Diploma,10.0,16,4,0,4,99,600,132,454,Not Approved
Institution_4951,Rural,Combined,12.73,4,1,10,3,189,500,132,586,Approved
Institution_2784,Rural,Combined,13.41,4,1,10,2,163,400,132,252,Approved
Institution_3419,Rural,PG,10.8,4,1,10,4,138,500,132,364,Not Approved
Institution_6125,Rural,Combined,8.48,4,1,10,3,206,650,132,123,Approved
Institution_2833,Non-Rural,Combined,3.52,4,1,10,1,268,550,132,430,Approved
Institution_2989,Non-Rural,UG,2.73,4,1,0,3,166,450,132,120,Approved
Institution_8004,Rural,PG,10.37,8,2,20,6,240,600,132,549,Approved
Institution_9542,Rural,UG,7.23,12,3,0,6,121,450,132,389,Not Approved
Institution_2058,Rural,PG,9.85,12,3,30,6,270,600,132,310,Not Approved
Institution_2238,Rural,Diploma,5.68,20,5,0,5,256,550,132,239,Approved
Institution_2391,Rural,UG,12.58,12,3,0,3,285,600,132,284,Approved
Institution_6338,Rural,PG,7.82,16,4,40,16,212,400,132,591,Not Approved
Institution_9229,Non-Rural,Diploma,0.88,4,1,0,2,154,550,132,245,Not Approved
Institution_9945,Non-Rural,PG,2.99,12,3,30,6,217,650,132,400,Approved
Institution_7811,Non-Rural,PG,2.66,16,4,40,8,69,650,132,345,Not Approved
Institution_1670,Non-Rural,Diploma,1.47,4,1,0,2,209,500,132,160,Not Approved
Institution_4157,Rural,Combined,10.25,12,3,30,12,220,550,132,239,Approved
Institution_3703,Non-Rural,Combined,4.11,8,2,20,2,58,550,132,367,Not Approved
Institution_7109,Non-Rural,UG,3.49,4,1,0,1,155,600,132,468,Approved
Institution_4807,Non-Rural,Diploma,1.62,16,4,0,12,144,550,132,453,Not Approved
Institution_8828,Non-Rural,Combined,1.8,12,3,30,12,210,400,132,482,Approved
Institution_7677,Rural,PG,8.22,12,3,30,3,97,650,132,311,Not Approved
Institution_8698,Rural,UG,11.24,20,5,0,15,151,550,132,223,Approved
Institution_7730,Non-Rural,Diploma,0.89,20,5,0,15,300,450,132,288,Not Approved
Institution_5058,Rural,Combined,6.4,12,3,30,9,163,550,132,467,Approved
Institution_4552,Rural,Combined,14.63,4,1,10,2,128,450,132,186,Not Approved
Institution_7101,Non-Rural,UG,1.53,8,2,0,4,127,650,132,329,Not Approved
Institution_7745,Rural,Combined,14.78,8,2,20,4,287,650,132,401,Approved
Institution_4852,Rural,Diploma,8.68,8,2,0,2,72,650,132,199,Not Approved
Institution_3610,Non-Rural,Combined,3.2,12,3,30,9,86,600,132,450,Not Approved
Institution_1413,Non-Rural,Diploma,0.71,20,5,0,10,70,550,132,170,Not Approved
Institution_9264,Non-Rural,Diploma,1.31,20,5,0,5,153,500,132,143,Not Approved
Institution_9749,Non-Rural,Diploma,1.43,4,1,0,4,242,500,132,466,Not Approved
Institution_1992,Non-Rural,UG,4.62,16,4,0,12,82,500,132,519,Not Approved
Institution_9065,Non-Rural,Diploma,1.1,4,1,0,1,187,550,132,474,Not Approved
Institution_5245,Rural,Diploma,6.26,4,1,0,3,235,400,132,197,Approved
Institution_5290,Rural,Diploma,8.29,12,3,0,3,85,450,132,416,Not Approved
Institution_4088,Non-Rural,Combined,4.73,4,1,10,2,247,500,132,532,Approved
Institution_8229,Non-Rural,UG,2.45,12,3,0,3,94,600,132,382,Not Approved
Institution_2962,Rural,UG,14.4,4,1,0,1,293,500,132,452,Approved
Institution_1136,Non-Rural,PG,3.36,4,1,10,2,121,550,132,126,Not Approved
Institution_3218,Rural,PG,13.21,20,5,50,5,216,400,132,470,Approved
Institution_2867,Rural,UG,7.88,20,5,0,20,93,550,132,423,Not Approved
Institution_1280,Rural,PG,7.69,16,4,40,4,168,600,132,257,Not Approved
Institution_6722,Non-Rural,Diploma,1.48,8,2,0,2,248,500,132,130,Not Approved
Institution_3059,Non-Rural,UG,3.89,16,4,0,16,116,650,132,257,Not Approved
Institution_1461,Non-Rural,Diploma,1.0,8,2,0,2,79,650,132,433,Not Approved
Institution_2889,Rural,PG,9.6,4,1,10,1,193,450,132,416,Not Approved
Institution_2653,Rural,PG,6.33,12,3,30,6,212,400,132,148,Not Approved
Institution_8525,Rural,Combined,5.5,8,2,20,6,106,400,132,394,Not Approved
Institution_4978,Rural,Combined,10.41,16,4,40,16,206,500,132,321,Approved
Institution_5287,Rural,PG,6.5,4,1,10,4,229,450,132,427,Not Approved
Institution_9992,Non-Rural,UG,3.18,4,1,0,3,58,550,132,309,Not Approved
Institution_2208,Rural,UG,7.95,8,2,0,6,200,650,132,146,Not Approved
Institution_6921,Rural,Diploma,2.37,8,2,0,2,168,400,132,166,Not Approved
Institution_5495,Non-Rural,Combined,2.63,12,3,30,9,101,650,132,100,Not Approved
Institution_1772,Non-Rural,PG,3.17,4,1,10,1,142,550,132,497,Not Approved
Institution_7645,Rural,UG,9.43,20,5,0,15,74,600,132,425,Not Approved
Institution_3605,Non-Rural,Diploma,1.56,20,5,0,5,236,500,132,572,Approved
Institution_6218,Rural,UG,10.94,12,3,0,6,198,650,132,477,Approved
Institution_8349,Rural,PG,13.02,8,2,20,8,197,450,132,243,Approved
Institution_9353,Rural,PG,13.96,4,1,10,3,205,400,132,281,Approved
Institution_5275,Rural,Combined,13.25,20,5,50,15,211,500,132,271,Approved
Institution_1188,Non-Rural,UG,2.69,12,3,0,6,266,600,132,492,Approved
Institution_7239,Non-Rural,UG,2.73,16,4,0,4,273,450,132,342,Approved
Institution_6674,Rural,Diploma,9.53,12,3,0,12,200,400,132,271,Approved
Institution_2108,Rural,PG,7.83,20,5,50,20,241,550,132,499,Not Approved
Institution_2150,Non-Rural,PG,4.55,4,1,10,4,171,600,132,240,Approved
Institution_8357,Rural,Diploma,6.27,4,1,0,4,236,550,132,190,Approved
Institution_2357,Non-Rural,Diploma,1.54,16,4,0,12,77,600,132,299,Not Approved
Institution_2905,Rural,PG,6.27,8,2,20,4,276,550,132,161,Not Approved
Institution_3171,Non-Rural,Diploma,1.4,20,5,0,15,151,400,132,524,Not Approved
Institution_4565,Rural,UG,14.31,12,3,0,3,192,500,132,152,Approved
Institution_6753,Rural,PG,14.81,4,1,10,1,98,450,132,598,Not Approved
Institution_6686,Rural,UG,5.86,4,1,0,1,221,450,132,513,Not Approved
Institution_7919,Non-Rural,UG,3.64,8,2,0,8,169,650,132,123,Approved
Institution_8648,Rural,Combined,12.42,4,1,10,4,201,550,132,541,Approved
Institution_6197,Non-Rural,Combined,1.42,8,2,20,4,223,500,132,504,Approved
Institution_4582,Non-Rural,PG,3.43,16,4,40,4,182,650,132,512,Approved
Institution_9412,Non-Rural,UG,3.63,20,5,0,20,177,650,132,231,Approved
Institution_9772,Rural,Combined,6.91,12,3,30,6,106,500,132,319,Not Approved
Institution_9903,Rural,Combined,9.46,8,2,20,6,224,650,132,578,Approved
Institution_4942,Non-Rural,UG,4.89,20,5,0,20,212,450,132,198,Approved
Institution_7086,Rural,Diploma,6.64,16,4,0,8,210,500,132,359,Approved
Institution_3966,Non-Rural,Combined,3.31,4,1,10,1,209,400,132,346,Approved
Institution_1736,Rural,Combined,14.08,20,5,50,5,297,450,132,370,Approved
Institution_6098,Non-Rural,PG,1.42,16,4,40,4,142,400,132,129,Not Approved
Institution_6177,Non-Rural,Combined,2.13,16,4,40,12,276,650,132,427,Approved
Institution_9230,Non-Rural,UG,4.15,8,2,0,8,51,600,132,204,Not Approved
Institution_1368,Non-Rural,PG,3.02,12,3,30,3,238,450,132,129,Approved
Institution_5261,Rural,Combined,11.08,16,4,40,16,90,600,132,572,Not Approved
Institution_9515,Non-Rural,UG,4.35,8,2,0,2,132,500,132,566,Not Approved
Institution_4366,Rural,Diploma,3.13,8,2,0,6,193,450,132,208,Not Approved
Institution_1433,Rural,PG,7.93,12,3,30,3,248,450,132,395,Not Approved
Institution_4002,Non-Rural,PG,4.87,12,3,30,3,210,600,132,326,Approved
Institution_8553,Rural,PG,10.11,12,3,30,12,93,500,132,174,Not Approved
Institution_6223,Rural,Combined,6.56,20,5,50,20,243,550,132,134,Approved
Institution_1856,Non-Rural,Combined,1.81,20,5,50,15,143,450,132,252,Not Approved
Institution_2768,Rural,Combined,5.43,8,2,20,4,93,600,132,432,Not Approved
Institution_6921,Non-Rural,Combined,1.47,4,1,10,1,208,550,132,214,Approved
Institution_5086,Rural,PG,10.28,12,3,30,9,90,550,132,319,Not Approved
Institution_3800,Non-Rural,Combined,2.05,20,5,50,10,54,450,132,442,Not Approved
Institution_1783,Rural,PG,9.24,12,3,30,9,105,500,132,227,Not Approved
Institution_6809,Rural,Diploma,4.32,16,4,0,16,109,550,132,321,Not Approved
Institution_3221,Rural,Combined,11.76,16,4,40,12,109,550,132,301,Not Approved
Institution_6737,Rural,PG,13.4,16,4,40,8,99,400,132,269,Not Approved
Institution_2607,Non-Rural,Combined,1.61,16,4,40,8,276,650,132,190,Approved
Institution_9325,Rural,UG,13.43,20,5,0,5,71,500,132,195,Not Approved
Institution_7562,Rural,UG,10.11,20,5,0,15,63,450,132,351,Not Approved
Institution_5481,Rural,PG,10.78,12,3,30,9,286,600,132,557,Approved
Institution_1994,Rural,PG,8.26,12,3,30,3,194,650,132,446,Not Approved
Institution_5223,Rural,Combined,7.69,12,3,30,3,232,550,132,132,Approved
Institution_1734,Non-Rural,Combined,4.63,8,2,20,4,241,400,132,302,Approved
Institution_5710,Rural,Diploma,7.16,16,4,0,4,245,450,132,174,Approved
Institution_6295,Non-Rural,Diploma,0.76,20,5,0,10,110,500,132,125,Not Approved
Institution_4011,Non-Rural,PG,2.37,20,5,50,20,156,450,132,430,Not Approved
Institution_8835,Non-Rural,PG,1.58,12,3,30,12,237,500,132,310,Not Approved
Institution_6991,Non-Rural,Diploma,1.27,16,4,0,12,278,500,132,459,Not Approved
Institution_6987,Rural,PG,13.79,8,2,20,6,202,450,132,221,Approved
Institution_7665,Non-Rural,PG,1.64,20,5,50,20,272,400,132,246,Not Approved
Institution_9027,Rural,Diploma,4.33,4,1,0,1,278,400,132,419,Not Approved
Institution_4944,Rural,PG,14.94,20,5,50,15,243,400,132,519,Approved
Institution_9055,Rural,Diploma,2.52,20,5,0,20,196,450,132,416,Not Approved
Institution_1685,Non-Rural,PG,2.55,16,4,40,4,227,600,132,244,Approved
Institution_3084,Non-Rural,Combined,4.36,20,5,50,10,156,550,132,562,Approved
Institution_5014,Non-Rural,PG,3.28,8,2,20,6,194,400,132,343,Approved
Institution_8565,Non-Rural,UG,0.75,16,4,0,16,134,500,132,104,Not Approved
Institution_7092,Non-Rural,PG,1.77,8,2,20,2,285,500,132,200,Not Approved
Institution_4197,Non-Rural,Combined,2.05,8,2,20,8,116,450,132,265,Not Approved
Institution_1804,Non-Rural,Combined,0.94,8,2,20,8,166,550,132,108,Approved
Institution_8797,Non-Rural,Diploma,0.97,4,1,0,4,261,650,132,568,Not Approved
Institution_5576,Non-Rural,UG,2.95,20,5,0,20,276,550,132,450,Approved
Institution_1939,Non-Rural,PG,3.59,12,3,30,3,166,500,132,190,Approved
Institution_2181,Non-Rural,Diploma,0.9,16,4,0,8,209,550,132,134,Not Approved
Institution_1853,Non-Rural,PG,2.24,8,2,20,6,249,650,132,320,Not Approved
Institution_4860,Non-Rural,UG,3.86,20,5,0,15,277,450,132,213,Approved
Institution_7610,Non-Rural,Diploma,1.88,16,4,0,12,75,650,132,572,Not Approved
Institution_9670,Rural,UG,10.01,20,5,0,10,99,550,132,541,Not Approved
Institution_7660,Rural,PG,5.49,12,3,30,9,156,650,132,353,Not Approved
Institution_7856,Non-Rural,Combined,2.39,20,5,50,15,119,600,132,548,Not Approved
Institution_1859,Rural,Diploma,8.27,20,5,0,20,194,550,132,197,Approved
Institution_4181,Non-Rural,Combined,4.72,4,1,10,1,222,550,132,532,Approved
Institution_8554,Non-Rural,Combined,3.07,16,4,40,4,258,650,132,233,Approved
Institution_7236,Non-Rural,PG,2.07,4,1,10,2,239,500,132,541,Not Approved
Institution_4575,Non-Rural,Combined,3.07,20,5,50,10,288,450,132,409,Approved
Institution_5172,Non-Rural,PG,1.44,20,5,50,15,242,550,132,450,Not Approved
Institution_2636,Non-Rural,PG,2.03,12,3,30,3,56,650,132,539,Not Approved
Institution_7774,Non-Rural,Combined,4.22,4,1,10,1,299,500,132,294,Approved
Institution_7608,Non-Rural,UG,2.18,16,4,0,4,255,550,132,481,Not Approved
Institution_4766,Rural,UG,9.46,4,1,0,4,234,450,132,426,Not Approved
Institution_2717,Non-Rural,PG,1.13,20,5,50,10,200,650,132,395,Not Approved
Institution_9756,Non-Rural,Diploma,1.35,16,4,0,4,264,650,132,134,Not Approved
Institution_6719,Non-Rural,Combined,4.36,4,1,10,1,187,450,132,221,Approved
Institution_6963,Non-Rural,Diploma,0.54,8,2,0,6,211,500,132,557,Not Approved
Institution_8377,Rural,Combined,6.56,20,5,50,15,118,600,132,255,Not Approved
Institution_5625,Rural,UG,5.55,12,3,0,3,296,650,132,555,Not Approved
Institution_1044,Rural,PG,7.2,4,1,10,3,120,450,132,151,Not Approved
Institution_3136,Rural,Diploma,9.57,4,1,0,1,96,400,132,317,Not Approved
Institution_9783,Non-Rural,PG,1.06,4,1,10,2,264,650,132,285,Not Approved
Institution_1182,Non-Rural,UG,4.02,16,4,0,16,220,400,132,371,Approved
Institution_1272,Rural,PG,11.22,4,1,10,3,195,650,132,149,Approved
Institution_3558,Rural,Diploma,4.44,12,3,0,6,131,450,132,128,Not Approved
Institution_6368,Non-Rural,UG,1.78,4,1,0,4,221,550,132,335,Not Approved
Institution_1929,Non-Rural,Diploma,1.08,4,1,0,4,288,600,132,536,Not Approved
Institution_9431,Rural,UG,6.94,8,2,0,6,192,650,132,109,Not Approved
Institution_6933,Rural,PG,11.48,4,1,10,3,130,400,132,382,Not Approved
Institution_4415,Non-Rural,PG,1.18,4,1,10,4,152,450,132,256,Not Approved
Institution_4620,Non-Rural,PG,4.47,12,3,30,9,265,650,132,458,Approved
Institution_8328,Non-Rural,UG,2.73,4,1,0,4,133,600,132,340,Not Approved
Institution_9493,Rural,Diploma,4.69,4,1,0,4,123,550,132,294,Not Approved
Institution_5551,Non-Rural,PG,3.99,8,2,20,4,226,550,132,133,Approved
Institution_3381,Non-Rural,UG,3.7,4,1,0,2,265,650,132,217,Approved
Institution_3269,Non-Rural,PG,4.04,12,3,30,9,136,600,132,556,Not Approved
Institution_4679,Non-Rural,UG,1.62,20,5,0,5,264,400,132,258,Not Approved
Institution_1475,Rural,Diploma,9.24,12,3,0,6,215,400,132,158,Approved
